title,SMILES,DOCKING_SCORE
1276,NC(=O)c1cccc2c1-c1cc(O)ccc1N1C(c3cncc(Cn4cnn5cccc45)c3)=C3NC(=O)c4c(N)[nH+]cc5c4N3[C@@H](CC5)[C@H]1C2,-9.912
5,Nc1ncnc2c1ncn2[C@@H]1CC[NH2+]C1,-8.211
18,CCC(=O)NC[C@@H]1O[C@@H](N2C=NC3=NCN=C4N=CN=C2[C@@H]43)[C@@H](O)[C@H]1O,-8.148
1035,C[NH2+]Cc1cccc2c1-c1cccc(C)c1N1C(C3=CN(C[C@@H]4CCC(=O)NC4)C(=O)C3)=C3NC(=O)c4c(N)[nH+]cc5c4N3[C@@H](CC5)[C@H]1C2,-8.145
1763,NC(=O)c1ccc2c(c1)-c1ccc3c(c1C[C@H]1[C@H]4CCc5c[nH+]c(N)c6c5N4[C@@H](NC6=O)C(c4c(O)ccc(CN5CCC(=O)C5)c4O)=[N+]21)OCCO3,-8.01
2135,NC(=O)c1ccc2c(c1)-c1c(O)cc3c(c1C[C@H]1[C@H]4CCc5c[nH+]c(N)c6c5N4[C@@H](NC6=O)C(c4c(O)ccc(CN5CCOCC5)c4O)=[N+]21)OCCO3,-7.816
64,NC(=O)C[C@H](CO)N(C[NH+]1CCOCC1)[C@@H]1C=C2c3c(-c4cn[nH]c4)cnn3C(=O)N[C@H]2C1,-7.767
54,CC1=CCN(CN(C2=C=c3[nH]c(=O)n4ncc(-c5cn[nH]c5)c4c3=C2)[C@H](CO)CC(N)=O)C1,-7.615
1586,COc1ccc(O)c2c1C[C@@H]1[C@H]3CCc4c[nH+]c(N)c5c4N3[C@@H](NC5=O)C(c3c(O)ccc(Cc4ccccn4)c3O)=[N+]1c1ccc(C(=O)[O-])cc1-2,-7.321
1717,COc1ccc(O)c2c1C[C@@H]1[C@@H]3CCc4c[nH+]c(N)c5c4N3[C@H](NC5=O)C(c3c(O)ccc(Cc4cn(C)c[nH+]4)c3O)=[N+]1c1ccc(C(=O)[O-])cc1-2,-7.215
1409,COc1ccc2c(c1O)C[C@H]1[C@H]3CCc4c[nH+]c(N)c5c4N3[C@H](NC5=O)C(c3c(O)ccc([C@@H]4OCC[C@H]4O)c3O)=[N+]1c1ccc(C(=O)[O-])cc1-2,-7.191
4,Nc1ccc(C2=CC=NC2)c(=O)[nH]1,-7.169
1298,Nc1[nH+]cc2c3c1C(=O)N[C@H]1C(c4c(O)ccc(Cc5cc[nH]n5)c4O)=[N+]4c5ccc(C(=O)[O-])cc5-c5ccc(F)c(O)c5C[C@H]4[C@@H](CC2)N31,-7.131
110,CCCc1cc2c(=O)[nH]c3c(c2c2c1C(=O)N=CC2)N=CN[C@H]3c1ccccc1Cc1ccccc1,-7.085
1755,Nc1[nH+]cc2c3c1C(=O)NC1=C(c4c(O)ccc(Cc5n[nH]c(=O)cc5[O-])c4O)N4c5ccc(C(=O)O)cc5-c5ccc(F)c(O)c5C[C@H]4[C@@H](CC2)N13,-7.023
1838,COc1ccc2c(c1OC)C[C@@H]1[C@H]3CCc4c[nH+]c(N)c5c4N3[C@H](NC5=O)C(c3c(O)ccc(C[N@@H+](C)CC(=O)[O-])c3O)=[N+]1c1ccc(C(=O)[O-])cc1-2,-7.019
2,[N-]=c1nc(N)nc2[nH][n-]cc1-2,-6.947
1602,Nc1[nH+]cc2c3c1C(=O)N[C@@H]1C(c4c(O)ccc(C[NH+]5CCCC5)c4O)=[N+]4c5ccc(C(=O)[O-])cc5-c5ccc6c(c5C[C@@H]4[C@H](CC2)N31)OC=CO6,-6.925
34,CC(=O)CNC(=O)c1c(N)[nH+]cc2c1N[C@@H]([C@@H]1CC[N@H+](Cc3cnon3)CN1)CC2,-6.922
486,NC(=O)c1cccc2c1-c1ccccc1N1C(c3cncc(C[N@H+]4CC[NH2+]C4)c3)=C3NC(=O)c4c(N)[nH+]cc5c4N3[C@@H](CC5)[C@H]1C2,-6.886
1618,COc1c(O)cc(O)c2c1C[C@H]1[C@H]3CCc4cnc(N)c5c4N3[C@H](NC5=O)C(c3c(O)ccc(C[N@@H+](C)CCO)c3O)=[N+]1c1ccc(C(=O)[O-])cc1-2,-6.764
946,C[NH+](C)Cc1ccc2c(c1)-c1cccc(O)c1C[C@@H]1[C@@H]3CCc4c[nH+]c(N)c5c4N3[C@H](NC5=O)C(c3c(O)ccc(C[NH+](C)C)c3O)=[N+]21,-6.734
1766,Nc1[nH+]cc2c3c1C(=O)N[C@H]1C(c4c(O)ccc(CN5CCOCC5)c4O)=[N+]4c5ccc(C(=O)[O-])cc5-c5ccc6c(c5C[C@@H]4[C@@H](CC2)N31)OCCO6,-6.69
1645,Nc1[nH+]cc2c3c1C(=O)N[C@@H]1C(c4c(O)ccc(/C=C5/CC([O-])=CN5O)c4O)=[N+]4c5ccc(C(=O)[O-])cc5-c5c(O)ccc(O)c5C[C@@H]4[C@H](CC2)N31,-6.666
1595,COc1ccc(O)c2c1C[C@@H]1[C@H]3CCc4c[nH+]c(N)c5c4N3[C@@H](NC5=O)C(c3c(O)ccc(Cc4n[n-]nc4C)c3O)=[N+]1c1ccc(C(=O)[O-])cc1-2,-6.636
7,Nc1nc(N)c2c(=O)c3c(O)ccc4c3n(c2n1)C[C@@H](O)C4,-6.635
1677,COc1ccc2c(c1O)C[C@@H]1[C@@H]3CCc4c[nH+]c(N)c5c4N3[C@H](NC5=O)C(c3c(O)ccc([C@@H]4OC[C@@H](F)[C@H]4O)c3O)=[N+]1c1ccc(C(=O)[O-])cc1-2,-6.628
1817,Nc1[nH+]cc2c3c1C(=O)N[C@H]1C(c4c(O)ccc(C[N@H+]5CC[C@@H](O)C5)c4[O-])=[N+]4c5ccc(C(=O)[O-])cc5-c5ccc6c(c5C[C@@H]4[C@H](CC2)N31)OCCO6,-6.621
620,NC(=O)c1cccc2c1-c1ccccc1N1C(c3cncc(CN4CCCOC4)c3)=C3NC(=O)c4c(N)[nH+]cc5c4N3[C@@H](CC5)[C@H]1C2,-6.6
1849,COc1ccc(O)c2c1C[C@@H]1[C@@H]3CCc4c[nH+]c(N)c5c4N3[C@H](NC5=O)C(c3c(O)ccc(C[C@@H]4C=CC(=O)N4O)c3O)=[N+]1c1ccc(C(=O)[O-])cc1-2,-6.593
823,Nc1[nH+]cc2c3c1C(=O)NC1=C(c4cncc(C[N@H+]5CC[NH2+]C5)c4)N4c5ccc(O)cc5-c5c(cc(F)cc5C(=O)[O-])C[C@H]4[C@@H](CC2)N13,-6.553
1823,COc1ccc(O)c2c1C[C@@H]1[C@@H]3CCc4c[nH+]c(N)c5c4N3[C@H](NC5=O)C(c3c(O)ccc(Cc4cc(O)ccn4)c3O)=[N+]1c1ccc(C(=O)[O-])cc1-2,-6.526
25,Cc1c([O-])[nH]c(=O)c2cc(CNC(=O)c3ccc(O)cc3)c(CNCC[NH3+])nc12,-6.519
1673,Nc1[nH+]cc2c3c1C(=O)N[C@@H]1C(c4c(O)ccc(Cc5cc(=O)cc[nH]5)c4O)=[N+]4c5ccc(C(=O)[O-])cc5-c5c(O)ccc(O)c5C[C@@H]4[C@H](CC2)N31,-6.494
839,C[NH2+]Cc1cc(F)cc2c1-c1cccc(C)c1N1C(C3=CN(CC(C)(C)CO)C(=O)C3)=C3NC(=O)c4c(N)[nH+]cc5c4N3[C@@H](CC5)[C@@H]1C2,-6.442
1793,C[N@H+](CCO)Cc1ccc(O)c(C2=[N+]3c4ccc(C(=O)[O-])cc4-c4c(O)cc5c(c4C[C@@H]3[C@H]3CCc4c[nH+]c(N)c6c4N3[C@H]2NC6=O)OCCO5)c1O,-6.434
1626,NC(=O)c1cccc2c1-c1cc(O)ccc1N1C(c3cncc(Cn4c[nH+]c5c([O-])cccc54)c3)=C3NC(=O)c4c(N)[nH+]cc5c4N3[C@@H](CC5)[C@H]1C2,-6.43
1357,NC(=O)c1cccc2c1-c1cc(O)ccc1N1C(c3cncc(CN4C=NN5CC=CC=C45)c3)=C3NC(=O)c4c(N)[nH+]cc5c4N3[C@@H](CC5)[C@H]1C2,-6.414
1636,COc1ccc(O)c2c1C[C@@H]1[C@@H]3CCc4c[nH+]c(N)c5c4N3[C@H](NC5=O)C(c3c(O)ccc(CC4=CNNN4O)c3O)=[N+]1c1ccc(C(=O)[O-])cc1-2,-6.399
12,O=C1C=CC2=C(c3ccoc3)C3=C(CC2=C1)C(=O)NC(=O)C3,-6.399
1525,COc1ccc(O)c2c1C[C@@H]1[C@@H]3CCc4c[nH+]c(N)c5c4N3[C@@H](NC5=O)C(c3c(O)ccc(Cc4cc(O)n[nH]4)c3O)=[N+]1c1ccc(C(=O)[O-])cc1-2,-6.391
1761,NC(=O)c1ccc2c(c1)-c1c(O)cc3c(c1C[C@@H]1[C@H]4CCc5c[nH+]c(N)c6c5N4[C@@H](NC6=O)C(c4c(O)ccc(C[NH+]5CCCC5)c4O)=[N+]21)OCCO3,-6.386
218,C=C1C=C2[C@H]3CCc4cnc(N)c5c(=O)nc(n3c45)[C@@H](C3=CN(CCC)CC3)N2[C@H](C(C)C)c2nc(CO)ccc21,-6.376
82,CCCCCC/C=C/C[N@@H+]1CC(=O)N[C@@H]2[C@@H]3[C@H]1CC[C@@H]3N1C(=O)C(=O)Nc3cc(O)ccc3[C@@H]21,-6.367
1251,Nc1[nH+]cc2c3c1C(=O)N[C@@H]1C(c4c(O)ccc(Cc5ccn[nH]5)c4O)=[N+]4c5ccc(C(=O)[O-])cc5-c5c(O)ccc(O)c5C[C@@H]4[C@H](CC2)N31,-6.361
157,CCCCOC(=O)c1cc2cccc(C(=O)c3ccccc3)c2nc1NCc1ccc2cc(O)ccc2c1,-6.358
968,Nc1[nH+]cc2c3c1C(=O)NC1=C(c4cncc(CN5CCNC5=O)c4)N4c5ccc(O)c6c5-c5c(cccc5C(=O)C6)C[C@@H]4[C@H](CC2)N13,-6.356
1598,COc1ccc(O)c2c1C[C@H]1[C@H]3CCc4c[nH+]c(N)c5c4N3[C@H](NC5=O)C(c3c(O)ccc(C[C@@H]4CN(C)N=N4)c3O)=[N+]1c1ccc(C(=O)[O-])cc1-2,-6.34
26,C[C@@H]1Nc2cc(O)cc3c2[C@H]2[C@H]4[C@H](CN2C(=O)C(N)=N3)C[C@@]([NH3+])(C(O)O)CC(=O)N41,-6.333
1932,COc1ccc(O)c2c1C[C@@H]1[C@@H]3CCc4c[nH+]c(N)c5c4N3[C@H](NC5=O)C(c3c(O)ccc(Cc4cc([O-])cnn4)c3O)=[N+]1c1ccc(C(=O)[O-])cc1-2,-6.32
464,Nc1[nH+]cc2c3c1C(=O)NC1=C(c4cncc(C[N@H+]5CC[NH2+]C5)c4)N4c5ccccc5-c5c(CO)cccc5C[C@@H]4[C@@H](CC2)N13,-6.314
352,C[C@H](O)COC/C=C1\c2cccc3cccc(c23)C[C@@H]2[C@H]3CCc4cnc(N)c5c(=O)nc(n3c45)[C@@H](c3ccccc3O)N12,-6.312
1022,C[NH2+]Cc1ccc(O)c(C2=[N+]3c4ccc(C(=O)[O-])cc4-c4ccc(OC)c(OC)c4C[C@H]3[C@H]3CCc4cnc(N)c5c4N3[C@H]2NC5=O)c1O,-6.299
1221,Nc1[nH+]cc2c3c1C(=O)N[C@@H]1C(c4c(O)ccc(CC5=CCNN5)c4O)=[N+]4c5ccc(C(=O)[O-])cc5-c5c(O)ccc(O)c5C[C@@H]4[C@H](CC2)N31,-6.292
831,C[NH2+]Cc1cc(F)cc2c1-c1cccc(C)c1N1C(C3=CN(C[C@@H]4CC[NH2+]C4)C(=O)C3)=C3NC(=O)c4c(N)[nH+]cc5c4N3[C@H](CC5)[C@@H]1C2,-6.273
429,Nc1ncc2c3c1c(=O)nc1n3[C@H](CC2)[C@H]2Cc3cccc4cc(O)cc(c34)/C(=C\COCC(O)O)N2[C@@H]1c1ccccc1O,-6.245
577,C[C@H](O)COC/C=C1\c2cc(O)cc3cc(F)cc(c23)C[C@@H]2[C@H]3CCc4cnc(N)c5c(=O)nc(n3c45)[C@@H](c3ccc(O)cc3O)N12,-6.24
614,Nc1[nH+]cc2c3c1C(=O)NC1=C(c4cncc(CN5C=[NH+]CC5)c4)N4c5ccc(O)c6c5-c5c(cccc5C(=O)C6)C[C@@H]4[C@H](CC2)N13,-6.233
364,C=c1cc2n(c3c(C)ccc4c(C(=O)[O-])ccc1c43)[C@H](c1ccn(CCCO)c1)[C@@H]1NC(=O)c3c(N)[nH+]cc4c3N1[C@H]2CC4,-6.209
566,COc1cccc2c1C[C@@H]1[C@@H]3CCc4c[nH+]c(N)c5c4N3[C@H](NC5=O)C(c3c(O)ccc(C(N)=O)c3[O-])=[N+]1c1ccc(C(=O)[O-])cc1-2,-6.208
1665,Nc1[nH+]cc2c3c1C(=O)N[C@@H]1C(c4c(O)ccc(CC5=CC(=O)C=C=N5)c4O)=[N+]4c5ccc(C(=O)[O-])cc5-c5c(O)ccc(O)c5C[C@@H]4[C@H](CC2)N31,-6.203
1820,Nc1[nH+]cc2c3c1C(=O)N[C@@H]1C(c4c(O)ccc(/C=C5\C=C(O)CCN5O)c4O)=[N+]4c5ccc(C(=O)[O-])cc5-c5c(O)ccc(O)c5C[C@@H]4[C@@H](CC2)N31,-6.194
1762,Nc1[nH+]cc2c3c1C(=O)N[C@@H]1C(c4c(O)ccc(CC5=CC(O)=CCN5O)c4O)=[N+]4c5ccc(C(=O)[O-])cc5-c5c(O)ccc(O)c5C[C@H]4[C@@H](CC2)N31,-6.192
2191,Nc1[nH+]cc2c3c1C(=O)NC1=C4c5c(O)ccc(c5O)C[N@H+]5CC[C@H](Cc6cc7c(cc6C(=O)[O-])-c6c(O)cc8c(c6C[C@H]([C@H](CC2)N13)N47)OCCO8)C5,-6.191
1597,Nc1[nH+]cc2c3c1C(=O)N[C@@H]1C(c4c(O)ccc(Cc5cc(O)cnn5)c4O)=[N+]4c5ccc(C(=O)[O-])cc5-c5c(O)ccc(O)c5C[C@@H]4[C@H](CC2)N31,-6.183
999,NC(=O)c1cc(F)cc2c1-c1ccccc1N1C(c3cncc(CN4CCC[NH2+]C4)c3)=C3NC(=O)c4c(N)[nH+]cc5c4N3[C@H](CC5)[C@@H]1C2,-6.164
1556,CN1C=C(Cc2ccc(O)c(C3=[N+]4c5ccc(C(=O)[O-])cc5-c5ccc(F)c([O-])c5C[C@H]4[C@H]4CCc5c[nH+]c(N)c6c5N4[C@H]3NC6=O)c2O)N(O)C1,-6.164
1603,COc1ccc(O)c2c1C[C@@H]1[C@@H]3CCc4c[nH+]c(N)c5c4N3[C@H](NC5=O)C(c3c(O)ccc(Cc4cn(C)nn4)c3O)=[N+]1c1ccc(C(=O)[O-])cc1-2,-6.14
349,NC(=O)COC/C=C1\c2cccc3cccc(c23)C[C@@H]2[C@H]3CCc4cnc(N)c5c(=O)nc(n3c45)[C@@H](c3ccccc3O)N12,-6.136
499,CNC(=O)COC/C=C1\c2cc(O)cc3cccc(c23)C[C@@H]2[C@H]3CCc4cnc(N)c5c(=O)nc(n3c45)[C@@H](c3ccccc3O)N12,-6.126
1452,Nc1[nH+]cc2c3c1C(=O)N[C@H]1C(c4c(O)ccc(Cc5cccnn5)c4O)=[N+]4c5ccc(C(=O)[O-])cc5-c5ccc(F)c([O-])c5C[C@H]4[C@@H](CC2)N31,-6.123
475,NC(=O)COC/C=C1\c2cc(O)cc3cc(F)cc(c23)C[C@@H]2[C@H]3CCc4cnc(N)c5c(=O)nc(n3c45)[C@@H](c3ccccc3O)N12,-6.119
420,NC(=O)COC/C=C1\c2cccc3cc(F)cc(c23)C[C@@H]2[C@H]3CCc4cnc(N)c5c(=O)nc(n3c45)[C@@H](c3ccccc3O)N12,-6.116
1296,C[NH2+]Cc1cc(F)cc2c1-c1cccc(C)c1N1C(C3=CN(C[C@@]4(C)CCC[NH2+]C4)C(=O)C3)=C3NC(=O)c4c(N)[nH+]cc5c4N3[C@H](CC5)[C@@H]1C2,-6.115
523,CC(=O)n1ccc(C2=C3NC(=O)c4c(N)[nH+]cc5c4N3[C@H](CC5)[C@H]3Cc4cccc(C(N)=O)c4N=C(c4ccc(O)cc4O)N23)c1,-6.114
1278,Nc1[nH+]cc2c3c1C(=O)N[C@@H]1C(c4c(O)ccc([C@@H]5CCCO5)c4O)=[N+]4c5ccc(C(=O)[O-])cc5-c5c(O)cc(O)c(O)c5C[C@H]4[C@@H](CC2)N31,-6.113
586,NC(=O)c1ccc(O)c(C2=[N+]3c4ccc(C(=O)[O-])cc4-c4ccc(F)c([O-])c4C[C@H]3[C@H]3CCc4c[nH+]c(N)c5c4N3[C@H]2NC5=O)c1[O-],-6.108
608,C=C1C[C@@H]2[C@@H]3CCc4c[nH+]c(N)c5c4N3C(=C(c3cn(Cc4ccccc4O)cc3O)N2C2=C(C)C(=O)Cc3cccc1c32)NC5=O,-6.107
403,Nc1[nH+]cc2c3c1C(=O)NC1=C(c4cncc(C5=CN=CC5)c4)N4c5ccccc5-c5c(CO)cc(F)cc5C[C@H]4[C@@H](CC2)N13,-6.103
150,CCCCOC(=O)c1cc2cccc(C(=O)c3ccoc3)c2nc1NCc1ccc2cc(O)ccc2c1,-6.102
952,NC(=O)c1cc(F)cc2c1-c1cc(O)ccc1N1C(c3cncc(C[N@H+]4CC[NH2+]C4)c3)=C3NC(=O)c4c(N)[nH+]cc5c4N3[C@@H](CC5)[C@H]1C2,-6.096
1053,Nc1ncc2c3c1c(=O)nc1n3[C@H](CC2)[C@H]2Cc3cccc4cc(O)cc(c34)/C(=C\COCc3cccc(O)c3)N2[C@@H]1c1ccccc1O,-6.086
419,Cc1ccc2c(c1)-c1c(CO)cccc1C[C@@H]1[C@@H]3CCc4c[nH+]c(N)c5c4N3C(=C(c3cncc([C@@H]4C=[NH+]CC4)c3)N21)NC5=O,-6.084
942,C=CC(=O)COC/C=C1\c2cc(O)cc3cc(F)cc(c23)C[C@@H]2[C@H]3CCc4cnc(N)c5c(=O)nc(n3c45)[C@@H](c3ccc(O)cc3O)N12,-6.048
1438,COc1cc(O)c2c(c1O)C[C@@H]1[C@@H]3CCc4c[nH+]c(N)c5c4N3[C@H](NC5=O)C(c3c(O)ccc([C@@H]4CCCO4)c3O)=[N+]1c1ccc(C(=O)[O-])cc1-2,-6.044
1526,COc1ccc(O)c2c1C[C@@H]1[C@@H]3CCc4c[nH+]c(N)c5c4N3[C@H](NC5=O)C(c3c(O)ccc(Cc4cccn4[O-])c3O)=[N+]1c1ccc(C(=O)[O-])cc1-2,-6.042
1119,Nc1[nH+]cc2c3c1C(=O)N[C@@H]1C(c4c(O)ccc(CC(O)(O)F)c4O)=[N+]4c5ccc(C(=O)[O-])cc5-c5c(O)ccc(O)c5C[C@@H]4[C@@H](CC2)N31,-6.039
1218,Nc1[nH+]cc2c3c1C(=O)N[C@@H]1C(c4c(O)ccc(/C=C5\CCCN5)c4O)=[N+]4c5ccc(C(=O)[O-])cc5-c5c(O)ccc(O)c5C[C@@H]4[C@H](CC2)N31,-6.036
200,C=C1C=C2[C@@H]3CCc4c[nH+]c(N)c5c4N3[C@@H](NC5=O)[C@H](c3c[nH+]cc4c3OCCC4)N2c2ccc(OC)cc2C1,-6.024
488,Nc1ncc2c3c1c(=O)nc1n3[C@H](CC2)[C@H]2Cc3cc(F)cc4cc(O)cc(c34)/C(=C\COCC(O)O)N2[C@@H]1c1ccccc1O,-6.017
1880,Nc1[nH+]cc2c3c1C(=O)N[C@@H]1C(c4c(O)ccc(Cc5cc(=O)cnn5[O-])c4O)=[N+]4c5ccc(C(=O)[O-])cc5-c5c(O)ccc(O)c5C[C@@H]4[C@H](CC2)N31,-6.014
1381,Nc1[nH+]cc2c3c1C(=O)N[C@@H]1C(c4c(O)ccc(Cc5cccn5[O-])c4O)=[N+]4c5ccc(C(=O)[O-])cc5-c5c(O)ccc(O)c5C[C@@H]4[C@@H](CC2)N31,-6.012
115,CCCc1cc2c(=O)[nH]c3c(c2c2c1C(=O)N=CC2)NC(=O)N[C@H]3c1c(O)cccc1CCC(C)=[NH2+],-6.01
940,Nc1[nH+]cc2c3c1C(=O)NC1=C4c5cncc(c5)C[N@@H+]5CC[C@@H](Cc6cc7c(cc6O)-c6c(cccc6C(=O)[O-])C[C@@H]([C@@H](CC2)N13)N47)C5,-6.005
901,COc1cccc2c1C[C@@H]1[C@@H]3CCc4c[nH+]c(N)c5c4N3[C@H](NC5=O)C(c3c(O)ccc([C@H](O)CO)c3O)=[N+]1c1ccc(C(=O)[O-])cc1-2,-5.996
642,Nc1[nH+]cc2c3c1C(=O)NC1=C(c4cncc(CN5C=[NH+]CC5)c4)N4c5ccc(O)c6[nH]c(=O)c7cccc(c7c56)C[C@@H]4[C@@H](CC2)N13,-5.993
1367,C[C@H]([NH3+])Cc1ccc(O)c(C2=[N+]3c4ccc(C(=O)[O-])cc4-c4c(O)cc5c(c4C[C@H]3[C@@H]3CCc4c[nH+]c(N)c6c4N3[C@H]2NC6=O)OCCO5)c1O,-5.992
1506,Nc1[nH+]cc2c3c1C(=O)N[C@@H]1C(c4c(O)ccc(CC5=CCCN5O)c4O)=[N+]4c5ccc(C(=O)[O-])cc5-c5c(O)ccc(O)c5C[C@@H]4[C@H](CC2)N31,-5.989
1573,COc1ccc(O)c2c1C[C@@H]1[C@@H]3CCc4c[nH+]c(N)c5c4N3[C@H](NC5=O)C(c3c(O)ccc(Cc4ccnn4[O-])c3O)=[N+]1c1ccc(C(=O)[O-])cc1-2,-5.968
1528,Nc1[nH+]cc2c3c1C(=O)N[C@H]1C(c4c(O)ccc(C[NH+]5CCCC5)c4O)=[N+]4c5ccc(C(=O)[O-])cc5-c5ccc6c(c5C[C@H]4[C@@H](CC2)N31)OCCO6,-5.956
359,Nc1[nH+]cc2c3c1C(=O)NC1=C(c4cncc([C@@H]5C=[NH+]CC5)c4)N4c5ccccc5-c5c(CO)cccc5C[C@@H]4[C@@H](CC2)N13,-5.952
1399,COc1ccc(O)c2c1C[C@@H]1[C@@H]3CCc4c[nH+]c(N)c5c4N3[C@@H](NC5=O)C(c3c(O)ccc(Cc4ccn[nH]4)c3O)=[N+]1c1ccc(C(=O)[O-])cc1-2,-5.951
1758,Nc1[nH+]cc2c3c1C(=O)N[C@H]1C(c4c(O)ccc(C[NH+]5CCCC5)c4[O-])=[N+]4c5ccc(C(=O)[O-])cc5-c5c(O)cc6c(c5C[C@H]4[C@@H](CC2)N31)OCCO6,-5.943
606,Nc1[nH+]cc2c3c1C(=O)N[C@@H]1C(c4c(O)ccc(C(F)(F)F)c4O)=[N+]4c5ccc(C(=O)[O-])cc5-c5cccc(O)c5C[C@@H]4[C@H](CC2)N31,-5.935
1344,Nc1[nH+]cc2c3c1C(=O)N[C@@H]1C(c4c(O)ccc(/C=C5/CCCN5)c4O)=[N+]4c5ccc(C(=O)[O-])cc5-c5ccc(F)c(O)c5C[C@H]4[C@H](CC2)N31,-5.935
1619,CC1=C(Cc2ccc(O)c(C3=[N+]4c5ccc(C(=O)[O-])cc5-c5c(O)ccc(O)c5C[C@@H]4[C@@H]4CCc5cnc(N)c6c5N4[C@H]3NC6=O)c2O)N(O)CC1,-5.931
1497,C[NH+](C)Cc1ccc(O)c(C2=[N+]3c4ccc(C(N)=O)cc4-c4c(O)cc5c(c4C[C@@H]3[C@@H]3CCc4c[nH+]c(N)c6c4N3[C@H]2NC6=O)OCCO5)c1[O-],-5.925
20,O=C1C[N@@H+](CCO)[C@@H]2CC[C@@H]3[C@H]2[C@@H](N1)[C@H]1c2ccc(O)cc2C=CC(=O)N31,-5.914
1853,C[N@H+](CC(=O)[O-])Cc1ccc(O)c(C2=[N+]3c4ccc(C(=O)[O-])cc4-c4ccc5c(c4C[C@@H]3[C@H]3CCc4c[nH+]c(N)c6c4N3[C@H]2NC6=O)OCCO5)c1O,-5.913
1977,COc1ccc2c(c1OC)C[C@@H]1[C@H]3CCc4c[nH+]c(N)c5c4N3[C@H](NC5=O)C(c3c(O)ccc(CN(C)CC(N)=O)c3O)=[N+]1c1ccc(C(=O)[O-])cc1-2,-5.904
1674,Nc1ncc2c3c1C(=O)N[C@H]1C(c4c(O)ccc(Cc5ccc(=O)[nH]n5)c4O)=[N+]4c5ccc(C(=O)[O-])cc5-c5ccc(F)c(O)c5C[C@H]4[C@@H](CC2)N31,-5.904
626,CC(C)=C1Nc2c(C)c(F)cc(N)c2C[C@@H]2[C@H]3CCc4cnc(N)c5c(=O)nc(n3c45)[C@@H](C3=CN(Cc4ccccc4O)CC3=O)N12,-5.898
1174,Nc1[nH+]cc2c3c1C(=O)N[C@@H]1C(c4c(O)ccc([C@H](O)CO)c4O)=[N+]4c5ccc(C(=O)[O-])cc5-c5c(O)cc(O)c(O)c5C[C@@H]4[C@@H](CC2)N31,-5.89
789,CC(C)=C1Nc2c(C)c(F)cc(N)c2C[C@@H]2[C@H]3CCc4cnc(N)c5c(=O)nc(n3c45)[C@@H](C3=CN(Cc4cc(C)ccc4O)CC3=O)N12,-5.862
375,CC(=O)COC/C=C1\c2cccc3cccc(c23)C[C@@H]2[C@H]3CCc4cnc(N)c5c(=O)nc(n3c45)[C@@H](c3ccccc3O)N12,-5.858
31,C[C@@]1(O)C[C@@H]2[C@H]3N(C(=O)c4c(N)[nH+]c(N)c5c4N3[C@@H](CC5)[C@@H]3[C@@H](O)CC(=O)N32)[C@H]1O,-5.847
612,Nc1[nH+]cc2c3c1C(=O)NC1=C(c4cncc(C[NH+]5CCCC5)c4)N4c5ccc(O)cc5-c5c(CO)cc(F)cc5C[C@H]4[C@@H](CC2)N13,-5.837
575,Nc1[nH+]cc2c3c1C(=O)NC1=C4c5cc(ccc5O)OCOCCOC/C=C5\c6cc(O)cc7cc(F)cc(c67)C[C@@H]([C@@H](CC2)N13)N45,-5.821
1050,COc1ccc2c(c1O)C[C@@H]1[C@@H]3CCc4c[nH+]c(N)c5c4N3[C@H](NC5=O)C(c3c(O)ccc(C(F)(F)F)c3O)=[N+]1c1ccc(C(=O)[O-])cc1-2,-5.813
239,C=c1cc2n(c3c(C)c[nH+]c4c(C)ccc1c43)[C@H](c1cnn(CCCO)c1)[C@@H]1NC(=O)c3c(N)[nH+]cc4c3N1[C@@H]2CC4,-5.81
986,Nc1[nH+]cc2c3c1C(=O)NC1=C(c4cncc(C[N@H+]5CC[C@@H](O)C5)c4)N4c5ccc(O)cc5-c5c(cccc5C(=O)[O-])C[C@@H]4[C@H](CC2)N13,-5.81
903,C=c1cc2n(c3c(C)c(O)cc4cc(O)cc1c43)[C@H](C1=CN(Cc3cccc(O)c3)CC1=O)[C@@H]1NC(=O)c3c(N)[nH+]cc4c3N1[C@H]2CC4,-5.809
829,NC(=O)c1cc(F)cc2c1-c1cc(O)ccc1N1C(c3cncc(CN4C=[NH+]CC4)c3)=C3NC(=O)c4c(N)[nH+]cc5c4N3[C@H](CC5)[C@@H]1C2,-5.804
22,CC[C@@H]1N=C2[C@H](CO)OC(=O)N3C(=O)c4c(N)[nH+]c(N)c5c4N([C@@H]1CC5)[C@@H]23,-5.797
236,COc1cc(F)c(F)cc1C1=N[C@@H](c2cccc(C)c2)C(=O)N2Cc3cc(O)cc4c3[C@@H]3[C@@H]2[C@H]1CN3C(=O)[C@@](C)(O)O4,-5.789
1554,Nc1[nH+]cc2c3c1C(=O)NC1=C(c4cncc(Cn5c[nH+]c6c([O-])cccc65)c4)N4c5ccc(O)c6oc(=O)c7cccc(c7c56)C[C@@H]4[C@H](CC2)N13,-5.788
1456,COc1ccc(O)c2c1C[C@H]1[C@H]3CCc4c[nH+]c(N)c5c4N3[C@H](NC5=O)C(c3c(O)ccc(C[NH+]4CCCC4)c3O)=[N+]1c1ccc(C(=O)[O-])cc1-2,-5.787
1165,C/C1=N/c2cc(c(O)cc2O)C2=C3NC(=O)c4c(N)[nH+]cc5c4N3[C@H](CC5)[C@H]3Cc4cc(F)cc5cc(O)cc(c45)/C(=C\COCCO1)N23,-5.754
256,C[C@@]1(CC(=O)[O-])CC(=O)N2[C@@H]3[C@H]4c5c(cc(O)cc5C[C@@H]2C(=O)C2=C[C@H]5CCCCC5=C2)C=C(C(N)=O)C(=O)N4C[C@H]31,-5.748
0,N#Cc1cnc(N)[nH]c1=O,-5.745
1392,Nc1[nH+]cc2c3c1C(=O)N[C@@H]1C(c4c(O)ccc(Cc5cccnn5)c4O)=[N+]4c5ccc(C(=O)[O-])cc5-c5c(O)ccc(O)c5C[C@@H]4[C@H](CC2)N31,-5.738
2055,Nc1[nH+]cc2c3c1C(=O)NC1=C4c5c(O)ccc(c5O)CN5CO/C(=C/NC(=O)c6ccc7c(c6)-c6c(O)cc8c(c6C[C@H]([C@H](CC2)N13)N47)OCCO8)C5,-5.735
518,Nc1ncc2c3c1c(=O)nc1n3[C@H](CC2)[C@H]2Cc3cc(F)cc4cccc(c34)/C(=C\COCC(=O)[O-])N2[C@@H]1c1ccc(O)cc1O,-5.729
55,Nc1[nH+]cc2c3c1C(=O)N1Cc4cc(F)ccc4C4=N[C@@H](CC[NH+]5CCCC5)[C@H](CC2)N3[C@H]41,-5.684
913,Nc1[nH+]cc2c3c1C(=O)NC1=C4c5cncc(c5)C[N@H+]5CC[C@@H](C5)Oc5cc6c(cc5O)-c5c(cccc5C(=O)[O-])C[C@@H]([C@@H](CC2)N13)N46,-5.68
639,Nc1ncc2c3c1c(=O)nc1n3[C@H](CC2)[C@H]2Cc3cc(F)cc4cc(O)cc(c34)/C(=C\COCC(O)O)N2[C@@H]1c1ccc(O)cc1O,-5.673
6,Nc1ncnc2c1c(=O)ncn2Cc1ccccc1,-5.659
1709,COc1ccc(O)c2c1C[C@H]1[C@H]3CCc4c[nH+]c(N)c5c4N3C(=C3c4c(O)ccc(c4O)C[N@H+]4CC[C@](O)(Cc6cc(c-2cc6C=O)N31)C4)NC5=O,-5.656
106,O=c1cc(F)ccn1CN(C1=C=c2[nH]c(=O)n3ncc(-c4cn[nH]c4)c3c2=C1)[C@H](CO)[C@H](O)CO,-5.654
1660,CC[N@H+](C)Cc1ccc(O)c(C2=[N+]3c4ccc(C(=O)[O-])cc4-c4c(O)cc5c(c4C[C@H]3[C@H]3CCc4c[nH+]c(N)c6c4N3[C@H]2NC6=O)OC=CO5)c1O,-5.651
1688,Nc1[nH+]cc2c3c1C(=O)N[C@@H]1C(c4c(O)ccc(Cc5cc(=O)[n-]cn5)c4O)=[N+]4c5ccc(C(=O)[O-])cc5-c5c(O)ccc(O)c5C[C@@H]4[C@H](CC2)N31,-5.644
730,NC(=O)c1cccc2c1-c1ccc3cc1N1C(=C4NC(=O)c5c(N)[nH+]cc6c5N4[C@H](CC6)[C@@H]1C2)c1cncc(c1)C[N@H+]1CC[C@@H](C1)O3,-5.643
2009,COc1c(O)cc(O)c2c1C[C@@H]1[C@H]3CCc4c[nH+]c(N)c5c4N3C(=C3c4c(O)ccc(c4O)C[N@H+]4CCO[C@H](CNC(=O)c6ccc(c-2c6)N31)C4)NC5=O,-5.638
424,Nc1ncc2c3c1c(=O)nc1n3[C@H](CC2)[C@H]2Cc3cc(F)cc4cccc(c34)/C(=C\COCC(=O)[O-])N2[C@@H]1c1ccccc1O,-5.632
13,Nc1nc(N)c2c(=O)c3c(O)ccc4c3n(c2n1)CCC4=O,-5.624
1719,Nc1[nH+]cc2c3c1C(=O)N[C@@H]1C(c4c(O)ccc(Cc5cc(=O)[n-]cn5)c4O)=[N+]4c5ccc(C(=O)[O-])cc5-c5c(O)ccc(O)c5C[C@@H]4[C@H](CC2)N31,-5.615
1009,C[NH2+]Cc1cc(F)cc2c1-c1ccc(O)c(C)c1N1C(C3=CN(CC(C)(C)C)C(=O)C3)=C3NC(=O)c4c(N)[nH+]cc5c4N3[C@H](CC5)[C@@H]1C2,-5.608
2923,Nc1[nH+]cc2c3c1C(=O)NC1=C4c5c(O)ccc(c5O)Cn5cc([nH]c5=O)CCNC(=O)c5ccc6c(c5)-c5c(O)cc7c(c5C[C@H]([C@H](CC2)N13)N46)OCCO7,-5.591
323,Nc1ncc2c3c1c(=O)nc1n3[C@H](CC2)[C@H]2Cc3ccccc3C=C(CCCC(=O)[O-])N2[C@@H]1c1cc(C(=O)[O-])ccc1O,-5.58
1226,Nc1[nH+]cc2c3c1C(=O)N[C@H]1C(c4c(O)ccc(Cc5cnn[nH]5)c4O)=[N+]4c5ccc(C(=O)[O-])cc5-c5ccc(F)c(O)c5C[C@H]4[C@@H](CC2)N31,-5.577
927,C/C1=N/c2ccc(O)c(c2)C2=C3NC(=O)c4c(N)[nH+]cc5c4N3[C@H](CC5)[C@H]3Cc4cc(F)cc5cc(O)cc(c45)/C(=C\COCCO1)N23,-5.575
879,CCCCc1ccc(O)c(C2=[N+]3c4ccc(C(=O)[O-])cc4-c4ccc(F)c([O-])c4C[C@H]3[C@H]3CCc4c[nH+]c(N)c5c4N3[C@H]2NC5=O)c1O,-5.574
481,Cc1cc2c3c(cc(F)cc3c1)C[C@@H]1[C@H]3CCc4cnc(N)c5c(=O)nc(n3c45)[C@@H](c3ccccc3O)N1/C2=C/COCC(=O)[O-],-5.573
1358,Nc1[nH+]cc2c3c1C(=O)N[C@@H]1C(c4c(O)ccc(Cc5cnnn5[O-])c4O)=[N+]4c5ccc(C(=O)[O-])cc5-c5c(O)ccc(O)c5C[C@@H]4[C@H](CC2)N31,-5.572
426,Nc1ncc2c3c1c(=O)nc1n3[C@H](CC2)[C@H]2Cc3cccc4cc(O)cc(c34)/C(=C\COCC(=O)[O-])N2[C@@H]1c1ccccc1O,-5.555
220,C=C1C=C2[C@@H]3CCc4c[nH+]c(N)c5c4N3[C@@H](NC5=O)[C@@H](c3c(O)ccc(C[C@H](C)[NH3+])c3O)N2c2ccc(O)cc2C1,-5.54
1557,Nc1[nH+]cc2c3c1C(=O)NC1=C(c4cncc(Cn5c[nH+]c6c([O-])cccc65)c4)N4c5ccc(O)c6[nH]c(=O)c7cccc(c7c56)C[C@H]4[C@@H](CC2)N13,-5.528
1249,COc1cccc2c1C[C@H]1[C@H]3CCc4c[nH+]c(N)c5c4N3[C@H](NC5=O)C(c3c(O)ccc(C[N@@H+](C)CCO)c3O)=[N+]1c1ccc(C(=O)[O-])cc1-2,-5.519
668,NC(=O)COC/C=C1\c2cc(O)cc3cc(F)cc(c23)C[C@@H]2[C@H]3CCc4cnc(N)c5c(=O)nc(n3c45)[C@@H](c3ccc(F)cc3O)N12,-5.518
664,Nc1[nH+]cc2c3c1C(=O)N[C@@H]1C(c4c(O)ccc([C@H](O)CO)c4O)=[N+]4c5ccc(C(=O)[O-])cc5-c5cccc(O)c5C[C@@H]4[C@H](CC2)N31,-5.515
415,Nc1[nH+]cc2c3c1C(=O)NC1=C(c4cncc(C[NH+]5CCCC5)c4)N4c5ccccc5-c5c(CO)cccc5C[C@H]4[C@@H](CC2)N13,-5.511
819,Nc1[nH+]cc2c3c1C(=O)NC1=C(c4cncc(CN5CCCC5=O)c4)N4c5ccc(O)cc5-c5c(cccc5C(=O)[O-])C[C@@H]4[C@H](CC2)N13,-5.506
795,COc1cccc2c1C[C@H]1[C@H]3CCc4c[nH+]c(N)c5c4N3[C@H](NC5=O)C(c3c(O)ccc(CCCO)c3O)=[N+]1c1ccc(C(=O)[O-])cc1-2,-5.486
1001,CCOC(=O)C1=CC/C(=C2/Nc3c(cc(F)cc3C(N)=O)C[C@@H]3[C@H]4CCc5c[nH+]c(N)c6c5N4C(=C(c4ccccc4F)N23)NC6=O)C1,-5.482
802,NC(=O)Cc1ccc(O)c(C2=[N+]3c4ccc(C(=O)[O-])cc4-c4c(O)ccc(O)c4C[C@@H]3[C@@H]3CCc4c[nH+]c(N)c5c4N3[C@H]2NC5=O)c1O,-5.476
1265,NC(=O)c1cccc2c1-c1cc(O)ccc1N1C(c3cncc(CN4C=[NH+][C@H]5C=CC=C54)c3)=C3NC(=O)c4c(N)[nH+]cc5c4N3[C@@H](CC5)[C@H]1C2,-5.469
219,C=C1C=C2[C@@H]3CCc4c[nH+]c(N)c5c4N3[C@@H](NC5=O)[C@@H](c3c(O)cccc3OCCC)N2c2ccc(OC)cc2C1,-5.459
395,C=c1cc2n(c3c(C)c(=O)[nH]c4c(C)ccc1c43)[C@H](c1ccn(C3CCCC3)c1)[C@@H]1NC(=O)c3c(N)[nH+]cc4c3N1[C@@H]2CC4,-5.454
1398,Cc1n[nH]nc1Cc1ccc(O)c(C2=[N+]3c4ccc(C(=O)[O-])cc4-c4c(O)ccc(O)c4C[C@H]3[C@H]3CCc4cnc(N)c5c4N3[C@H]2NC5=O)c1O,-5.453
830,COc1ccc(O)c2c1C[C@@H]1[C@@H]3CCc4c[nH+]c(N)c5c4N3[C@H](NC5=O)C(c3c(O)ccc(C(N)=O)c3[O-])=[N+]1c1ccc(C(=O)[O-])cc1-2,-5.452
212,C[C@@]1(CCO)CC(=O)N2[C@@H]3[C@H]4c5c(cc(O)cc5C[C@@H]2C(=O)C2=CC5=CCC=CC5=C2)C=C(C(N)=O)C(=O)N4C[C@H]31,-5.451
15,O=c1[nH]c(=O)c2cc(-c3cc(O)n[nH]3)n(-c3cccc(O)c3O)c2[nH]1,-5.445
86,CCCOC(=O)c1cc2cccc(C(=O)CCC)c2nc1NCc1cccc(/C=C/C(=O)[O-])c1,-5.442
1384,CNCc1cc(F)cc2c1-c1cccc(C)c1N1C(C3=CN(C[C@@]4(C)CCC(=O)NC4)C(=O)C3)=C3NC(=O)c4c(N)[nH+]cc5c4N3[C@@H](CC5)[C@@H]1C2,-5.433
673,NC(=O)c1cccc2c1-c1ccccc1N1C(c3cncc(CN4CCC[NH2+]C4)c3)=C3NC(=O)c4c(N)[nH+]cc5c4N3[C@H](CC5)[C@@H]1C2,-5.43
2026,Nc1[nH+]cc2c3c1C(=O)N[C@@H]1C(c4c(O)ccc(CN5CCOCC5)c4O)=[N+]4c5ccc(C(=O)[O-])cc5-c5c(O)cc6c(c5C[C@@H]4[C@@H](CC2)N31)OCCO6,-5.414
571,Nc1[nH+]cc2c3c1C(=O)NC1=C(c4cncc(C[NH+]5CCCC5)c4)N4c5ccc(O)cc5-c5c(cccc5C(=O)[O-])C[C@@H]4[C@H](CC2)N13,-5.405
1491,Nc1ncc2c3c1C(=O)N[C@H]1C(c4c(O)ccc(Cc5ccccn5)c4O)=[N+]4c5ccc(C(=O)[O-])cc5-c5ccc(F)c(O)c5C[C@H]4[C@@H](CC2)N31,-5.404
883,Nc1[nH+]cc2c3c1C(=O)N[C@H]1C(c4c(O)ccc(CCCO)c4O)=[N+]4c5ccc(C(=O)[O-])cc5-c5ccc(F)c([O-])c5C[C@H]4[C@@H](CC2)N31,-5.403
516,Nc1ncc2c3c1c(=O)nc1n3[C@H](CC2)[C@H]2Cc3cccc4cc(O)cc(c34)/C(=C\COCC(=O)[O-])N2[C@@H]1c1ccc(O)cc1O,-5.394
1114,COc1ccc2c(c1O)C[C@@H]1[C@H]3CCc4c[nH+]c(N)c5c4N3[C@H](NC5=O)C(c3c(O)ccc([C@H](O)CO)c3O)=[N+]1c1ccc(C(=O)[O-])cc1-2,-5.389
215,C=c1cc2n(c3c(C)ccc4c(C)ccc1c43)[C@H](c1ccn(CCC)c1)[C@@H]1NC(=O)c3c(N)[nH+]cc4c3N1[C@H]2CC4,-5.386
522,C[NH2+]Cc1cccc2c1-c1ccccc1N1C(c3cncc(C[NH+]4CCCC4)c3)=C3NC(=O)c4c(N)[nH+]cc5c4N3[C@H](CC5)[C@H]1C2,-5.386
1896,NC(=O)c1ccc2c(c1)-c1ccc3c(c1C[C@@H]1[C@H]4CCc5c[nH+]c(N)c6c5N4[C@H](NC6=O)C(c4c(O)ccc(CN5CCOCC5)c4O)=[N+]21)OC=CO3,-5.384
289,C=c1cc2n(c3c(C)ccc4c(C)ccc1c43)[C@H](c1ccn(C3CCCC3)c1)[C@@H]1NC(=O)c3c(N)[nH+]cc4c3N1[C@H]2CC4,-5.38
1609,COc1ccc(O)c2c1C[C@@H]1[C@H]3CCc4c[nH+]c(N)c5c4N3[C@H](NC5=O)C(c3c(O)ccc(C[N@@H+](C)CC(=O)[O-])c3[O-])=[N+]1c1ccc(C(=O)[O-])cc1-2,-5.375
2705,Nc1[nH+]cc2c3c1C(=O)NC1=C4c5c(O)ccc(c5O)CN5CNC/C(=C/NC(=O)c6ccc7c(c6)-c6c(O)cc8c(c6C[C@H]([C@@H](CC2)N13)N47)OCCO8)C5,-5.374
959,Nc1[nH+]cc2c3c1C(=O)NC1=C(c4cncc(CN5CCNC5=O)c4)N4c5ccc(O)c6oc(=O)c7cccc(c7c56)C[C@H]4[C@@H](CC2)N13,-5.372
474,Nc1ncc2c3c1c(=O)nc1n3[C@H](CC2)[C@H]2Cc3cc(F)cc4cc(O)cc(c34)/C(=C\COCC(=O)[O-])N2[C@@H]1c1ccccc1O,-5.367
1256,NC(=O)Cc1ccc(O)c(C2=[N+]3c4ccc(C(=O)[O-])cc4-c4ccc5c(c4C[C@H]3[C@@H]3CCc4c[nH+]c(N)c6c4N3[C@H]2NC6=O)OCCO5)c1O,-5.364
1065,Nc1[nH+]cc2c3c1C(=O)N[C@@H]1C(c4c(O)ccc(C[C@H]([NH3+])O)c4O)=[N+]4c5ccc(C(=O)[O-])cc5-c5c(O)cc(O)c(O)c5C[C@@H]4[C@H](CC2)N31,-5.362
1469,CC[N@@H+](C)Cc1ccc(O)c(C2=[N+]3c4ccc(C(=O)[O-])cc4-c4ccc(OC)c(OC)c4C[C@H]3[C@H]3CCc4cnc(N)c5c4N3[C@H]2NC5=O)c1O,-5.356
900,Nc1[nH+]cc2c3c1C(=O)NC1=C(c4cncc(CN5CCCC5=O)c4)N4c5ccc(O)c6oc(=O)c7cccc(c7c56)C[C@H]4[C@@H](CC2)N13,-5.346
186,CC(C)=C1Cc2ccccc2C[C@@H]2[C@H]3CCc4cnc(N)c5c(=O)nc(n3c45)[C@@H](c3ccn(CC(C)C)c3)N12,-5.329
1424,Nc1[nH+]cc2c3c1C(=O)N[C@@H]1C(c4c(O)ccc(Cc5ccnn5[O-])c4O)=[N+]4c5ccc(C(=O)[O-])cc5-c5c(O)ccc(O)c5C[C@@H]4[C@@H](CC2)N31,-5.301
108,O=C/C1=C2\CC=C3C(=O)N(Cc4ccccc4)/C(=C/C(=O)NCCCc4cccc(c4)C1=O)NC3=N2,-5.299
807,C=c1cc2n(c3c(C)c(=O)[nH]c4cccc1c43)[C@H](C1=C(O)C[N+](Cc3ccc(O)cc3O)=C1)[C@@H]1NC(=O)c3c(N)[nH+]cc4c3N1[C@@H]2CC4,-5.297
728,COC(=O)C1=CC/C(=C2/[N-]c3c(cc(F)cc3C(N)=O)C[C@@H]3[C@H]4CCc5c[nH+]c(N)c6c5N4C(=C(c4ccccc4F)N23)NC6=O)C1,-5.282
743,NC(=O)Cc1ccc(O)c(C2=[N+]3c4ccc(C(=O)[O-])cc4-c4cccc(O)c4C[C@@H]3[C@@H]3CCc4c[nH+]c(N)c5c4N3[C@H]2NC5=O)c1O,-5.279
117,Nc1[nH+]c(N)c2c3c1CC[C@@H]1[C@@H](CO)N4Cc5c(ccc6c5C=C(F)C6)C5=C4[C@H](N(C2=O)[C@@H]2C[C@H]52)N31,-5.276
563,C=C1CO[C@H]2CC=C3N=CC(=C3OC2)C2=C3NC(=O)c4c(N)[nH+]cc5c4N3[C@@H](CC5)[C@H]3Cc4ccccc4-c4c(O)cc(cc4N23)O1,-5.267
845,C=c1cc2n(c3c(C)c(=O)[nH]c4cccc1c43)[C@H](C1=CN(Cc3cc(C)ccc3O)CC1=O)[C@@H]1NC(=O)c3c(N)[nH+]cc4c3N1[C@H]2CC4,-5.261
264,C=c1cc2n(c3c(C)ccc4c(C)ccc1c43)[C@H](c1cnn(CCCO)c1)[C@@H]1NC(=O)c3c(N)[nH+]cc4c3N1[C@H]2CC4,-5.243
998,Nc1[nH+]cc2c3c1C(=O)N[C@H]1C(c4c(O)ccc(CC(=O)[O-])c4O)=[N+]4c5ccc(C(=O)[O-])cc5-c5ccc(F)c([O-])c5C[C@H]4[C@@H](CC2)N31,-5.242
21,Cn1c2c(c(=O)c3nnccc31)=CC/C(=C(/C=O)C(=O)c1ccccc1)N=2,-5.241
573,COc1cccc2c1C[C@@H]1[C@@H]3CCc4c[nH+]c(N)c5c4N3[C@H](NC5=O)C(c3c(O)ccc(C(=O)[O-])c3O)=[N+]1c1ccc(C(=O)[O-])cc1-2,-5.236
1354,Nc1[nH+]cc2c3c1C(=O)NC1=C(c4cncc(Cn5cnc6ccccc65)c4)N4c5ccc(O)cc5-c5c(cccc5C(=O)[O-])C[C@H]4[C@@H](CC2)N13,-5.236
560,Nc1[nH+]cc2c3c1C(=O)N[C@@H]1C(c4c(O)ccc(C(=O)[O-])c4O)=[N+]4c5ccc(C(=O)[O-])cc5-c5cccc(O)c5C[C@@H]4[C@H](CC2)N31,-5.23
583,NC(=O)c1cccc2c1-c1cc(O)ccc1N1C(c3cncc(C[NH+]4CCCC4)c3)=C3NC(=O)c4c(N)[nH+]cc5c4N3[C@H](CC5)[C@H]1C2,-5.229
1802,NC(=O)c1ccc2c(c1)-c1ccc3c(c1C[C@@H]1[C@H]4CCc5c[nH+]c(N)c6c5N4[C@@H](NC6=O)C(c4c(O)ccc(C[NH+]5CCOCC5)c4O)=[N+]21)OCCO3,-5.213
471,CC(C)=C1Nc2c(C)c(F)cc(N)c2C[C@@H]2[C@H]3CCc4cnc(N)c5c(=O)nc(n3c45)[C@@H](C3=CN(Cc4ccccc4)CC3=O)N12,-5.213
211,C=c1cc2n(c3c(C)ccc4cccc1c43)[C@H](c1ccn(CCCO)c1)[C@@H]1NC(=O)c3c(N)[nH+]cc4c3N1[C@@H]2CC4,-5.21
1240,COc1ccc2c(c1O)C[C@H]1[C@H]3CCc4c[nH+]c(N)c5c4N3[C@H](NC5=O)C(c3c(O)ccc([C@@H]4CCCO4)c3O)=[N+]1c1ccc(C(=O)[O-])cc1-2,-5.209
95,C[C@@H]1[C@H]2CC(=O)N3CC[C@@H](NC4=C(C=O)CN5C(=O)c6c(N)nc(N)nc6N1[C@H]5[C@@H]4N2)[C@@H](O)C3,-5.208
321,C=c1cc2n(c3c(C)c[nH+]c4c(C(=O)[O-])ccc1c43)[C@H](c1ccn(CCC)c1)[C@@H]1NC(=O)c3c(N)[nH+]cc4c3N1[C@@H]2CC4,-5.206
818,Nc1[nH+]cc2c3c1C(=O)NC1=C(c4cncc(Cn5cc[nH]c5=O)c4)N4c5ccc(O)c6c5-c5c(cccc5C(=O)C6)C[C@@H]4[C@H](CC2)N13,-5.195
1038,COc1cc(O)c2c(c1O)C[C@@H]1[C@@H]3CCc4c[nH+]c(N)c5c4N3[C@H](NC5=O)C(c3c(O)ccc(C(=O)[O-])c3O)=[N+]1c1ccc(C(=O)[O-])cc1-2,-5.195
2021,COc1cc(O)c2c(c1OC)C[C@H]1[C@H]3CCc4cnc(N)c5c4N3[C@H](NC5=O)C(c3c(O)ccc(C[N@@H+](C)CC(=O)[O-])c3O)=[N+]1c1ccc(C(=O)[O-])cc1-2,-5.184
875,NC(=O)c1ccc(O)c(C2=[N+]3c4ccc(C(=O)[O-])cc4-c4c(O)cc(O)c(O)c4C[C@@H]3[C@@H]3CCc4c[nH+]c(N)c5c4N3[C@H]2NC5=O)c1[O-],-5.177
489,COCC1=CC/C(=C2/Nc3c(cc(F)cc3C(N)=O)C[C@@H]3[C@H]4CCc5c[nH+]c(N)c6c5N4C(=C(c4ccccc4F)N23)NC6=O)C1,-5.149
799,NC(=O)c1cc(F)cc2c1-c1cc(O)ccc1N1C(c3cncc(C[NH+]4CCCC4)c3)=C3NC(=O)c4c(N)[nH+]cc5c4N3[C@@H](CC5)[C@@H]1C2,-5.145
1220,Nc1[nH+]cc2c3c1C(=O)N[C@H]1C(c4c(O)ccc(CCCC(=O)[O-])c4O)=[N+]4c5ccc(C(=O)[O-])cc5-c5ccc(F)c([O-])c5C[C@H]4[C@@H](CC2)N31,-5.143
786,C[C@@H]1NC(=O)C2=C3C(=CC2)N2[C@H](c4cncc(-c5ccccc5)c4)c4nc(=O)c5c(N)ncc6c5n4[C@H](CC6)[C@H]2Cc2cc(F)cc1c23,-5.132
814,NC(=O)c1cc(F)cc2c1-c1ccccc1N1C(c3cncc(C[N@H+]4CCCOC4)c3)=C3NC(=O)c4c(N)[nH+]cc5c4N3[C@@H](CC5)[C@@H]1C2,-5.132
1029,Nc1[nH+]cc2c3c1C(=O)NC1=C(c4cncc(CN5CCNC5=O)c4)N4c5ccc(O)c6oc(=O)c7cc(F)cc(c7c56)C[C@H]4[C@@H](CC2)N13,-5.132
116,CCCCC/C(C=O)=C1\CC=C2C(=O)N(Cc3ccc([O-])c(C(F)(F)F)c3)/C(=C\CCC[NH3+])[N-]C2=N1,-5.128
585,Nc1[nH+]cc2c3c1C(=O)NC1=C(c4cncc(C[N@@H+]5CC[NH2+]C5)c4)N4c5ccc(O)cc5-c5c(cccc5C(=O)[O-])C[C@@H]4[C@@H](CC2)N13,-5.126
539,Nc1[nH+]cc2c3c1C(=O)NC1=C4c5c(O)ccc6c5OC[C@@H](COc5ccc7c(c5)N4[C@@H](Cc4cc(=O)occ4-7)[C@@H](CC2)N13)CO6,-5.118
1019,Cc1n(C)nc[n+]1Cc1cncc(C2=C3NC(=O)c4c(N)[nH+]cc5c4N3[C@@H](CC5)[C@H]3Cc4cccc(C(N)=O)c4-c4cc(O)ccc4N23)c1,-5.118
1261,NC(=O)c1cc(F)cc2c1-c1cc(O)ccc1N1C(c3cncc(CN4C[C@@H](O)CC4=O)c3)=C3NC(=O)c4c(N)[nH+]cc5c4N3[C@@H](CC5)[C@@H]1C2,-5.117
2012,COc1c(O)cc(O)c2c1C[C@@H]1[C@H]3CCc4c[nH+]c(N)c5c4N3C(=C3c4c(O)ccc(c4O)CN4CO[C@@H](C4)OOc4cc(c-2cc4C(=O)[O-])N31)NC5=O,-5.102
214,C=c1cc2n(c3c(C)ccc4c(C)ccc1c43)[C@H](c1cnn(CCC)c1)[C@@H]1NC(=O)c3c(N)[nH+]cc4c3N1[C@H]2CC4,-5.099
578,COc1cccc2c1C[C@H]1[C@H]3CCc4cnc(N)c5c4N3[C@H](NC5=O)C(c3c(O)ccc(CC[NH3+])c3O)=[N+]1c1ccc(C(=O)[O-])cc1-2,-5.094
1227,Cc1c(O)cc2c3c1N1C(C4=CN(CC5(C)CCOCC5)C(=O)C4)=C4NC(=O)c5c(N)[nH+]cc6c5N4[C@@H](CC6)[C@H]1Cc1cc(F)cc(c1-3)CC2,-5.092
497,Nc1[nH+]cc2c3c1C(=O)N[C@H]1C(c4c(O)ccc(CC[NH3+])c4O)=[N+]4c5ccc(C(=O)[O-])cc5-c5c(O)cccc5C[C@@H]4[C@@H](CC2)N31,-5.082
473,Nc1[nH+]cc2c3c1C(=O)NC1=C(c4cncc(C[NH+]5CCCC5)c4)N4c5ccccc5-c5c(cccc5C(=O)[O-])C[C@@H]4[C@H](CC2)N13,-5.075
598,C[NH2+]Cc1ccc(O)c(C2=[N+]3c4ccc(C[NH+](C)C)cc4-c4cccc(O)c4C[C@@H]3[C@H]3CCc4c[nH+]c(N)c5c4N3[C@H]2NC5=O)c1O,-5.069
84,COc1cc(O)c(F)cc1-c1c2c(c3ccccc3c1-c1c(O)cccc1F)C(=O)NC(=O)C2,-5.064
1148,Nc1[nH+]cc2c3c1C(=O)NC1=C4c5c(O)ccc(c5O)CCCOCCC(=O)c5ccc6c(c5)-c5ccc(F)c(O)c5C[C@@H]([C@@H](CC2)N13)N46,-5.049
10,CC(C)N1CN(Cc2ccccc2)c2ncnc(N)c2C1=O,-5.046
785,C[C@H]([NH3+])Cc1ccc(O)c(C2=[N+]3c4ccc(C(=O)[O-])cc4-c4c(O)ccc(O)c4C[C@@H]3[C@@H]3CCc4c[nH+]c(N)c5c4N3[C@H]2NC5=O)c1O,-5.044
252,C=c1cc2n(c3c(C)c(O)cc4cccc1c43)[C@H](c1cn(CCC)nc1O)[C@@H]1NC(=O)c3c(N)[nH+]cc4c3N1[C@H]2CC4,-5.043
358,Nc1ncc2c3c1c(=O)nc1n3[C@H](CC2)[C@H]2Cc3cccc4cccc(c34)/C(=C\COCC(=O)[O-])N2[C@@H]1c1ccccc1O,-5.037
1027,Nc1[nH+]cc2c3c1C(=O)NC1=C4c5c(O)ccc(c5O)CCCOCC[C@@H](O)c5ccc6c(c5)-c5ccc(F)c(O)c5C[C@H]([C@H](CC2)N13)N46,-5.028
1464,CC[N@H+](C)Cc1ccc(O)c(C2=[N+]3c4ccc(C(=O)[O-])cc4-c4ccc5c(c4C[C@@H]3[C@@H]3CCc4c[nH+]c(N)c6c4N3[C@H]2NC6=O)OC=CO5)c1O,-5.028
103,CC1(C)CCN(C(=O)N(C2=C[C@@H]3NC(=O)n4ncc(-c5cn[nH]c5)c4C3=C2)[C@H](CO)CC(N)=O)C1,-5.021
623,NC(=O)c1cccc2c1-c1cc(O)ccc1N1C(c3cncc(Cn4cc[nH+]c4)c3)=C3NC(=O)c4c(N)[nH+]cc5c4N3[C@H](CC5)[C@H]1C2,-5.019
40,CCCc1cc2c(=O)[nH]c3c(c2c2c1C(=O)N=CC2)OCN[C@H]3c1c(O)cccc1CO,-5.007
470,Nc1[nH+]cc2c3c1C(=O)NC1=C(c4cncc(CN5CCNC5=O)c4)N4c5ccccc5-c5c(CO)cccc5C[C@H]4[C@@H](CC2)N13,-5.001
1025,NC(=O)Cc1ccc(O)c(C2=[N+]3c4ccc(C(=O)[O-])cc4-c4c(O)cc(O)c(O)c4C[C@@H]3[C@@H]3CCc4c[nH+]c(N)c5c4N3[C@H]2NC5=O)c1O,-4.997
305,C=c1cc2n(c3c(C)ccc4c(C)ccc1c43)[C@H](c1cnn(CCC(=O)[O-])c1)[C@@H]1NC(=O)c3c(N)[nH+]cc4c3N1[C@H]2CC4,-4.993
576,C=c1cc2n(c3c(C)c(=O)[nH]c4cccc1c43)[C@H](C1=CN(Cc3ccccc3O)CC1=O)[C@@H]1NC(=O)c3c(N)[nH+]cc4c3N1[C@@H]2CC4,-4.99
652,Nc1[nH+]cc2c3c1C(=O)NC1=C4c5c(O)ccc6c5OC[C@H](CCO6)COc5ccc6c(c5)N4[C@H](Cc4cc(=O)occ4-6)[C@H](CC2)N13,-4.99
52,COc1ccc(F)cc1-c1c2c(c3ccccc3c1-c1c(O)cccc1F)C(=O)NC(=O)C2,-4.988
99,CCCC/C(C(=O)[O-])=C1\CC=c2c(nc(C=C([O-])c3ccccc3)n(Cc3ccccc3)c2=O)=[NH+]1,-4.977
1273,Nc1[nH+]cc2c3c1C(=O)N[C@@H]1C(c4c(O)ccc(Cc5cn[nH]n5)c4O)=[N+]4c5ccc(C(=O)[O-])cc5-c5c(O)ccc(O)c5C[C@@H]4[C@H](CC2)N31,-4.973
961,Nc1[nH+]cc2c3c1C(=O)NC1=C(c4cncc(Cn5cc[nH]c5=O)c4)N4c5ccc(O)c6oc(=O)c7cccc(c7c56)C[C@@H]4[C@H](CC2)N13,-4.973
246,C=C1C[C@@H]2[C@@H]3CCc4c[nH+]c(N)c5c4N3C(=C(c3cn(CC(C)=O)cc3O)N2C2=C(C)CCc3cccc1c32)NC5=O,-4.97
29,C[C@@H]1[C@@H](CC(=O)NCC(=O)[O-])N[C@@H]2CC(=O)CN3C(=O)c4c(N)nc(N)nc4N1[C@H]23,-4.962
226,Cc1cc(O)cc(Cc2ccc3c(ccn3C)c2-c2c(CO)c3c(c4c(CO)c(F)ccc24)C(=O)N=CC3=O)c1F,-4.955
317,C=c1cc2n(c3c(C)ccc4c(C)ccc1c43)[C@H](c1ccn(CCC(=O)[O-])c1)[C@@H]1NC(=O)c3c(N)[nH+]cc4c3N1[C@H]2CC4,-4.951
584,C[NH2+]Cc1ccc(O)c(C2=[N+]3c4ccc(C(=O)[O-])cc4-c4ccc(F)c(O)c4C[C@@H]3[C@@H]3CCc4c[nH+]c(N)c5c4N3[C@H]2NC5=O)c1O,-4.943
370,Cc1cccc2c1N1C(C3=CN(C[C@H](C)CCO)C(=O)C3)=C3NC(=O)c4c(N)[nH+]cc5c4N3[C@H](CC5)[C@@H]1Cc1ccccc1-2,-4.935
1044,NC(=O)c1cc(F)cc2c1-c1cc(O)c3cc1N1C(=C4NC(=O)c5c(N)[nH+]cc6c5N4[C@@H](CC6)[C@H]1C2)c1cncc(c1)C[N@H+]1CC[C@@H](C1)N3,-4.934
23,CCCN1C(=O)c2c(N)ncnc2N2[C@@H]1C(=O)N[C@H](CCc1ncn[nH]1)[C@@H]2C,-4.931
311,Nc1[nH+]cc2c3c1C(=O)NC1=C([C@@H](C=O)C(=O)CC(=O)[O-])N4c5c(O)ccc(O)c5-c5ccc(F)cc5C[C@@H]4[C@@H](CC2)N13,-4.93
505,COc1ccc2c(c1)N1C(c3c(O)ccc4c3OCC(=O)O4)=C3NC(=O)c4c(N)[nH+]cc5c4N3[C@H](CC5)[C@H]1Cc1cc(=O)occ1-2,-4.917
836,C[NH2+]Cc1ccc(O)c(C2=[N+]3c4ccc(C(=O)[O-])cc4-c4ccc(O)c(OC)c4C[C@@H]3[C@H]3CCc4c[nH+]c(N)c5c4N3[C@H]2NC5=O)c1O,-4.916
83,CCCC/C(C(=O)[O-])=C1\CC=c2c(nc(C=C([O-])c3ccsc3)n(Cc3ccccc3)c2=O)=[NH+]1,-4.908
30,C[C@@H]1C[C@H]2[NH2+][C@@H](CC(=O)NCC(=O)[O-])[C@@H](C)N3c4nc(N)nc(N)c4C(=O)N(C1)[C@@H]23,-4.904
389,Nc1[nH+]cc2c3c1C(=O)NC1=C(c4cncc(C5=CN=CC5)c4)N4c5ccccc5-c5c(CO)cccc5C[C@H]4[C@@H](CC2)N13,-4.904
793,Nc1[nH+]cc2c3c1C(=O)NC1=C(c4cncc(CN5CCNC5=O)c4)N4c5ccc(O)cc5-c5c(cccc5C(=O)[O-])C[C@H]4[C@@H](CC2)N13,-4.883
476,NC(=O)c1cccc2c1-c1ccccc1N1C(c3cncc(C[NH+]4CCCC4)c3)=C3NC(=O)c4c(N)[nH+]cc5c4N3[C@H](CC5)[C@H]1C2,-4.878
593,NC(=O)c1cccc2c1-c1ccccc1N1C(c3cncc(C[NH+]4CCCCC4)c3)=C3NC(=O)c4c(N)[nH+]cc5c4N3[C@H](CC5)[C@H]1C2,-4.868
1407,COc1cc(O)c2c(c1O)C[C@@H]1[C@@H]3CCc4c[nH+]c(N)c5c4N3[C@H](NC5=O)C(c3c(O)ccc(CC(C)(C)C)c3O)=[N+]1c1ccc(C(=O)[O-])cc1-2,-4.867
846,C[NH2+]Cc1cc(F)cc2c1-c1cccc(C)c1N1C(C3=CN(CC4CCCC4)C(=O)C3)=C3NC(=O)c4c(N)[nH+]cc5c4N3[C@H](CC5)[C@@H]1C2,-4.864
798,Nc1[nH+]cc2c3c1C(=O)NC1=C(c4cncc(CN5C=[NH+]CC5)c4)N4c5ccc(O)cc5-c5c(cc(F)cc5C(=O)[O-])C[C@H]4[C@@H](CC2)N13,-4.863
1095,Nc1[nH+]cc2c3c1C(=O)NC1=C4c5c(O)ccc6c5OCc5c(cccc5O6)Oc5ccc6c(c5)N4[C@@H](Cc4cc(=O)occ4-6)[C@H](CC2)N13,-4.86
791,C[NH2+]Cc1cc(F)cc2c1-c1cccc(C)c1N1C(C3=CN(C[C@H](C)CCO)C(=O)C3)=C3NC(=O)c4c(N)[nH+]cc5c4N3[C@H](CC5)[C@@H]1C2,-4.853
1037,CNCc1cc(F)cc2c1-c1cccc(C)c1N1C(C3=CN(C[C@@]4(C)CCOC4)C(=O)C3)=C3NC(=O)c4c(N)[nH+]cc5c4N3[C@@H](CC5)[C@H]1C2,-4.85
565,CC(C)=C1Nc2c(C)c(F)cc(N)c2C[C@@H]2[C@H]3CCc4cnc(N)c5c(=O)nc(n3c45)[C@@H](C3=CN(Cc4cccc(C)c4)CC3=O)N12,-4.838
1588,C[N@H+](CCO)Cc1ccc(O)c(C2=[N+]3c4ccc(C(=O)[O-])cc4-c4ccc5c(c4C[C@H]3[C@@H]3CCc4c[nH+]c(N)c6c4N3[C@H]2NC6=O)OCCO5)c1O,-4.831
1364,CC[N@H+](C)Cc1ccc(O)c(C2=[N+]3c4ccc(C(=O)[O-])cc4-c4c(O)cc(O)c(OC)c4C[C@@H]3[C@@H]3CCc4c[nH+]c(N)c5c4N3[C@H]2NC5=O)c1O,-4.829
175,CCCOC(=O)c1cc2cccc(C(=O)c3ccccc3)c2nc1NCc1ccc2cc3c(cc2c1)CCO3,-4.825
1,C[NH2+]Cc1ccc(N)nc1,-4.82
482,CC1=C2C3=C(C[NH2+]Cc4cccc(c43)C[C@@H]3[C@@H]4CCc5cnc(N)c6c(=O)nc(n4c56)[C@@H](c4cncc(-c5ccccc5)c4)N23)C1,-4.814
284,CC(C)=C1Cc2cc(F)ccc2C[C@@H]2[C@H]3CCc4cnc(N)c5c(=O)nc(n3c45)[C@@H](C3=CN(Cc4ccccc4)CC3)N12,-4.813
478,Nc1[nH+]cc2c3c1C(=O)NC1=C(c4cncc(C[NH+]5CCCC5)c4)N4c5ccc(O)cc5-c5c(CO)cccc5C[C@H]4[C@@H](CC2)N13,-4.813
1024,COc1ccc(O)c2c1C[C@@H]1[C@@H]3CCc4c[nH+]c(N)c5c4N3[C@H](NC5=O)C(c3c(O)ccc(C[C@H](C)[NH3+])c3O)=[N+]1c1ccc(C(=O)[O-])cc1-2,-4.807
250,C=c1cc2n(c3c(C)ccc4cccc1c43)[C@H](c1ccn(CCC(=O)[O-])c1)[C@@H]1NC(=O)c3c(N)[nH+]cc4c3N1[C@H]2CC4,-4.795
1225,C[NH2+]Cc1cc(F)cc2c1-c1cccc(C)c1N1C(C3=CN(C[C@@]4(C)CCCOC4)C(=O)C3)=C3NC(=O)c4c(N)[nH+]cc5c4N3[C@H](CC5)[C@@H]1C2,-4.794
223,C=c1cc2n(c3c(C)c[nH+]c4c(C)ccc1c43)[C@H](c1ccn(CCC)c1)[C@@H]1NC(=O)c3c(N)[nH+]cc4c3N1[C@@H]2CC4,-4.793
163,CCCOC(=O)c1cc2cccc(C(=O)c3ccccc3)c2nc1NCc1ccc2cc(OC)ccc2c1,-4.791
1459,C[NH+](C)Cc1ccc(O)c(C2=[N+]3c4ccc(C(=O)[O-])cc4-c4c(O)cc5c(c4C[C@H]3[C@@H]3CCc4c[nH+]c(N)c6c4N3[C@H]2NC6=O)OCCO5)c1O,-4.79
240,Cc1cccc2c1N1C(C3=CN(CC(C)(C)C)CC3)=C3NC(=O)c4c(N)[nH+]cc5c4N3[C@H](CC5)[C@H]1Cc1ccccc1-2,-4.788
122,Cc1cc(F)c(CN2[C@H](CO)[C@H]3CCc4c[nH+]c(N)c5c4N3[C@@H]3[C@@H]2C=C(C(=O)[O-])CN3C5=O)cc1F,-4.788
894,Nc1[nH+]cc2c3c1C(=O)N[C@H]1C(c4c(O)ccc(C(=O)[O-])c4O)=[N+]4c5ccc(C(=O)[O-])cc5-c5c(O)cc(O)c(O)c5C[C@@H]4[C@@H](CC2)N31,-4.788
881,CC(=O)NCc1cccc2c1N1C=CCC(C)=C1N1C(C3=CN(C4CCCC4)CC3=O)=C3NC(=O)c4c(N)[nH+]cc5c4N3[C@H](CC5)[C@H]1C2,-4.787
485,CC(C)=C1Cc2c(cc(F)cc2C(=O)[O-])C[C@@H]2[C@H]3CCc4cnc(N)c5c(=O)nc(n3c45)[C@@H](C3=CN4C(=N[C@H]3O)OCC[C@@H]4C)N12,-4.775
1151,NC(=O)c1cc(F)cc2c1[N-]/C(=C1/CC=C(C(=[OH+])[N-]O)C1)N1C(c3c(N)cc(F)cc3F)=C3NC(=O)c4c(N)[nH+]cc5c4N3[C@H](CC5)[C@H]1C2,-4.772
161,CCCc1cc2c(=O)[nH]c3c(c2c2c1C(=O)N=CC2)NC(=O)N[C@H]3c1ccccc1Cc1cccc(O)c1,-4.771
342,COC(=O)CC(=O)[C@@H](C=O)C1=C2NC(=O)c3c(N)[nH+]cc4c3N2[C@H](CC4)[C@H]2Cc3ccccc3-c3c(OC)ccc(O)c3N12,-4.771
14,Nc1[nH+]cc2c3c1C(=O)N(CC(=O)[O-])[C@@H]1C=N[C@@H](CO)[C@H](CC2)N31,-4.768
1293,C[NH2+]Cc1cc(F)cc2c1-c1cccc(C)c1N1C(C3=CN(CC4(C)CCOCC4)C(=O)C3)=C3NC(=O)c4c(N)[nH+]cc5c4N3[C@H](CC5)[C@@H]1C2,-4.767
1026,C[NH2+]Cc1cc(F)cc2c1-c1cccc(C)c1N1C(C3=CN(C[C@@H]4CCCOC4)C(=O)C3)=C3NC(=O)c4c(N)[nH+]cc5c4N3[C@@H](CC5)[C@@H]1C2,-4.751
318,C=C1C=C2[C@@H]3CCc4c[nH+]c(N)c5c4N3[C@@H](NC5=O)[C@@H]3c4ccccc4OCCOc4c(OC(=O)[O-])cc(O)c(c4N23)C1,-4.751
243,C=c1cc2n(c3c(C)c[nH+]c4c(C)ccc1c43)[C@H](c1ccn(CCCO)c1)[C@@H]1NC(=O)c3c(N)[nH+]cc4c3N1[C@@H]2CC4,-4.742
407,C=c1cc2n(c3c(C)c(O)cc4c(C)ccc1c43)[C@@H](c1cnn(CCC(F)(F)F)c1)[C@@H]1NC(=O)c3c(N)[nH+]cc4c3N1[C@@H]2CC4,-4.731
568,Nc1ncc2c3c1c(=O)nc1n3[C@H](CC2)[C@H]2Cc3cc(F)cc4cc(O)cc(c34)/C(=C\COCC(=O)[O-])N2[C@@H]1c1ccc(O)cc1O,-4.729
1231,COc1cc(O)c2c(c1O)C[C@H]1[C@H]3CCc4cnc(N)c5c4N3[C@H](NC5=O)C(c3c(O)ccc([C@H](O)CO)c3O)=[N+]1c1ccc(C(=O)[O-])cc1-2,-4.722
182,CC(C)=C1Nc2ccccc2C[C@@H]2[C@H]3CCc4cnc(N)c5c(=O)nc(n3c45)[C@@H](C3=CN(CC(C)C)CC3)N12,-4.722
53,COc1cc(O)c(F)cc1-c1c2c(c3ccccc3c1-c1ccccc1F)C(=O)NC(=O)C2,-4.721
534,COCCOC/C=C1\c2cc(O)cc3cccc(c23)C[C@@H]2[C@H]3CCc4cnc(N)c5c(=O)nc(n3c45)[C@@H](c3ccc(O)cc3O)N12,-4.718
794,COCC1=CC/C(=C2/Nc3c(cc(F)cc3C(N)=O)C[C@@H]3[C@H]4CCc5c[nH+]c(N)c6c5N4C(=C(c4c(N)cc(F)cc4F)N23)NC6=O)C1,-4.717
725,C=c1cc2n(c3ccc(C(=O)[O-])c4cc(O)cc1c43)[C@H](c1c(O)ccc3c1OC[C@@H](O)C3)[C@@H]1NC(=O)c3c(N)[nH+]cc4c3N1[C@H]2CC4,-4.714
801,Nc1[nH+]cc2c3c1C(=O)NC1=C4c5cncc(c5)C[N@H+]5CC[C@H](C5)ONc5ccc6c(c5)N4[C@@H](Cc4cccc(C(=O)[O-])c4-6)[C@@H](CC2)N13,-4.713
143,CCCOC(=O)c1cc2cccc(C(=O)c3ccsc3)c2nc1NCc1ccc2cc(OC)ccc2c1,-4.713
149,CCCCC/C(C(=O)[O-])=C1\CC=c2c(n/c(=C/CC(C)C)n(Cc3ccc(O)c(C(F)(F)F)c3)c2=O)N1,-4.712
444,CC(C)=C1Nc2c(ccc(F)c2C)C[C@@H]2[C@H]3CCc4cnc(N)c5c(=O)nc(n3c45)[C@@H](C3=CN(Cc4ccccc4)CC3=O)N12,-4.708
39,O=C1Cc2c(-c3cc(F)c(O)cc3O)c(-c3ccccc3)c3ccc(F)cc3c2C(=O)N1,-4.698
27,[H]/N=C1/Nc2cc(O)cc3c2[C@@H]2[C@H]4[C@@H](CN2C1=O)C[C@@]([NH3+])(C(=O)[O-])CC(=O)N4[C@H](C)N3,-4.697
1168,Nc1[nH+]cc2c3c1C(=O)NC1=C(c4cncc(Cn5cc[nH]c5=O)c4)N4c5ccc(O)c6oc(=O)c7cc(F)cc(c7c56)C[C@@H]4[C@@H](CC2)N13,-4.694
691,C[NH2+]Cc1cccc2c1-c1ccc(O)c(C)c1N1C(C3=CN(CC(C)(C)C)C(=O)C3)=C3NC(=O)c4c(N)[nH+]cc5c4N3[C@H](CC5)[C@@H]1C2,-4.693
185,Nc1[nH+]c(N)c2c3c1CC[C@H]1[C@@H](c4cccc(F)c4F)N=C4[C@@H](N(C[C@@H](O)[C@]45CC[C@]4(CCCO4)C5)C2=O)N31,-4.693
196,Cc1ccc2ccc3cccc4c3c2c1N1C(c2cncnc2)=C2NC(=O)c3c(N)[nH+]cc5c3N2[C@H](CC5)[C@@H]1C4,-4.692
1363,COc1ccc(O)c2c1C[C@H]1[C@H]3CCc4cnc(N)c5c4N3[C@H](NC5=O)C(c3c(O)ccc(C[C@@H]4CN=NN4)c3O)=[N+]1c1ccc(C(=O)[O-])cc1-2,-4.692
32,C[C@@H]1[C@@H](CC(=O)NCC(=O)[O-])[NH2+][C@@H]2C[C@@H](O)CN3C(=O)c4c(N)nc(N)nc4N1[C@@H]23,-4.689
469,NC(=O)COC/C=C1\c2cccc3cc(F)cc(c23)C[C@@H]2[C@H]3CCc4cnc(N)c5c(=O)nc(n3c45)[C@@H](c3ccc(O)cc3O)N12,-4.689
89,CC1=C[C@H]2[C@H]3N(C1)C(=O)c1c(N)[nH+]cc4c1N3[C@H](CC4)[C@@H](CO)N2Cc1cc(F)c(C)cc1F,-4.683
643,Nc1[nH+]cc2c3c1C(=O)NC1=C4c5c(O)ccc6c5OC[C@H](CO6)C(=O)Oc5ccc6c(c5)N4[C@H](Cc4cc(=O)occ4-6)[C@@H](CC2)N13,-4.675
195,CCCN1C=NCC([C@@H]2c3nc(=O)c4c(N)ncc5c4n3[C@H](CC5)[C@H]3Cc4ccc(F)cc4CC(=C(C)C)N23)=C1,-4.671
440,Nc1[nH+]cc2c3c1C(=O)NC1=C(c4cncc(-c5ccccc5)c4)N4c5ccccc5-c5c(CO)cccc5C[C@H]4[C@@H](CC2)N13,-4.667
308,COC(=O)CC(=O)[C@@H](C=O)C1=C2NC(=O)c3c(N)[nH+]cc4c3N2[C@H](CC4)[C@H]2CC3=CCC=C3c3c(OC)ccc(O)c3N12,-4.665
549,Nc1[nH+]cc2c3c1C(=O)NC1=C(c4cncc(C5=C=CC=C5)c4)N4C5=CCc6c5c5c(cccc5c(=O)[nH]c6=O)C[C@H]4[C@H](CC2)N13,-4.665
1547,NC(=O)c1ccc2c(c1)-c1ccc3c(c1C[C@H]1[C@@H]4CCc5c[nH+]c(N)c6c5N4[C@@H](NC6=O)C(c4c(O)ccc(Cn5ccnc5)c4O)=[N+]21)OCCO3,-4.656
298,C=c1cc2n(c3c(C)c(OC)cc4cccc1c43)[C@H](c1cn(CCC)nc1O)[C@@H]1NC(=O)c3c(N)[nH+]cc4c3N1[C@H]2CC4,-4.653
56,O=C/C(Cc1ccccc1)=C1/CC=C2C(=O)N(Cc3ccc(F)cc3)/C(=C\C(=O)[O-])NC2=N1,-4.646
409,CCCc1cncc(C2=C3NC(=O)c4c(N)[nH+]cc5c4N3[C@H](CC5)[C@H]3Cc4cc(F)cc5c4C4=C(CC=C4N23)C(=O)N[C@H]5C)c1,-4.632
1314,CC(=O)OCC1=CC/C(=C2/Nc3c(cc(F)cc3C(N)=O)C[C@@H]3[C@H]4CCc5c[nH+]c(N)c6c5N4C(=C(c4c(N)cc(F)cc4F)N23)NC6=O)C1,-4.632
873,C[NH+](C)Cc1ccc(O)c(C2=[N+]3c4ccc(C(=O)[O-])cc4-c4ccc(F)c(O)c4C[C@H]3[C@@H]3CCc4c[nH+]c(N)c5c4N3[C@H]2NC5=O)c1O,-4.623
280,COC(=O)CCCC1=Cc2ccccc2C[C@@H]2[C@H]3CCc4cnc(N)c5c(=O)nc(n3c45)[C@@H](c3cc(C)ccc3O)N12,-4.623
1415,COc1ccc(O)c2c1C[C@@H]1[C@@H]3CCc4c[nH+]c(N)c5c4N3C(=C3c4c(O)ccc(c4O)C[N@@H+](C)CCCNC(=O)c4ccc(c-2c4)N31)NC5=O,-4.613
899,NC(=O)c1cc(F)cc2c1-c1ccccc1N1C(c3cncc(C[NH+]4CCCCC4)c3)=C3NC(=O)c4c(N)[nH+]cc5c4N3[C@H](CC5)[C@@H]1C2,-4.608
386,C/C=C/N1C=C([C@@H]2c3nc(=O)c4c(N)ncc5c4n3[C@H](CC5)[C@H]3Cc4cc(F)cc(C(=O)[O-])c4CC(=C(C)C)N23)CNC1=O,-4.608
201,C=C1C=C2[C@H]3CCc4c[nH+]c(N)c5c4N3[C@@H](NC5=O)[C@@H]([C@@H](C(=O)[O-])C(=O)CCCC)N2c2cc(OC)ccc2C1,-4.608
1440,COc1ccc(O)c2c1C[C@@H]1[C@@H]3CCc4c[nH+]c(N)c5c4N3[C@H](NC5=O)C(c3c(O)ccc(Cc4cnn[nH]4)c3O)=[N+]1c1ccc(C(=O)[O-])cc1-2,-4.603
574,C[NH2+]Cc1cccc2c1-c1ccccc1N1C(c3cncc(C[N@@H+]4CCCOC4)c3)=C3NC(=O)c4c(N)[nH+]cc5c4N3[C@H](CC5)[C@@H]1C2,-4.598
104,COc1ccc(F)cc1-c1c2c(c3cc(O)ccc3c1-c1c(F)cccc1OC)C(=O)NC(=O)C2,-4.593
570,C=c1cc2n(c3c(C)c(=O)[nH]c4cccc1c43)[C@H](C1=C(O)C[N+](Cc3cccc(C)c3)=C1)[C@@H]1NC(=O)c3c(N)[nH+]cc4c3N1[C@@H]2CC4,-4.592
1060,NC(=O)c1cc(F)cc2c1-c1cc(O)ccc1N1C(c3cncc(CN4CCNC4=O)c3)=C3NC(=O)c4c(N)[nH+]cc5c4N3[C@@H](CC5)[C@H]1C2,-4.588
442,CC(C)=C1Cc2c(cc(F)cc2C(=O)[O-])C[C@@H]2[C@H]3CCc4cnc(N)c5c(=O)nc(n3c45)[C@@H](C3=CN(CC(C)C)C=N[C@H]3O)N12,-4.579
1033,Nc1[nH+]cc2c3c1C(=O)NC1=C(c4cncc(CN5C[C@@H](O)CC5=O)c4)N4c5ccc(O)cc5-c5c(cccc5C(=O)[O-])C[C@@H]4[C@H](CC2)N13,-4.574
1370,NC(=O)c1cccc2c1-c1cc(O)ccc1N1C(c3cncc(Cn4cnc5ccccc54)c3)=C3NC(=O)c4c(N)[nH+]cc5c4N3[C@@H](CC5)[C@H]1C2,-4.572
1210,Nc1[nH+]cc2c3c1C(=O)N[C@H]1C(c4c(O)ccc(C[C@@H]5CNN=N5)c4O)=[N+]4c5ccc(C(=O)[O-])cc5-c5ccc(F)c([O-])c5C[C@H]4[C@@H](CC2)N31,-4.571
1788,Nc1[nH+]cc2c3c1C(=O)N[C@@H]1C(c4c(O)ccc(Cc5cc(=O)ccn5[O-])c4O)=[N+]4c5ccc(C(=O)[O-])cc5-c5c(O)ccc(O)c5C[C@@H]4[C@@H](CC2)N31,-4.564
1643,COc1ccc(O)c2c1C[C@@H]1[C@@H]3CCc4c[nH+]c(N)c5c4N3[C@H](NC5=O)C(c3c(O)ccc(Cc4cnnn4[O-])c3O)=[N+]1c1ccc(C(=O)[O-])cc1-2,-4.562
579,CC(C)=C1Cc2c(cc(F)cc2C(=O)[O-])C[C@@H]2[C@H]3CCc4cnc(N)c5c(=O)nc(n3c45)[C@@H](C3=CN(c4ccccc4)C(=O)NC3)N12,-4.562
60,NC([O-])=Cc1nc2c(c(=O)n1Cc1ccccc1)=CC/C(=C(\Cc1ccccc1)C(=O)[O-])[NH+]=2,-4.559
1017,NC(=O)c1cc(F)cc2c1-c1cc(O)c3cc1N1C(=C4NC(=O)c5c(N)[nH+]cc6c5N4[C@@H](CC6)[C@@H]1C2)c1cncc(c1)C[N@@H+]1CC[C@@H](C1)O3,-4.553
1254,COc1cc(O)c2c(c1O)C[C@H]1[C@H]3CCc4c[nH+]c(N)c5c4N3[C@H](NC5=O)C(c3c(O)ccc(C[C@H](N)O)c3O)=[N+]1c1ccc(C(=O)[O-])cc1-2,-4.552
385,C=c1cc2n(c3c(C)ccc4c(C(N)=O)ccc1c43)[C@@H](c1ccn(CCCO)c1)[C@@H]1NC(=O)c3c(N)[nH+]cc4c3N1[C@@H]2CC4,-4.551
408,Nc1[nH+]cc2c3c1C(=O)NC1=C(c4cncc(C5=CN=CC5)c4)N4c5ccccc5-c5c(cccc5C(O)O)C[C@H]4[C@@H](CC2)N13,-4.551
1473,COc1ccc(O)c2c1C[C@@H]1[C@@H]3CCc4c[nH+]c(N)c5c4N3[C@H](NC5=O)C(c3c(O)ccc(Cc4c[nH+]c[nH]4)c3O)=[N+]1c1ccc(C(=O)[O-])cc1-2,-4.548
918,CCC[C@H](O)c1ccc(O)c(C2=[N+]3c4ccc(C(=O)[O-])cc4-c4cccc(O)c4C[C@@H]3[C@@H]3CCc4c[nH+]c(N)c5c4N3[C@H]2NC5=O)c1O,-4.546
78,COc1cc(O)c(F)cc1-c1c2c(c3ccc(O)cc3c1-c1ccccc1F)C(=O)NC(=O)C2,-4.541
766,Cc1c(O)ccc2c1N1C(C3=CN(CC(C)(C)C)CC3)=C3NC(=O)c4c(N)[nH+]cc5c4N3[C@H](CC5)[C@@H]1Cc1cc(F)cc(C(N)=O)c1-2,-4.535
750,CC(C)=C1Nc2c(cc(F)cc2C(C)(C)F)C[C@@H]2[C@H]3CCc4cnc(N)c5c(=O)nc(n3c45)[C@@H](C3=CN(CCC(F)(F)F)CC3=O)N12,-4.526
1016,C[NH2+]Cc1cccc2c1-c1cccc(C)c1N1C(C3=CN(CC4(C)CCOCC4)C(=O)C3)=C3NC(=O)c4c(N)[nH+]cc5c4N3[C@H](CC5)[C@H]1C2,-4.522
35,CCCCC/C(C(=O)[O-])=C1\CC=c2c(nc(CC(C)=O)n(Cc3ccccc3)c2=O)=[NH+]1,-4.519
1455,COc1ccc(O)c2c1C[C@@H]1[C@@H]3CCc4c[nH+]c(N)c5c4N3[C@H](NC5=O)C(c3c(O)ccc(Cc4c[nH]nn4)c3O)=[N+]1c1ccc(C(=O)[O-])cc1-2,-4.518
304,Nc1[nH+]cc2c3c1C(=O)NC1=C(c4cncc(C(F)(F)F)c4)N4C5=CCC6=C5c5c(cccc5C[C@H]4[C@H](CC2)N13)C[NH2+]C6,-4.516
796,COc1cccc2c1C[C@@H]1[C@@H]3CCc4c[nH+]c(N)c5c4N3[C@@H](NC5=O)C(c3c(O)ccc(CC(N)=O)c3O)=[N+]1c1ccc(C(=O)[O-])cc1-2,-4.512
629,Nc1ncc2c3c1c(=O)nc1n3[C@H](CC2)[C@H]2Cc3cc(F)cc4cc(O)cc(c34)/C(=C\COCC(=O)[O-])N2[C@@H]1c1ccc(F)cc1[O-],-4.504
313,Nc1[nH+]cc2c3c1C(=O)NC1=C(C4=C[C@H]5C=CCC=C5N=C4)N4c5ccccc5-c5c(CO)cccc5C[C@@H]4[C@H](CC2)N13,-4.499
357,Nc1[nH+]cc2c3c1C(=O)NC1=C(c4cncc(C5=CN=C=C5)c4)N4c5ccccc5-c5c(CO)cccc5C[C@H]4[C@@H](CC2)N13,-4.485
848,Nc1[nH+]cc2c3c1C(=O)NC1=C4c5cc(c(O)cc5O)OCOCCOC/C=C5\c6cc([O-])cc7cc(F)cc(c67)C[C@@H]([C@@H](CC2)N13)N45,-4.474
784,COc1cccc2c1C[C@@H]1[C@@H]3CCc4c[nH+]c(N)c5c4N3[C@H](NC5=O)C(c3c([O-])ccc(C(F)(F)F)c3O)=[N+]1c1ccc(C(=O)[O-])cc1-2,-4.463
291,CC(C)=C1Cc2cc(F)ccc2C[C@@H]2[C@H]3CCc4cnc(N)c5c(=O)nc(n3c45)[C@@H](C3=CN(C(=O)CC(=O)[O-])C=NC3)N12,-4.458
172,CC1=C2/Nc3ccccc3C[C@H]3[C@H]4CCc5c[nH+]c(N)c6c5N4C(=C(c4ccc(O)cc4C\C=C/1)N23)NC6=O,-4.453
1724,COc1cccc2c1C[C@H]1[C@H]3CCc4c[nH+]c(N)c5c4N3C(=C3c4c(O)ccc(c4O)CN4CO[C@@](O)(Cc6cc(c-2cc6C(=O)[O-])N31)C4)NC5=O,-4.45
1111,C[C@H]([NH3+])Cc1ccc(O)c(C2=[N+]3c4ccc(C(=O)[O-])cc4-c4c(O)cc(O)c(O)c4C[C@H]3[C@H]3CCc4c[nH+]c(N)c5c4N3[C@H]2NC5=O)c1O,-4.45
1523,COc1ccc(O)c2c1C[C@@H]1[C@@H]3CCc4c[nH+]c(N)c5c4N3C(=C3c4c(O)ccc(c4O)C[N@@H+]4CO[C@@H](Cc6cc(c-2cc6C(=O)[O-])N31)C4)NC5=O,-4.448
155,C=C1C[C@@H]2[C@@H]3CCc4c[nH+]c(N)c5c4N3C(=C(C3=C([O-])C(=O)N=C3)N2c2cccc3cccc1c23)NC5=O,-4.447
228,CC(C)=C1Cc2ccccc2C[C@@H]2[C@H]3CCc4cnc(N)c5c(=O)nc(n3c45)[C@@H](C3=CN(CC(C)(C)C)CC3=O)N12,-4.446
1495,COc1cc(O)c2c(c1O)C[C@H]1[C@H]3CCc4cnc(N)c5c4N3[C@H](NC5=O)C(c3c(O)ccc(CC(O)(O)F)c3O)=[N+]1c1ccc(C(=O)[O-])cc1-2,-4.438
160,Nc1[nH+]cc2c3c1C(=O)NC1=C(C4=CC=NC4)N4/C(=C5\C=CC=CC5)Nc5ccccc5C[C@@H]4[C@@H](CC2)N13,-4.431
111,CCCCC(=O)/C(C(=O)[O-])=C1\CC=C2C(=O)N(Cc3ccc(O)c(C)c3)C3=CC(C)(C)CCN3C2=N1,-4.422
217,C=c1cc2n(c3c(C)c(O)cc4cccc1c43)[C@H](c1cnn(CCC)c1)[C@@H]1NC(=O)c3c(N)[nH+]cc4c3N1[C@H]2CC4,-4.418
340,C[NH+](C)CC1=CC/C(=C2/Nc3ccccc3C[C@@H]3[C@H]4CCc5c[nH+]c(N)c6c5N4C(=C(c4ccccc4F)N23)NC6=O)C1,-4.405
1377,COc1cccc2c1C[C@H]1[C@H]3CCc4c[nH+]c(N)c5c4N3C(=C3c4c(O)ccc(c4O)CN4CO[C@@H](Cc6cc(c-2cc6C(=O)[O-])N31)C4)NC5=O,-4.391
1211,COc1cc(O)c2c(c1O)C[C@H]1[C@H]3CCc4cnc(N)c5c4N3[C@H](NC5=O)C(c3c(O)ccc(CC(N)=O)c3O)=[N+]1c1ccc(C(=O)[O-])cc1-2,-4.383
607,C[NH2+]Cc1cc(F)cc2c1-c1cccc(C)c1N1C(C3=CN(CC(C)(C)C)C(=O)C3)=C3NC(=O)c4c(N)[nH+]cc5c4N3[C@H](CC5)[C@@H]1C2,-4.383
232,CCCN1C=C([C@@H]2c3nc(=O)c4c(N)ncc5c4n3[C@H](CC5)[C@H]3Cc4ccc(F)c(C)c4CC(=C(C)C)N23)C(=O)C1,-4.381
255,Nc1[nH+]cc2c3c1C(=O)NC1=C(C4=C5OCCCN[C@@H]5N=C4)N4c5ccccc5-c5ccc(F)cc5C[C@H]4[C@@H](CC2)N13,-4.378
884,C=C1C[C@H]2[C@H]3CCc4c[nH+]c(N)c5c4N3C(=C(c3c(O)ccc4c3OC[C@@H](O)C4)N2c2ccc3c4c2C1=CC(=O)[C@@H]4CNC3=O)NC5=O,-4.375
822,Nc1[nH+]cc2c3c1C(=O)NC1=C4c5cc(c(F)cc5O)CCNC(=O)COC/C=C5\c6cc(O)cc7cccc(c67)C[C@@H]([C@H](CC2)N13)N45,-4.375
588,Nc1[nH+]cc2c3c1C(=O)NC1=C(c4cncc(Cc5cccnc5)c4)N4c5ccccc5-c5c(cccc5C(=O)[O-])C[C@@H]4[C@H](CC2)N13,-4.374
1568,Cc1ccnnc1Cc1ccc(O)c(C2=[N+]3c4ccc(C(=O)[O-])cc4-c4c(O)ccc(O)c4C[C@@H]3[C@@H]3CCc4c[nH+]c(N)c5c4N3[C@H]2NC5=O)c1O,-4.372
569,Cc1c(O)cc2c3c1N1C(C4=CN(CC(C)(C)C)C(=O)C4)=C4NC(=O)c5c(N)[nH+]cc6c5N4[C@@H](CC6)[C@H]1Cc1cc(F)cc(c1-3)CC2,-4.37
297,[H]/N=C/c1cccc2c1CC(=C(C)C)N1[C@H](c3ccn(C[C@@H]4CCCO4)c3)c3nc(=O)c4c(N)ncc5c4n3[C@H](CC5)[C@H]1C2,-4.369
279,C[C@@]1(CCO)CC(=O)N2[C@@H]3[C@H]1CN1C(=O)C(C(N)=O)=Cc4cc(O)cc(c4[C@@H]31)C[C@@H]2C(=O)C1=CC2=CCC(=O)CC2=C1,-4.361
346,CCCN1C=N[C@@H](O)C([C@@H]2c3nc(=O)c4c(N)ncc5c4n3[C@H](CC5)[C@H]3Cc4cc(F)cc(C(=O)[O-])c4CC(=C(C)C)N23)=C1,-4.359
421,Cc1cccc2c1N1C(C3=CN(CC(C)(C)C)CC3)=C3NC(=O)c4c(N)[nH+]cc5c4N3[C@@H](CC5)[C@H]1Cc1cccc(C(=O)[O-])c1-2,-4.358
190,CC(=O)N[C@@H]1C=C2[C@@H](Cc3cccc(C(N)=O)c3)[C@@H](OC3C[C@]45CCC[C@]4(CCC5)C3)C(=O)N2C=C1C(N)=O,-4.344
266,C=c1cc2n(c3cccc4cccc1c43)[C@H](c1c(O)ccc3c1OCCC3)[C@@H]1NC(=O)c3c(N)[nH+]cc4c3N1[C@H]2CC4,-4.333
2032,Nc1ncc2c3c1C(=O)N[C@H]1C(c4c(O)ccc(C[NH+]5CCCCC5)c4O)=[N+]4c5ccc(C(=O)[O-])cc5-c5c(O)cc6c(c5C[C@@H]4[C@H](CC2)N31)OCCO6,-4.332
350,CCCn1cc(C2=C3NC(=O)c4c(N)[nH+]cc5c4N3[C@@H](CC5)[C@H]3Cc4ccc(F)c5c4-c4c(ccc(C)c4N23)CC5)c(O)n1,-4.326
445,Nc1[nH+]cc2c3c1C(=O)NC1=C(c4cncc(CN5C=[NH+]CC5)c4)N4c5ccccc5-c5c(CO)cccc5C[C@@H]4[C@@H](CC2)N13,-4.326
1379,COc1cccc2c1C[C@@H]1[C@@H]3CCc4c[nH+]c(N)c5c4N3[C@H](NC5=O)C(c3c(O)ccc(C[N@@H+](C)CC(=O)[O-])c3[O-])=[N+]1c1ccc(C(=O)[O-])cc1-2,-4.323
656,NC(=O)c1cccc2c1-c1ccccc1N1C(c3cncc(Cn4cc[nH]c4=O)c3)=C3NC(=O)c4c(N)[nH+]cc5c4N3[C@H](CC5)[C@@H]1C2,-4.322
787,Nc1[nH+]cc2c3c1C(=O)NC1=C(c4cncc(Cn5cc[nH]c5=O)c4)N4c5ccc(O)cc5-c5c(cccc5C(=O)[O-])C[C@H]4[C@@H](CC2)N13,-4.321
80,O=C/C(C(=O)c1ccccc1)=C1/CC=c2c(nc(C=C([O-])[O-])n(Cc3ccccc3O)c2=O)=N1,-4.321
821,C[C@H](O)Cc1ccc(O)c(C2=[N+]3c4ccc(C(=O)[O-])cc4-c4c(O)ccc(O)c4C[C@H]3[C@H]3CCc4c[nH+]c(N)c5c4N3[C@H]2NC5=O)c1O,-4.319
813,Nc1[nH+]cc2c3c1C(=O)NC1=C4c5cc(ccc5O)C5=CO[C@H](COC/C=C6\c7cc([O-])cc8cc(F)cc(c78)C[C@H]([C@H](CC2)N13)N46)O5,-4.316
1039,NC(=O)c1ccc(O)c(C2=[N+]3c4ccc(C(=O)[O-])cc4-c4ccc5c(c4C[C@H]3[C@H]3CCc4c[nH+]c(N)c6c4N3[C@H]2NC6=O)OCCO5)c1[O-],-4.316
209,Cc1cccc(Cc2ccc3c(ccn3C)c2-c2c(CO)c3c(c4c(CO)c(F)ccc24)C(=O)N=CC3=O)c1F,-4.313
790,Cc1cc(O)c2c(c1)-c1c(cccc1C(=O)[O-])C[C@@H]1[C@H]3CCc4c[nH+]c(N)c5c4N3C(=C(c3cncc(-c4ccccc4)c3)N21)NC5=O,-4.311
1087,COc1cccc2c1C[C@H]1[C@H]3CCc4cnc(N)c5c4N3[C@H](NC5=O)C(c3c(O)ccc(CNC(=O)[O-])c3O)=[N+]1c1ccc(C(=O)[O-])cc1-2,-4.307
1532,Nc1ncc2c3c1C(=O)N[C@H]1C(c4c(O)ccc([C@H](O)CCO)c4O)=[N+]4c5ccc(C(=O)[O-])cc5-c5c(O)cc6c(c5C[C@H]4[C@@H](CC2)N31)OCCO6,-4.296
551,C=c1cc2n(c3c(C)c(=O)[nH]c4cccc1c43)[C@H](C1=CN(Cc3ccccc3)CC1=O)[C@@H]1NC(=O)c3c(N)[nH+]cc4c3N1[C@@H]2CC4,-4.281
2340,COc1ccc(O)c2c1C[C@@H]1[C@@H]3CCc4c[nH+]c(N)c5c4N3[C@@H](NC5=O)C(c3c(O)ccc(Cc4cc(=O)[nH]c(=O)n4[O-])c3O)=[N+]1c1ccc(C(=O)[O-])cc1-2,-4.279
992,NC(=O)c1ccc(O)c(C2=[N+]3c4ccc(C(=O)[O-])cc4-c4c(O)cc(F)c(O)c4C[C@H]3[C@H]3CCc4c[nH+]c(N)c5c4N3[C@H]2NC5=O)c1[O-],-4.271
351,COC(=O)c1ccc(O)c(C2=C3NC(=O)c4c(N)[nH+]cc5c4N3[C@H](CC5)[C@@H]3Cc4cccc(C(=O)[O-])c4C4=CCC=C4N23)c1,-4.263
174,Nc1[nH+]cc2c3c1C(=O)NC1=C(C4=CCNC4=O)N4/C(=C5\C=CC=CC5)Nc5ccccc5C[C@@H]4[C@@H](CC2)N13,-4.262
19,Nc1[nH+]c(N)c2c3c1CC[C@H]1[C@@H](CO)N[C@H]4C(=O)C[C@@H](C=O)N(C2)[C@H]4N31,-4.26
1138,Nc1[nH+]cc2c3c1C(=O)NC1=C(c4cncc(CN5CC(=O)NC5=O)c4)N4c5ccc(O)cc5-c5c(cccc5C(=O)[O-])C[C@H]4[C@@H](CC2)N13,-4.258
852,COc1cccc2c1C[C@H]1[C@H]3CCc4cnc(N)c5c4N3[C@H](NC5=O)C(c3c(O)ccc(CC(=O)[O-])c3O)=[N+]1c1ccc(C(=O)[O-])cc1-2,-4.252
221,Cc1cccc(Cc2ccc3c(ccn3C)c2-c2c(CO)c3c(c4c(C(=O)[O-])c(O)ccc24)C(=O)N=CC3=O)c1F,-4.243
237,C=C1C[C@@H]2[C@H]3CCc4c[nH+]c(N)c5c4N3C(=C(C3=CN(CCC)CC3)N2c2c(C)ccc3c(CO)ccc1c23)NC5=O,-4.241
1064,COc1ccc(O)c2c1C[C@@H]1[C@@H]3CCc4c[nH+]c(N)c5c4N3[C@@H](NC5=O)C(c3c(O)ccc(CC(N)=O)c3O)=[N+]1c1ccc(C(=O)[O-])cc1-2,-4.237
188,CO[C@@H]1COC[C@@]2(CC(=O)N3c4ccnc5[nH+]c(N)c6c(c45)N4[C@@H](CC6)[C@@H](c5c(C)cccc5F)N=C2[C@@H]34)C1,-4.235
396,Nc1[nH+]cc2c3c1C(=O)NC1=C(c4cncc(-c5ccoc5)c4)N4c5ccccc5-c5c(CO)cccc5C[C@@H]4[C@H](CC2)N13,-4.229
1560,CCC[C@H](O)c1ccc(O)c(C2=[N+]3c4ccc(C(=O)[O-])cc4-c4c(O)cc5c(c4C[C@@H]3[C@@H]3CCc4c[nH+]c(N)c6c4N3[C@H]2NC6=O)OCCO5)c1O,-4.225
339,Nc1[nH+]cc2c3c1C(=O)NC1=C(C4=C5OCCCC=C5N=C4)N4c5cc(O)cc(O)c5-c5ccccc5C[C@H]4[C@@H](CC2)N13,-4.221
1444,Cc1cn[nH]c1Cc1ccc(O)c(C2=[N+]3c4ccc(C(=O)[O-])cc4-c4c(O)ccc(O)c4C[C@@H]3[C@@H]3CCc4c[nH+]c(N)c5c4N3[C@H]2NC5=O)c1O,-4.22
2203,COc1ccc(O)c2c1C[C@@H]1[C@@H]3CCc4cnc(N)c5c4N3[C@@H](NC5=O)C(c3c(O)ccc(Cc4cc(=O)ccn4[O-])c3O)=[N+]1c1ccc(C(=O)[O-])cc1-2,-4.219
197,CC(C)=C1Cc2ccccc2C[C@@H]2[C@H]3CCc4cnc(N)c5c(=O)nc(n3c45)[C@@H](C3=CN(CC(C)C)CC3=O)N12,-4.211
37,CCCc1cc(C2=C3NC(=O)c4c(N)[nH+]cc5c4N3[C@@H](CC5)[C@@H](C)N2C)c(O)cc1O,-4.201
205,Cc1cccc(Cc2ccc3c(ccn3C)c2-c2c(CO)c3c(c4c(C(=O)[O-])cccc24)C(=O)N=CC3=O)c1F,-4.199
494,C=C1C[C@H]2[C@H]3CCc4c[nH+]c(N)c5c4N3C(=C(c3cn(Cc4cccc(O)c4)cc3O)N2C2=C(C)COc3cccc1c32)NC5=O,-4.197
624,C=C1C[C@H]2[C@@H]3CCc4c[nH+]c(N)c5c4N3C(=C3C4=CN(CC4=O)Cc4cncc(c4)COc4cc6cccc1c6c(c4C)N32)NC5=O,-4.19
446,C=c1cc2n(c3c(C)c(O)cc4c(C(=O)[O-])ccc1c43)[C@@H](c1ccn(CCCC)c1)[C@@H]1NC(=O)c3c(N)[nH+]cc4c3N1[C@H]2CC4,-4.19
1116,Cc1c(O)cc2c3c1N1C(C4=CN(C[C@@H]5CC[C@@H](O)C5)C(=O)C4)=C4NC(=O)c5c(N)[nH+]cc6c5N4[C@@H](CC6)[C@@H]1Cc1cc(F)cc(c1-3)CC2,-4.177
71,O=C([O-])/C1=C2\CC=c3c(n/c(n(Cc4ccc(F)cc4)c3=O)=C\[C@@H](O)C[NH2+]CCCCCC1)N2,-4.173
208,Nc1[nH+]cc2c3c1C(=O)NC1=C(c4ccccc4O)N4/C(=C5\C=CC=CC5)Nc5ccccc5C[C@@H]4[C@@H](CC2)N13,-4.173
972,CCCCc1ccc(O)c(C2=[N+]3c4ccc(C(=O)[O-])cc4-c4cccc(OC)c4C[C@@H]3[C@H]3CCc4c[nH+]c(N)c5c4N3[C@H]2NC5=O)c1O,-4.173
286,CCCc1cncc(C2=C3NC(=O)c4c(N)[nH+]cc5c4N3[C@@H](CC5)[C@@H]3Cc4cccc5c4C4=C(C[NH2+]C5)CC(C)=C4N23)c1,-4.165
401,C=C1C[C@H]2[C@H]3CCc4c[nH+]c(N)c5c4N3C(=C(c3cn(COC)cc3O)N2C2=C3CCOC(=O)[C@@H]3Cc3cccc1c32)NC5=O,-4.159
1639,Cc1ccn([O-])c1Cc1ccc(O)c(C2=[N+]3c4ccc(C(=O)[O-])cc4-c4c(O)ccc(O)c4C[C@@H]3[C@@H]3CCc4c[nH+]c(N)c5c4N3[C@H]2NC5=O)c1O,-4.159
356,Nc1[nH+]cc2c3c1C(=O)NC1=C(C4=C5OC[C@H](F)CC=C5N=C4)N4c5cc(O)cc(O)c5-c5ccccc5C[C@H]4[C@@H](CC2)N13,-4.158
128,O=C([O-])/C(CCCCO)=C1/CC=c2c(nc(C=C([O-])c3ccccc3)n(Cc3ccccc3)c2=O)=[NH+]1,-4.153
1018,Nc1[nH+]cc2c3c1C(=O)NC1=C(c4cncc(Cn5cc[nH]c5=O)c4)N4c5ccc(O)cc5-c5c(cc(F)cc5C(=O)[O-])C[C@H]4[C@@H](CC2)N13,-4.152
230,C=c1cc2n(c3c(C)ccc4cc(C)cc1c43)[C@H](c1ccn(CCC)c1)[C@@H]1NC(=O)c3c(N)[nH+]cc4c3N1[C@H]2CC4,-4.148
919,C=C1C[C@H]2[C@@H]3CCc4c[nH+]c(N)c5c4N3C(=C(c3c(O)ccc4c3OC[C@@H](O)C4)N2c2ccc3c(=O)[n-]cc4c3c2C1=CC4=O)NC5=O,-4.144
1112,COC(=O)c1ccc(O)c(C2=[N+]3c4ccc(C(=O)[O-])cc4-c4c(O)cc(O)c(O)c4C[C@@H]3[C@@H]3CCc4c[nH+]c(N)c5c4N3[C@H]2NC5=O)c1[O-],-4.139
1591,COc1ccc(O)c2c1C[C@@H]1[C@@H]3CCc4c[nH+]c(N)c5c4N3C(=C3c4c(O)ccc(c4O)CN4CO[C@H](C4)Oc4cc(c-2cc4C(=O)[O-])N31)NC5=O,-4.139
24,Nc1[nH+]c(N)c2c3c1CC[C@H]1[C@@H](CO)N[C@@H]4C[C@@](O)(C(=O)[O-])[C@@H]([O-])[N@@H+](C2)[C@@H]4N31,-4.133
61,O=C/C(C(=O)c1ccccc1)=C1/CC=C2C(=O)N(Cc3ccccc3)/C(=C\CCO)NC2=N1,-4.122
1353,Nc1[nH+]cc2c3c1C(=O)NC1=C4c5cc(c(O)cc5O)Oc5cccc(c5)COC/C=C5\c6cc([O-])cc7cc(F)cc(c67)C[C@@H]([C@H](CC2)N13)N45,-4.113
390,C=c1cc2n(c3c(C)c(O)cc4c(C(=O)[O-])ccc1c43)[C@@H](c1ccn(CCC)c1)[C@@H]1NC(=O)c3c(N)[nH+]cc4c3N1[C@@H]2CC4,-4.104
41,O=C1Cc2c(-c3cc(F)c(O)cc3O)c(-c3ccccc3)c3ccc(O)cc3c2C(=O)N1,-4.1
47,CC1=C2N[C@@H]3CN(C[C@H]3O)C(=O)C[C@@H]3N[C@H]2[C@H]2N(C1)C(=O)c1c(N)nc(N)nc1N2[C@H]3C,-4.095
169,C=C(C(=O)[O-])C1=C2NC(=O)c3c(N)[nH+]cc4c3N2[C@H](CC4)[C@H]2Cc3ccccc3N/C(=C3/C=CC=CC3)N12,-4.086
530,NC(=O)c1ccc(O)c(C2=[N+]3c4ccc(C(=O)[O-])cc4-c4cccc(O)c4C[C@@H]3[C@@H]3CCc4c[nH+]c(N)c5c4N3[C@H]2NC5=O)c1[O-],-4.085
1216,Nc1[nH+]cc2c3c1C(=O)NC1=C4c5cc(ccc5O)OC5=COC=C(COC/C=C6\c7cc(O)cc8cc(F)cc(c78)C[C@H]([C@@H](CC2)N13)N46)O5,-4.082
507,CC(=O)n1ccc(C2=C3NC(=O)c4c(N)[nH+]cc5c4N3[C@H](CC5)[C@@H]3Cc4cccc5c4N4C(=C6C=CCC=C6O[C@H]4C[C@H]5O)N23)c1,-4.082
392,Nc1[nH+]cc2c3c1C(=O)NC1=C(C4=C5OCCC(=O)N=C5N=C4)N4c5cc(O)ccc5-c5ccc(F)cc5C[C@H]4[C@@H](CC2)N13,-4.081
1072,Nc1[nH+]cc2c3c1C(=O)N[C@@H]1C(c4c(O)ccc(CCC(=O)[O-])c4O)=[N+]4c5ccc(C(=O)[O-])cc5-c5ccc(F)c(O)c5C[C@H]4[C@H](CC2)N31,-4.078
863,Nc1[nH+]cc2c3c1C(=O)N[C@H]1C(c4c(O)ccc(C(F)(F)F)c4[O-])=[N+]4c5ccc(C(=O)[O-])cc5-c5ccc(F)c([O-])c5C[C@H]4[C@@H](CC2)N31,-4.07
2699,Nc1[nH+]cc2c3c1C(=O)NC1=C4c5c(O)ccc(c5O)Cn5c[nH+]c(c5)/C=C\NC(=O)c5ccc6c(c5)-c5c(O)cc7c(c5C[C@H]([C@H](CC2)N13)N46)OCCO7,-4.068
171,CCCN1C=NCC([C@@H]2c3nc(=O)c4c(N)ncc5c4n3[C@H](CC5)[C@H]3Cc4ccccc4NC(=C(C)C)N23)=C1,-4.065
404,C=C1C[C@@H]2[C@@H]3CCc4c[nH+]c(N)c5c4N3C(=C(c3cn(Cc4ccccc4)cc3O)N2C2=C(C)CCc3cccc1c32)NC5=O,-4.065
1315,Nc1[nH+]cc2c3c1C(=O)NC1=C4c5c(O)ccc(c5O)CCCC(=O)OCC(=O)c5ccc6c(c5)-c5ccc(F)c(O)c5C[C@H]([C@@H](CC2)N13)N46,-4.057
148,CCCCC/C(C(=O)[O-])=C1\CC=C2C(=O)N(Cc3cccc(C(F)(F)F)c3)C3=C[C@](C)(O)CCN3C2=N1,-4.054
44,CC[C@@H]1[C@@H]2CCc3c[nH+]c(N)c4c3N2C(=C(c2cncc(CC(F)(F)F)c2)N1C)NC4=O,-4.052
567,Nc1[nH+]cc2c3c1C(=O)NC1=C(c4cncc(CN5C=[NH+]CC5)c4)N4c5ccc(O)cc5-c5c(cccc5C(=O)[O-])C[C@H]4[C@@H](CC2)N13,-4.046
406,C=c1cc2n(c3c(C)c(OC)cc4c(C(N)=O)ccc1c43)[C@@H](c1ccn(CCC)c1)[C@@H]1NC(=O)c3c(N)[nH+]cc4c3N1[C@@H]2CC4,-4.043
309,Nc1[nH+]cc2c3c1C(=O)NC1=C(c4cnc5c(c4)C=CCN5)N4c5ccccc5-c5c(CO)cccc5C[C@@H]4[C@H](CC2)N13,-4.04
1034,Cc1ccc2c3c1N1C(C4=CN(CC5(C)CCOCC5)C(=O)C4)=C4NC(=O)c5c(N)[nH+]cc6c5N4[C@@H](CC6)[C@@H]1Cc1cc(F)cc(c1-3)CC2,-4.04
224,Nc1[nH+]cc2c3c1C(=O)NC1=C([C@@H](C=O)C(=O)[C@H]4C=CCC4)N4c5c(O)cccc5-c5cscc5C[C@@H]4[C@@H](CC2)N13,-4.037
1373,Nc1[nH+]cc2c3c1C(=O)N[C@H]1C(c4c(O)ccc([C@H](O)CCO)c4O)=[N+]4c5ccc(C(=O)[O-])cc5-c5ccc6c(c5C[C@H]4[C@@H](CC2)N31)OCCO6,-4.028
2393,Nc1[nH+]cc2c3c1C(=O)NC1=C4c5c(O)ccc(c5O)CN5C=CO/C(=C/NC(=O)c6ccc7c(c6)-c6c(O)cc8c(c6C[C@H]([C@@H](CC2)N13)N47)OCCO8)C5,-4.022
263,CCCn1cc([C@@H]2c3nc(=O)c4c(N)ncc5c4n3[C@H](CC5)[C@H]3Cc4cccc(C[NH2+]C)c4NC(=C(C)C)N23)c(O)n1,-4.014
107,Cc1cccc(Cn2c(=O)c3c(n4cnc(=O)cc24)=N/C(=C(\C=O)C(=O)c2ccccc2)CC=3)c1,-3.996
1214,NC(=O)c1ccc(O)c(C2=[N+]3c4ccc(C(=O)[O-])cc4-c4c(O)cc5c(c4C[C@H]3[C@H]3CCc4c[nH+]c(N)c6c4N3[C@H]2NC6=O)OCCO5)c1[O-],-3.991
180,COc1cc(=O)c2/c(=C/[O-])n3c(=O)c4c(N)[nH+]c(N)c5c4n4c3c3c=2c1=C[C@@H]1C[C@@H](O)[C@@H](O)[C@H]([C@H]4CC5=O)N31,-3.987
2013,C[N@H+]1CCOCNC(=O)c2ccc3c(c2)-c2c(O)cc4c(c2C[C@H]2[C@H]5CCc6c[nH+]c(N)c7c6N5C(=C(c5c(O)ccc(c5O)C1)N32)NC7=O)OCCO4,-3.973
1150,CC[N@@H+](C)Cc1ccc(O)c(C2=[N+]3c4ccc(C(=O)[O-])cc4-c4cccc(OC)c4C[C@H]3[C@H]3CCc4c[nH+]c(N)c5c4N3[C@H]2NC5=O)c1O,-3.972
58,C[C@H](O)/C=C1/NC2=N/C(=C(\C=O)C(=O)c3ccccc3)CC=C2C(=O)N1Cc1ccccc1,-3.968
738,Cc1ccc2c(c1)-c1c(cccc1C(=O)[O-])C[C@@H]1[C@@H]3CCc4c[nH+]c(N)c5c4N3C(=C(c3cncc(-c4ccccc4)c3)N21)NC5=O,-3.964
159,C=C1C=C2[C@@H]3CCc4c[nH+]c(N)c5c4N3[C@@H](NC5=O)[C@H](c3c[nH+]cc4c3OCCC4)N2c2ccccc2C1,-3.964
637,C=C1C[C@@H]2[C@H]3CCc4c[nH+]c(N)c5c4N3C(=C3C4=CN(CC4=O)Cc4cccc(c4)COc4cc6cccc1c6c(c4C)N32)NC5=O,-3.964
274,C=c1cc2n(c3c(C)c(O)cc4cc(C)cc1c43)[C@H](c1ccn(CCC)c1)[C@@H]1NC(=O)c3c(N)[nH+]cc4c3N1[C@H]2CC4,-3.959
287,Nc1[nH+]cc2c3c1C(=O)NC1=C(c4cnc5ccccc5c4)N4c5ccccc5-c5c(CO)cccc5C[C@H]4[C@@H](CC2)N13,-3.958
533,COc1ccc(F)cc1C1=N[C@@H](c2cc(Cl)ccc2C(=O)[O-])C(=O)N2Cc3cc(O)cc4c3[C@@H]3[C@H]2[C@@H]1CN3C(=O)[C@]1(CCCO1)O4,-3.947
336,Nc1[nH+]cc2c3c1C(=O)NC1=C(c4c[nH]c5c(c4=O)CC(=O)O5)N4c5ccccc5-c5cc(F)ccc5C[C@H]4[C@H](CC2)N13,-3.939
69,C[C@@H]1[C@@H]2CCc3c(N)[nH+]c(N)c4c3N2[C@@H]2[C@H]3[C@H]5C(=CC=C6C(=O)C=CC(=C65)C(=O)N31)CN2C4=O,-3.933
1245,NC(=O)c1cc(F)cc2c1-c1cc(O)c3cc1N1C(=C4NC(=O)c5c(N)[nH+]cc6c5N4[C@H](CC6)[C@H]1C2)c1cncc(c1)CN1CC[C@@H](C3)C1=O,-3.922
354,CC1=C2C(=CC1)c1ccccc1C[C@@H]1[C@H]3CCc4cnc(N)c5c(=O)nc(n3c45)[C@H](C3=CC(=O)N(Cc4ccccc4)C3)N21,-3.919
391,C[NH2+]Cc1cccc2c1NC(=C(C)C)N1[C@H](C3=CN(C4CCCC4)CC3=O)c3nc(=O)c4c(N)ncc5c4n3[C@H](CC5)[C@H]1C2,-3.916
241,C=c1cc2n(c3c(C)c(C)cc4cccc1c43)[C@H](C1=CN(CCC)CC1=O)[C@@H]1NC(=O)c3c(N)[nH+]cc4c3N1[C@H]2CC4,-3.906
432,C=C1C[C@H]2[C@@H]3CCc4c[nH+]c(N)c5c4N3C(=C(c3c(O)ccc4c3OC[C@@H](O)C4)N2c2ccc(C)c3c2C1=CC(=O)C3)NC5=O,-3.903
72,COc1ccc(F)cc1-c1c2c(c3ccccc3c1-c1c(F)cccc1OC)C(=O)NC(=O)C2,-3.903
880,CC1=C2N(C=CC1)c1c(CNC(=O)[O-])cccc1C[C@H]1[C@@H]3CCc4c[nH+]c(N)c5c4N3C(=C(C3=CN(C4CCCC4)CC3=O)N21)NC5=O,-3.9
316,Nc1[nH+]cc2c3c1C(=O)NC1=C(c4cc(C(=O)[O-])ccc4O)N4C5=CCC=C5c5c(cccc5C(=O)[O-])C[C@H]4[C@@H](CC2)N13,-3.891
1360,CC[N@H+](C)Cc1ccc(O)c(C2=[N+]3c4ccc(C(=O)[O-])cc4-c4ccc5c(c4C[C@H]3[C@@H]3CCc4c[nH+]c(N)c6c4N3[C@H]2NC6=O)OCCO5)c1[O-],-3.889
193,C=C1C[C@@H]2[C@H]3CCc4c[nH+]c(N)c5c4N3C(=C(C3=CN(CCC)CC3)N2c2c(C)c[nH+]c3cccc1c23)NC5=O,-3.889
290,Nc1[nH+]cc2c3c1C(=O)NC1=C(C4=C5OCCCN[C@@H]5N=C4)N4c5cc(F)ccc5-c5ccc(F)cc5C[C@@H]4[C@H](CC2)N13,-3.886
417,Nc1[nH+]cc2c3c1C(=O)N[C@H]1C(c4c(O)ccc(CC[NH3+])c4O)=[N+]4c5ccc(C(=O)[O-])cc5-c5ccccc5C[C@H]4[C@@H](CC2)N31,-3.879
173,CC(C)=C1Cc2ccccc2C[C@@H]2[C@H]3CCc4cnc(N)c5c(=O)nc(n3c45)[C@@H](c3cnn(CC(C)C)c3)N12,-3.879
361,COC(=O)N1C=C([C@@H]2c3nc(=O)c4c(N)ncc5c4n3[C@H](CC5)[C@H]3Cc4cccc(C(=O)[O-])c4CC(=C(C)C)N23)CNC1=O,-3.876
427,COC1=C/C(=C2\[N-]c3ccccc3C[C@@H]3[C@H]4CCc5c[nH+]c(N)c6c5N4[C@H](NC6=O)C(c4c(O)cc(O)cc4O)=[N+]23)CC(O)=C1,-3.862
393,Cc1ccc2ncc(C3=C4NC(=O)c5c(N)[nH+]cc6c5N4[C@H](CC6)[C@@H]4Cc5cccc(CO)c5-c5ccccc5N34)cc2c1,-3.857
2095,Nc1[nH+]cc2c3c1C(=O)NC1=C4c5c(O)ccc(c5O)CN5C=N/C(=C/NC(=O)c6ccc7c(c6)-c6c(O)cc8c(c6C[C@@H]([C@H](CC2)N13)N47)OCCO8)C5,-3.854
109,COc1ccc(F)cc1-c1c2c(c3ccccc3c1-c1c(F)ccc3c1OCCC3)C(=O)NC(=O)C2,-3.85
472,Cc1ccc2c3c1N1C(C4=CN(CC(C)(C)C)C(=O)C4)=C4NC(=O)c5c(N)[nH+]cc6c5N4[C@@H](CC6)[C@H]1Cc1cc(F)cc(c1-3)CC2,-3.847
1955,C[N@H+]1CCOCNC(=O)c2ccc3c(c2)-c2ccc4c(c2C[C@H]2[C@H]5CCc6c[nH+]c(N)c7c6N5C(=C(c5c(O)ccc(c5O)C1)N32)NC7=O)OCCO4,-3.846
120,Nc1[nH+]cc2c3c1C(=O)NC1=C(C4=CN=NC4)N4C5=CCC=C5c5ccc(F)cc5C[C@@H]4[C@H](CC2)N13,-3.844
1007,C=C1C[C@H]2[C@H]3CCc4c[nH+]c(N)c5c4N3C(=C(c3c(O)cc(F)c4c3OC[C@@H](O)C4)N2c2ccc(C(N)=O)c3c2C1=CC(=O)C3)NC5=O,-3.83
94,O=C1CCCC/C(C(=O)[O-])=C2/CC=C3C(=O)[N+](Cc4ccccc4)=C(C=C(O)CCN1)N=C3N2,-3.824
1073,Cc1c2cc3c4c1N1C(=C5NC(=O)c6c(N)[nH+]cc7c6N5[C@H](CC7)[C@H]1Cc1cc(F)cc(c1-4)CC3)C1=CN(C[C@@H]3CN=C(CO2)C3)C(=O)C1,-3.822
547,Cc1ccc2ccc3cc(F)cc4c3c2c1N1C(c2ccn(C[C@@H]3CCCO3)c2)=C2NC(=O)c3c(N)[nH+]cc5c3N2[C@@H](CC5)[C@@H]1C4,-3.817
9,CCN1C(=O)CCc2cc(O)ccc2[C@H]1CNC(=O)C(=O)[O-],-3.811
244,C=C1C=C2[C@@H]3CCc4c[nH+]c(N)c5c4N3[C@@H](NC5=O)[C@H](c3c(O)c4cc(C)ccc4[nH]c3=O)N2c2cccc(O)c2C1,-3.807
147,COc1ccc(F)cc1-c1c2c(c3ccccc3c1-c1c(F)ccc3ccc(=O)oc13)C(=O)NC(=O)C2,-3.805
242,Nc1[nH+]cc2c3c1C(=O)NC1=C(c4cnc5ncccc5c4)N4c5ccccc5-c5cc(F)ccc5C[C@H]4[C@H](CC2)N13,-3.803
229,Nc1[nH+]cc2c3c1C(=O)NC1=C(c4cnc5ncccc5c4)N4c5ccccc5-c5ccccc5C[C@@H]4[C@H](CC2)N13,-3.801
254,Nc1[nH+]cc2c3c1C(=O)NC1=C(c4cnn5c4OCC[C@@H](O)C5)N4c5ccccc5-c5ccccc5C[C@H]4[C@@H](CC2)N13,-3.795
70,NC([O-])=Cc1nc2c(c(=O)n1Cc1ccccc1O)=CC/C(=C(/C=O)C(=O)c1ccccc1)N=2,-3.791
158,Nc1[nH+]cc2c3c1C(=O)NC1=C4c5cnccc5OCC/C=C5/Cc6cc(F)ccc6C[C@H]([C@H](CC2)N13)N45,-3.77
126,O=C([O-])/C1=C2\CC=c3c(n/c(n(Cc4ccc(F)cc4)c3=O)=C\C/C=C\c3cccc(c3)CCC1)N2,-3.768
51,Nc1[nH+]c(N)c2c3c1CC[C@@H]1[C@@H](c4cccc(F)c4F)N=C4C(C(=O)[O-])=CCN(C2=O)[C@H]4N31,-3.758
283,C=C1C=C2[C@@H]3CCc4c[nH+]c(N)c5c4N3[C@@H](NC5=O)[C@@H](c3cccc4c3OC[C@@H](CO)O4)N2c2ccc(OC)cc2C1,-3.753
245,CC1(C)COc2c(C3=C4NC(=O)c5c(N)[nH+]cc6c5N4[C@@H](CC6)[C@H]4Cc5ccccc5-c5ccccc5N34)c[nH+]cc21,-3.753
1530,CC[N@H+](C)Cc1ccc(O)c(C2=[N+]3c4ccc(C(=O)[O-])cc4-c4c(O)cc5c(c4C[C@H]3[C@@H]3CCc4c[nH+]c(N)c6c4N3[C@H]2NC6=O)OCCO5)c1O,-3.743
1445,C[NH2+]Cc1cc(F)cc2c1-c1cccc(C)c1N1C(C3=CN(C[C@]45CCO[C@H](C4)OC5)C(=O)C3)=C3NC(=O)c4c(N)[nH+]cc5c4N3[C@H](CC5)[C@@H]1C2,-3.734
439,Nc1[nH+]cc2c3c1C(=O)NC1=C(c4cnnc(-c5ccccc5)c4)N4c5ccccc5-c5c(CO)cccc5C[C@@H]4[C@@H](CC2)N13,-3.732
465,CCCn1cc([C@@H]2c3nc(=O)c4c(N)ncc5c4n3[C@H](CC5)[C@H]3Cc4cc(F)cc(C(=O)[O-])c4CC(=C(C)C)N23)c(=O)[nH]c1=O,-3.728
380,C=C1C[C@@H]2[C@@H]3CCc4c[nH+]c(N)c5c4N3C(=C(C3=CN(CCC)CC3=O)N2c2c(C)c(OC)cc3c(C)ccc1c23)NC5=O,-3.721
251,Nc1[nH+]cc2c3c1C(=O)NC1=C(c4cnn5c4OCCCC5)N4c5ccccc5-c5ccc(F)cc5C[C@H]4[C@@H](CC2)N13,-3.713
2050,COc1ccc(O)c2c1C[C@H]1[C@H]3CCc4cnc(N)c5c4N3[C@H](NC5=O)C(c3c(O)ccc(CC4=CC(O)=CCN4O)c3O)=[N+]1c1ccc(C(=O)[O-])cc1-2,-3.706
295,CC1(C)COc2c(C3=C4NC(=O)c5c(N)[nH+]cc6c5N4[C@@H](CC6)[C@@H]4Cc5ccc(F)cc5-c5ccccc5N34)c[nH+]cc21,-3.693
335,COC(=O)c1cncc(C2=C3NC(=O)c4c(N)[nH+]cc5c4N3[C@@H](CC5)[C@@H]3Cc4cccc5c4C4=C(CC=C4N23)C[NH2+]C5)c1,-3.693
1376,Nc1[nH+]cc2c3c1C(=O)N[C@H]1C(c4c(O)ccc(Cc5ccccn5)c4O)=[N+]4c5ccc(C(=O)[O-])cc5-c5c(O)ccc(O)c5C[C@@H]4[C@H](CC2)N31,-3.685
348,Nc1[nH+]cc2c3c1C(=O)NC1=C(c4cncc(C(F)F)c4)N4c5cccc6c5-c5c(cc(F)cc5C[C@@H]4[C@H](CC2)N13)C[NH2+]C6,-3.683
345,COc1cc(O)c2c(c1)N1C(C3=C4OCCCC=C4N=C3)=C3NC(=O)c4c(N)[nH+]cc5c4N3[C@@H](CC5)[C@H]1Cc1ccccc1-2,-3.683
156,C/C=C1\c2cccc3cccc(c23)C[C@@H]2[C@H]3CCc4cnc(N)c5c(=O)nc(n3c45)[C@@H](c3cncnc3)N12,-3.678
191,C=C1C=C2[C@H]3CCc4cnc(N)c5c(=O)nc(n3c45)[C@@H](c3c(O)cccc3OC)N2[C@H](CC)c2ccc(O)cc21,-3.675
1222,Nc1[nH+]cc2c3c1C(=O)NC1=C4c5cc(ccc5O)/N=C5/CCC[C@@H](COC/C=C6\c7cc([O-])cc8cc(F)cc(c78)C[C@@H]([C@@H](CC2)N13)N46)O5,-3.673
1683,NC(=O)c1ccc2c(c1)-c1ccc3c(c1C[C@H]1[C@@H]4CCc5c[nH+]c(N)c6c5N4[C@@H](NC6=O)C(c4c(O)ccc(Cn5cccc5)c4O)=[N+]21)OCCO3,-3.671
1213,Nc1ncc2c3c1c(=O)nc1n3[C@H](CC2)[C@H]2Cc3cc(F)cc4cc(O)cc(c34)/C(=C\COCc3ccccc3)N2[C@@H]1c1ccc(O)cc1O,-3.67
978,C[NH2+]Cc1cccc2c1-c1cccc(C)c1N1C(C3=CN(C[C@@H]4CCC(=O)NC4)CC3)=C3NC(=O)c4c(N)[nH+]cc5c4N3[C@H](CC5)[C@@H]1C2,-3.654
292,C=C1C=C2[C@H]3CCc4c[nH+]c(N)c5c4N3[C@@H](NC5=O)[C@@H]3c4c(O)cc(F)cc4O[C@@H](O)COc4c(O)cc(O)c(c4N23)C1,-3.645
366,Nc1[nH+]cc2c3c1C(=O)NC1=C(c4cncc(C(F)(F)F)c4)N4c5cccc6c5-c5c(cccc5C[C@H]4[C@@H](CC2)N13)C[NH2+]C6,-3.636
1810,C[N@H+]1CCOCC(=O)c2ccc3c(c2)-c2c(O)cc4c(c2C[C@H]2[C@@H]5CCc6c[nH+]c(N)c7c6N5C(=C(c5c(O)ccc(c5O)C1)N32)NC7=O)OCCO4,-3.627
861,C=C1C[C@@H]2[C@H]3CCc4c[nH+]c(N)c5c4N3C(=C(c3cn(Cc4ccc(O)cc4O)cc3O)N2C2=C(C)C(=O)Cc3cccc1c32)NC5=O,-3.625
405,CC(=O)n1ccc(C2=C3NC(=O)c4c(N)[nH+]cc5c4N3[C@H](CC5)[C@H]3Cc4cccc(C(N)=O)c4N/C(=C4/C=CCC=C4O)N23)c1,-3.623
326,Nc1[nH+]cc2c3c1C(=O)NC1=C(c4c[nH+]cc5c4OCCC5)N4c5cc(F)ccc5-c5ccc(F)cc5C[C@H]4[C@@H](CC2)N13,-3.618
249,C=C1C[C@@H]2[C@@H]3CCc4c[nH+]c(N)c5c4N3C(=C(C3=CN(CCC)CC3=O)N2c2c(C)ccc3c(C)ccc1c23)NC5=O,-3.613
438,CC(C)=C1Cc2c(cc(F)cc2C(=O)[O-])C[C@@H]2[C@H]3CCc4cnc(N)c5c(=O)nc(n3c45)[C@@H](C3=C[n+]4cc(C)cnc4NC3)N12,-3.609
28,Cc1cccc(-c2c(NC(=O)CN(CC(N)=O)c3ccc(Cl)cc3)cc[nH]c2=O)c1,-3.597
1129,Cc1c(O)cc2c3c1N1C(C4=CN(CC5(C)CCCC5)C(=O)C4)=C4NC(=O)c5c(N)[nH+]cc6c5N4[C@@H](CC6)[C@H]1Cc1cc(F)cc(c1-3)CC2,-3.589
1923,Nc1[nH+]cc2c3c1C(=O)NC1=C4c5c(O)ccc(c5O)CN5CO[C@@H](Cc6cc7c(cc6C(=O)[O-])-c6ccc8c(c6C[C@H]([C@@H](CC2)N13)N47)OCCO8)C5,-3.584
248,Nc1[nH+]cc2c3c1C(=O)NC1=C4c5cncc(c5)CNCC(=O)CCC/C=C5\Cc6ccccc6C[C@@H]([C@H](CC2)N13)N45,-3.583
2387,Nc1[nH+]cc2c3c1C(=O)NC1=C4c5c(O)ccc(c5O)Cn5ccc(c5)/C=C\NC(=O)c5ccc6c(c5)-c5c(O)cc7c(c5C[C@H]([C@H](CC2)N13)N46)OCCO7,-3.572
332,Nc1[nH+]cc2c3c1C(=O)NC1=C(c4cncc(C(F)F)c4)N4c5cccc6c5-c5c(cccc5C[C@H]4[C@@H](CC2)N13)C[NH2+]C6,-3.56
1321,Nc1[nH+]cc2c3c1C(=O)NC1=C4c5c(O)ccc6c5OCO[C@@H](CCCCO6)Oc5ccc6c(c5)N4[C@@H](Cc4c-6coc(=O)c4O)[C@H](CC2)N13,-3.55
1421,COc1ccc(O)c2c1C[C@H]1[C@H]3CCc4cnc(N)c5c4N3[C@H](NC5=O)C(c3c(O)ccc(C[C@@H]4CNC=[NH+]4)c3O)=[N+]1c1ccc(C(=O)[O-])cc1-2,-3.549
253,CC(C)c1cncc(C2=C3NC(=O)c4c(N)[nH+]cc5c4N3[C@@H](CC5)[C@@H]3Cc4cccc5c4C4=C(CC=C4N23)C[NH2+]C5)c1,-3.548
42,COc1ccc2c3c1CCN1[C@H]3[C@@H]3N(C2)C(=O)c2c(N)[nH+]c(N)c4c2N3[C@H](CC4)[C@@H]1CO,-3.544
36,CC[C@@H]1[C@@H]2CCc3c[nH+]c(N)c4c3N2C(=C(c2cncc(C(C)(C)C)c2)N1C)NC4=O,-3.536
410,Cc1cccc2c1N1C(C3=CN(CC(C)(C)C)CC3)=C3NC(=O)c4c(N)[nH+]cc5c4N3[C@H](CC5)[C@H]1Cc1cccc(C(N)=O)c1-2,-3.528
238,C=C1CCOc2c(C3=C4NC(=O)c5c(N)[nH+]cc6c5N4[C@@H](CC6)[C@H]4Cc5ccccc5-c5ccccc5N34)cnn2C1,-3.522
154,C=C1C=C2[C@@H]3CCc4cnc(N)c5c4N3[C@@H](NC5=O)[C@H](c3c(OC)cc[nH]c3=O)N2c2ccc(O)cc2C1,-3.52
146,Nc1[nH+]cc2c3c1C(=O)NC1=C(c4cncnc4)N4c5ccccc5-c5ccccc5C[C@@H]4[C@H](CC2)N13,-3.515
231,Nc1[nH+]cc2c3c1C(=O)NC1=C(c4cnn5c4OCCCC5)N4c5ccccc5-c5ccccc5C[C@@H]4[C@H](CC2)N13,-3.501
151,O=C([O-])/C1=C2\CC=c3c(n/c(n(Cc4ccc(O)cc4)c3=O)=C\CC[NH2+]Cc3ccc(cc3)CCC1)N2,-3.499
347,Nc1[nH+]cc2c3c1C(=O)NC1=C(c4cncc(-c5cn[nH]c5)c4)N4c5ccccc5-c5c(CO)cccc5C[C@@H]4[C@H](CC2)N13,-3.499
1756,COc1c(O)cc(O)c2c1C[C@H]1[C@H]3CCc4c[nH+]c(N)c5c4N3C(=C3c4c(O)ccc(c4O)CN4CO[C@@H](Cc6cc(c-2cc6C(=O)[O-])N31)C4)NC5=O,-3.495
153,CCCc1cc2c(=O)[nH]c3c(c2c2c1C(=O)N=CC2)NC(=O)N[C@H]3c1ccccc1Cc1ccccc1,-3.489
509,CCCCc1ccc(O)c(C2=[N+]3c4ccc(C(=O)[O-])cc4-c4ccccc4C[C@H]3[C@H]3CCc4c[nH+]c(N)c5c4N3[C@H]2NC5=O)c1O,-3.478
1186,Cc1ccc2c3c1N1C(C4=CN(C[C@]56CCO[C@H](C5)C6)C(=O)C4)=C4NC(=O)c5c(N)[nH+]cc6c5N4[C@@H](CC6)[C@@H]1Cc1cc(F)cc(c1-3)CC2,-3.474
1023,Nc1[nH+]cc2c3c1C(=O)NC1=C(c4cncc(CN5CCNC5=O)c4)N4c5ccc(O)cc5-c5c(cc(F)cc5C(=O)[O-])C[C@H]4[C@@H](CC2)N13,-3.46
373,COCn1cc([C@@H]2c3nc(=O)c4c(N)ncc5c4n3[C@H](CC5)[C@H]3Cc4cccc(C(=O)[O-])c4CC(=C(C)C)N23)c(=O)[nH]c1=O,-3.46
483,Nc1[nH+]cc2c3c1C(=O)NC1=C(c4c[nH+]c5ccccc5c4)N4c5ccc(C(=O)[O-])cc5-c5c(CO)cccc5C[C@@H]4[C@H](CC2)N13,-3.455
314,Cc1cccc2c1-c1cccc(C)c1N1C(C3=CN(CC(C)(C)C)CC3)=C3NC(=O)c4c(N)[nH+]cc5c4N3[C@H](CC5)[C@H]1C2,-3.448
234,C=C1C=C2[C@@H]3CCc4c[nH+]c(N)c5c4N3[C@@H](NC5=O)[C@H](c3c(O)c4cc(C)ccc4[nH]c3=O)N2c2ccccc2C1,-3.424
79,O=C1C=C2N(Cc3ccccc3)C(=O)C3=CC/C(=C(\Cc4ccccc4)C(=O)[O-])N=C3N2CN1,-3.421
33,COc1ncc(F)cc1-c1c2c(c3c(c1-c1ccccc1)=CCC=3)C(=O)NC(=O)C2,-3.392
310,Nc1[nH+]cc2c3c1C(=O)NC1=C(C4=C5OCCC(=O)N=C5N=C4)N4c5ccccc5-c5ccc(F)cc5C[C@H]4[C@@H](CC2)N13,-3.391
1207,Nc1[nH+]cc2c3c1C(=O)NC1=C4c5cc(ccc5O)OC5=COC[C@H](COC/C=C6\c7cc(O)cc8cc(F)cc(c78)C[C@H]([C@@H](CC2)N13)N46)O5,-3.384
269,CCCc1cncc(C2=C3NC(=O)c4c(N)[nH+]cc5c4N3[C@@H](CC5)[C@H]3Cc4cccc5c4C4=C(CC=C4N23)C[NH2+]C5)c1,-3.373
91,CC1=CCN2C(=C1)N(Cc1ccccc1)C(=O)C1=CC/C(=C(/C=O)C(=O)c3ccccc3)N=C12,-3.373
97,C[C@@H]1C=C(C(=O)[O-])C2=N[C@@H](c3cccc(F)c3F)[C@@H]3CCc4c(N)[nH+]c(N)c5c4N3[C@H]2N1C5=O,-3.368
363,C=C1C[C@H]2[C@H]3CCc4c[nH+]c(N)c5c4N3C(=C3c4cncc(c4)C/C=C/CNC(=O)C/C=C(\c4ccc(O)cc41)N32)NC5=O,-3.368
322,C[C@@H]1CCOC2=C(C3=C4NC(=O)c5c(N)[nH+]cc6c5N4[C@H](CC6)[C@@H]4Cc5cc(F)ccc5-c5ccccc5N34)C=N[C@H]2N1,-3.365
425,Nc1[nH+]cc2c3c1C(=O)NC1=C(c4cncc(-c5cnoc5)c4)N4c5ccccc5-c5c(cccc5C(=O)[O-])C[C@@H]4[C@H](CC2)N13,-3.362
112,O=C([O-])/C1=C2\CC=c3c(n/c(n(Cc4ccccc4)c3=O)=C\CCCCc3ccc(cc3)CCC1)N2,-3.36
285,CC1=C2C3=C(C[NH2+]Cc4cccc(c43)C[C@@H]3[C@@H]4CCc5cnc(N)c6c(=O)nc(n4c56)[C@@H](c4cncc(C(C)C)c4)N23)C1,-3.354
227,Nc1[nH+]cc2c3c1C(=O)NC1=C4c5cncc(c5)CCC/C=C/CC/C=C5\Cc6ccccc6C[C@@H]([C@@H](CC2)N13)N45,-3.35
301,CC(C)c1cncc(C2=C3NC(=O)c4c(N)[nH+]cc5c4N3[C@H](CC5)[C@H]3Cc4cc(F)cc5c4C4=C(CC=C4N23)CNC5)c1,-3.349
288,C=C1C=C2[C@H]3CCc4cnc(N)c5c(=O)nc(n3c45)[C@@H](c3c(O)ccc4c3OC[C@@H](C)O4)N2[C@H](CC)c2ccc(O)cc21,-3.337
910,C=C1C[C@@H]2[C@H]3CCc4c[nH+]c(N)c5c4N3C(=C3C4=C(O)C[N+](=C4)Cc4cccc(c4)COc4cc6cc(O)cc1c6c(c4C)N32)NC5=O,-3.327
118,CCCCC/C(C(=O)[O-])=C1\CC=c2c(n/c(=C/C(C)(C)C)n(Cc3cccc(C(F)(F)F)c3)c2=O)N1,-3.312
430,CC(C)c1cncc(C2=C3NC(=O)c4c(N)[nH+]cc5c4N3[C@@H](CC5)[C@@H]3Cc4cc(F)cc5c4C4=C(CC=C4N23)C(=O)N[C@H]5C)c1,-3.303
306,COCN1C=C([C@@H]2c3nc(=O)c4c(N)ncc5c4n3[C@H](CC5)[C@H]3Cc4cccc(C(=O)[O-])c4CC(=C(C)C)N23)CNC1=O,-3.298
2004,Nc1[nH+]cc2c3c1C(=O)NC1=C4c5c(O)ccc(c5O)C[N@H+]5CC[C@](O)(Cc6cc7c(cc6C(=O)[O-])-c6ccc8c(c6C[C@H]([C@H](CC2)N13)N47)OCCO8)C5,-3.298
1779,COc1c(O)cc(O)c2c1C[C@@H]1[C@@H]3CCc4c[nH+]c(N)c5c4N3C(=C3c4c(O)ccc(c4O)C[N@@H+](C)C[C@@H](O)Cc4cc(c-2cc4C(=O)[O-])N31)NC5=O,-3.288
362,CC1=C2C3=C(C[NH2+]Cc4cc(F)cc(c43)C[C@@H]3[C@H]4CCc5cnc(N)c6c(=O)nc(n4c56)[C@@H](c4cncc(C(C)C)c4)N23)C1,-3.273
300,C=C1C=C2[C@H]3CCc4cnc(N)c5c(=O)nc(n3c45)[C@@H](c3cncc(C(=O)[O-])c3)N2[C@H](CCC(=O)[O-])c2ccc(O)cc21,-3.272
1841,COc1c(O)cc(O)c2c1C[C@H]1[C@@H]3CCc4c[nH+]c(N)c5c4N3C(=C3c4c(O)ccc(c4O)CN4CO[C@@H](C4)Oc4cc(c-2cc4C(=O)[O-])N31)NC5=O,-3.269
194,C=C1C=C2[C@@H]3CCc4c[nH+]c(N)c5c4N3[C@@H](NC5=O)[C@H](c3cccc4c3OCCO4)N2c2ccc(OC)cc2C1,-3.239
400,Nc1[nH+]cc2c3c1C(=O)NC1=C(c4cncc(CCC(=O)[O-])c4)N4c5ccccc5-c5c(cccc5C(=O)[O-])C[C@@H]4[C@H](CC2)N13,-3.231
179,C=C1C=C2[C@@H]3CCc4c[nH+]c(N)c5c4N3[C@@H](NC5=O)[C@H](c3c[nH+]cc4c3OC[C@@H](C)C4)N2c2ccccc2C1,-3.221
324,CC(C)c1cncc(C2=C3NC(=O)c4c(N)[nH+]cc5c4N3[C@@H](CC5)[C@@H]3Cc4cccc5c4-c4c(cccc4N23)C[NH2+]C5)c1,-3.19
1658,COc1ccc(O)c2c1C[C@H]1[C@H]3CCc4c[nH+]c(N)c5c4N3[C@H](NC5=O)C(c3c(O)ccc(C[C@@H]4CN(C)C=[NH+]4)c3O)=[N+]1c1ccc(C(=O)[O-])cc1-2,-3.188
803,Nc1[nH+]cc2c3c1C(=O)NC1=C4c5cc(ccc5O)CCNC(=O)COC/C=C5\c6cc(O)cc7cc(F)cc(c67)C[C@@H]([C@H](CC2)N13)N45,-3.184
184,CC(C)=C1Cc2ccccc2C[C@@H]2[C@H]3CCc4cnc(N)c5c(=O)nc(n3c45)[C@@H](C3=CN(CC(C)C)CC3)N12,-3.169
1589,COc1c(O)cc(O)c2c1C[C@@H]1[C@H]3CCc4c[nH+]c(N)c5c4N3C(=C3c4c(O)ccc(c4O)CN(C)CCOc4cc(c-2cc4C(=O)[O-])N31)NC5=O,-3.149
455,Nc1[nH+]cc2c3c1C(=O)NC1=C(c4cncc(C5=CN=CC5)c4)N4c5ccccc5-c5c(cccc5C(=O)[O-])C[C@@H]4[C@H](CC2)N13,-3.135
592,Nc1[nH+]cc2c3c1C(=O)NC1=C(c4cncc(C[NH+]5CCCC5)c4)N4c5ccc(O)c6c5-c5c(cccc5C(=O)C6)C[C@H]4[C@H](CC2)N13,-3.133
1209,Nc1[nH+]cc2c3c1C(=O)NC1=C4c5cc(ccc5O)NC5=CC=C[C@H](COC/C=C6\c7cc([O-])cc8cc(F)cc(c78)C[C@@H]([C@@H](CC2)N13)N46)O5,-3.117
388,C[C@@H]1CCOc2c(C3=C4NC(=O)c5c(N)[nH+]cc6c5N4[C@@H](CC6)[C@@H]4Cc5cc(F)cc(F)c5-c5ccccc5N34)cnn2C1,-3.115
1562,COc1c(O)ccc2c1C[C@H]1[C@H]3CCc4c[nH+]c(N)c5c4N3C(=C3c4c(O)ccc(c4O)C[N@@H+](C)CC(=O)Cc4cc(c-2cc4C(=O)[O-])N31)NC5=O,-3.107
85,CC/C=c1/nc2c(c(=O)n1Cc1ccccc1)=CC/C(=C(\CCCc1ccccc1)C(=O)[O-])N2,-3.104
453,C=c1cc2n(c3c(C)c(OC)cc4c(C(=O)[O-])ccc1c43)[C@H](c1ccn(CCC)c1)[C@@H]1NC(=O)c3c(N)[nH+]cc4c3N1[C@H]2CC4,-3.098
402,Cc1cc(F)cc2c1-c1cccc(C)c1N1C(C3=CN(CC(C)(C)C)C(=O)C3)=C3NC(=O)c4c(N)[nH+]cc5c4N3[C@H](CC5)[C@@H]1C2,-3.083
2196,COc1c(O)cc(O)c2c1C[C@H]1[C@H]3CCc4c[nH+]c(N)c5c4N3C(=C3c4c(O)ccc(c4O)C[N@H+]4CC[C@](O)(Cc6cc(c-2cc6C(=O)[O-])N31)C4)NC5=O,-3.073
125,COC(=O)Nc1ccc(-c2c(-c3cc(F)ccc3O)c3c(c4ccccc24)C(=O)NC(=O)C3)c(C)c1,-3.06
127,O=C/C(C(=O)c1ccccc1)=C1/CC=c2c(nc(C=C([O-])[O-])n(Cc3cc(F)c(F)cc3O)c2=O)=N1,-3.008
775,Nc1[nH+]cc2c3c1C(=O)NC1=C4c5cc(ccc5O)CCNC(=O)COC/C=C5\c6cc(O)cc7cccc(c67)C[C@H]([C@@H](CC2)N13)N45,-2.995
176,C=C1C=C2[C@@H]3CCc4c[nH+]c(N)c5c4N3[C@@H](NC5=O)[C@H](c3ccccc3OC)N2c2ccc(C(=O)[O-])cc2C1,-2.976
164,C=C1CC2=CCC=C2N2[C@H](/C(C(=O)[O-])=C3\CC[C@@H](O)CO3)c3nc(=O)c4c(N)ncc5c4n3[C@H](CC5)[C@H]2C1,-2.972
177,Nc1[nH+]c(N)c2c(=O)n3/c(=C\[O-])c4cc(F)c(=O)c5c=4c4c3n3c2c1C(=O)C[C@H]3[C@@H]1[C@@H](O)[C@@H](O)[C@@H](O)[C@@H](C=5)N41,-2.96
277,C=C1C=C2[C@@H]3CCc4c[nH+]c(N)c5c4N3[C@@H](NC5=O)[C@H](c3cccc4c3OC[C@@H](O)C4)N2c2ccc(C(=O)[O-])cc2C1,-2.959
484,C[NH2+]Cc1cccc2c1-c1cccc(C)c1N1C(C3=CN(CC(C)(C)C)C(=O)C3)=C3NC(=O)c4c(N)[nH+]cc5c4N3[C@H](CC5)[C@H]1C2,-2.934
152,C[C@@H]1CN(CC[C@@H]2[C@H]3CCc4c(N)[nH+]c(N)c5c4N3[C@H](CN2/C=C/CC(C)(C)C)N(C(=O)[O-])C5)C(=O)N1,-2.903
1020,NC(=O)c1cccc2c1-c1cc(O)c3cc1N1C(=C4NC(=O)c5c(N)[nH+]cc6c5N4[C@H](CC6)[C@@H]1C2)c1cncc(c1)CN1CC/C(=C\O3)C1,-2.9
479,Nc1[nH+]cc2c3c1C(=O)NC1=C(c4cncc(-c5ccccc5)c4)N4c5ccccc5-c5c(cccc5C(=O)[O-])C[C@@H]4[C@@H](CC2)N13,-2.896
548,CN1CCOCc2ccc3c(c2)N2C(=C4NC(=O)c5c(N)[nH+]cc6c5N4[C@H](CC6)[C@H]2Cc2cccc(CO)c2-3)c2cncc(c2)C1,-2.893
1531,Nc1[nH+]cc2c3c1C(=O)NC1=C(c4cncc(Cn5c[nH+]c6c([O-])cccc65)c4)N4c5ccc(O)cc5-c5c(cccc5C(=O)[O-])C[C@H]4[C@@H](CC2)N13,-2.892
1637,CC[N@@H+](C)Cc1ccc(O)c(C2=[N+]3c4ccc(C(=O)[O-])cc4-c4c(O)cc(OC)c(OC)c4C[C@@H]3[C@@H]3CCc4c[nH+]c(N)c5c4N3[C@H]2NC5=O)c1[O-],-2.88
203,CC1=C2c3c(ccc4cccc(c34)C[C@H]3[C@H]4CCc5cnc(N)c6c(=O)nc(n4c56)[C@@H](c4cncnc4)N23)CC1,-2.875
344,CC(C)=C1Cc2c(cc(F)cc2C(=O)[O-])C[C@@H]2[C@H]3CCc4cnc(N)c5c(=O)nc(n3c45)[C@@H](C3=CN(C(C)C)C=N[C@H]3O)N12,-2.87
2075,COc1c(O)cc(O)c2c1C[C@H]1[C@@H]3CCc4c[nH+]c(N)c5c4N3C(=C3c4c(O)ccc(c4O)CN4CO[C@H](COc6cc(c-2cc6C(=O)[O-])N31)C4)NC5=O,-2.836
43,CCCC/C(C(=O)[O-])=C1\CC=c2c(n/c(=C/C(C)(C)C)n(Cc3cccc(C)c3)c2=O)N1,-2.832
2165,COc1cc(O)c2c(c1OC)C[C@H]1[C@H]3CCc4c[nH+]c(N)c5c4N3C(=C3c4c(O)ccc(c4O)C[N@H+](C)CC(=O)NOc4cc(c-2cc4C=O)N31)NC5=O,-2.807
119,C[C@@]1(O)/C=C2\[N-]C3=N/C(=C(/C(=O)[O-])C(=O)CCCC(=O)NCC1)CC=C3C(=O)N2Cc1ccccc1,-2.794
114,CCCCOC(=O)c1cc2cccc(C(=O)C(C)C)c2nc1NCc1ccc2cc(OC)ccc2c1,-2.778
216,C=C1C=C2[C@@H]3CCc4c[nH+]c(N)c5c4N3[C@@H](NC5=O)[C@H](c3cncc4c3OCC(=O)O4)N2c2ccc(OC)cc2C1,-2.749
635,C[C@@H]1NC(=O)C2=C3C(=CC2)N2[C@H](c4cncc(-c5ccsc5)c4)c4nc(=O)c5c(N)ncc6c5n4[C@H](CC6)[C@H]2Cc2cc(F)cc1c23,-2.709
299,Cc1cccc2c1N1C(C3=CN(CC(C)(C)C)C(=O)C3)=C3NC(=O)c4c(N)[nH+]cc5c4N3[C@H](CC5)[C@H]1Cc1ccccc1-2,-2.69
457,Nc1[nH+]cc2c3c1C(=O)NC1=C(c4cncc(-c5ccoc5)c4)N4c5ccccc5-c5c(cccc5C(=O)[O-])C[C@@H]4[C@H](CC2)N13,-2.687
144,C=C1CC2=CCC=C2N2[C@H](C1)[C@H]1CCc3cnc(N)c4c(=O)nc(n1c34)[C@@H]2/C(C(=O)[O-])=C1\CCCCO1,-2.659
847,CC1(C)Oc2ccc(O)c3c2OC[C@@H]1COc1ccc2c(c1)N1C3=C3NC(=O)c4c(N)[nH+]cc5c4N3[C@H](CC5)[C@@H]1Cc1cc(=O)occ1-2,-2.647
121,CC1(C)/C=C\NC(=O)CCCC(=O)/C(C(=O)[O-])=C2/CC=C3C(=O)N(Cc4ccccc4)/C(=C/1)[N-]C3=N2,-2.625
192,C=C1C=C2[C@@H]3CCc4c[nH+]c(N)c5c4N3[C@@H](NC5=O)[C@H](c3c(O)c4ccccc4[nH]c3=O)N2c2ccccc2C1,-2.584
2447,COc1cc(O)c2c(c1OC)C[C@@H]1[C@@H]3CCc4c[nH+]c(N)c5c4N3C(=C3c4c(O)ccc(c4O)C[N@H+](C)CC(=O)NCc4cc(c-2cc4C(=O)[O-])N31)NC5=O,-2.575
2158,COc1c(O)cc(O)c2c1C[C@H]1[C@H]3CCc4c[nH+]c(N)c5c4N3C(=C3c4c(O)ccc(c4O)CN4CO[C@@](O)(Cc6cc(c-2cc6C(=O)[O-])N31)C4)NC5=O,-2.564
564,Nc1[nH+]cc2c3c1C(=O)NC1=C4c5c(O)ccc6c5OC/C(=C\Oc5ccc7c(c5)N4[C@@H](Cc4cc(=O)occ4-7)[C@@H](CC2)N13)CCO6,-2.522
1550,COc1ccc2c(c1OC)C[C@H]1[C@H]3CCc4c[nH+]c(N)c5c4N3C(=C3c4c(O)ccc(c4O)C[N@@H+](C)CCOc4cc(c-2cc4C(N)=O)N31)NC5=O,-2.51
139,C=C1CCC/C(C(=O)[O-])=C2/CC=C3C(=O)N(Cc4ccc(O)cc4)C4=CC(C)=C(CN4C3=N2)NCC1,-2.501
222,CC(C)=C1Cc2c(cccc2C(=O)[O-])C[C@@H]2[C@H]3CCc4cnc(N)c5c(=O)nc(n3c45)[C@@H](c3c[nH]c(=O)[nH]c3=O)N12,-2.501
805,COC(=O)c1ccc(O)c(C2=[N+]3c4ccc(C(=O)[O-])cc4-c4cccc(OC)c4C[C@H]3[C@H]3CCc4c[nH+]c(N)c5c4N3[C@H]2NC5=O)c1[O-],-2.491
1816,COc1ccc(O)c2c1C[C@H]1[C@H]3CCc4c[nH+]c(N)c5c4N3C(=C3c4c(O)ccc(c4O)CN4CO[C@@](O)(Cc6cc(c-2cc6C(=O)[O-])N31)C4)NC5=O,-2.459
2035,COc1ccc(O)c2c1C[C@@H]1[C@@H]3CCc4cnc(N)c5c4N3[C@@H](NC5=O)C(c3c(O)ccc(Cc4cc(=O)ncn4[O-])c3O)=[N+]1c1ccc(C(=O)[O-])cc1-2,-2.392
1922,COc1ccc2c(c1OC)C[C@H]1[C@H]3CCc4c[nH+]c(N)c5c4N3C(=C3c4c(O)ccc(c4O)CN(C)C(=O)CCc4cc(c-2cc4C(N)=O)N31)NC5=O,-2.371
142,C[C@@]1(O)/C=C\NC(=O)CCCC(=O)/C(C(=O)[O-])=C2/CC=c3c(n/c(n(Cc4ccccc4)c3=O)=C\1)N2,-2.351
434,CC(C)=C1Cc2c(cc(F)cc2C(=O)[O-])C[C@@H]2[C@H]3CCc4cnc(N)c5c(=O)nc(n3c45)[C@@H](C3=C[n+]4ccccc4N[C@H]3O)N12,-2.317
1224,C[NH+](C)Cc1ccc(O)c(C2=[N+]3c4ccc(C(N)=O)cc4-c4ccc5c(c4C[C@@H]3[C@H]3CCc4cnc(N)c6c4N3[C@H]2NC6=O)OCCO5)c1[O-],-2.263
1268,C[NH+](C)Cc1ccc(O)c(C2=[N+]3c4ccc(C(=O)[O-])cc4-c4ccc5c(c4C[C@@H]3[C@H]3CCc4cnc(N)c6c4N3[C@H]2NC6=O)OCCO5)c1O,-2.226
2405,CN1COCC[N@H+](C)Cc2ccc(O)c(c2[O-])C2=C3NC(=O)c4c(N)[nH+]cc5c4N3[C@H](CC5)[C@H]3Cc4c5c(cc(O)c4-c4cc(ccc4N23)C1=O)OCCO5,-2.069
1212,Nc1ncc2c3c1C(=O)N[C@H]1C(c4c(O)ccc(C(F)(F)F)c4O)=[N+]4c5ccc(C(=O)[O-])cc5-c5ccc6c(c5C[C@@H]4[C@@H](CC2)N31)OCCO6,-2.013
1252,Nc1[nH+]cc2c3c1C(=O)NC1=C4c5c(O)ccc(c5O)[C@@H](O)CCCOC(=O)[C@@H](O)c5ccc6c(c5)-c5cccc(O)c5C[C@@H]([C@@H](CC2)N13)N46,-1.983
2825,COc1cc2ccc3c(C(=O)[O-])c4cc5c3c2c(c1OC)C[C@H]1[C@H]2CCc3c[nH+]c(N)c6c3N2C(=C(c2c(O)ccc(c2O)C[N@@H+](C)CC(=O)OC4)N51)NC6=O,-1.869
788,C=C1OCCOC/C=C2\c3cc([O-])cc4cc(F)cc(c34)C[C@@H]3[C@H]4CCc5cnc(N)c6c(=O)nc(n4c56)[C@@H](c4cc(ccc4O)O1)N23,-1.727
1775,CN1CCOCOC(=O)c2ccc3c(c2)-c2ccc4c(c2C[C@H]2[C@@H]5CCc6c[nH+]c(N)c7c6N5C(=C(c5c(O)ccc(c5O)C1)N32)NC7=O)OCCO4,-1.7
1757,Nc1[nH+]cc2c3c1C(=O)NC1=C4c5c(O)ccc(c5O)CN5CC[C@H](Cc6cc7c(cc6C(=O)[O-])-c6ccc8c(c6C[C@H]([C@H](CC2)N13)N47)OCCO8)C5,-1.603
1895,COc1c(O)cc(O)c2c1C[C@@H]1[C@H]3CCc4c[nH+]c(N)c5c4N3C(=C3c4c(O)ccc(c4O)CN(C)CCCN(C)C(=O)c4ccc(c-2c4)N31)NC5=O,-1.594
341,COC1=C/C(=C2\Nc3ccccc3C[C@@H]3[C@H]4CCc5c[nH+]c(N)c6c5N4C(=C(c4c(O)cccc4O)N23)NC6=O)CC([O-])=C1,-1.458
1242,CNCc1ccc(O)c(C2=[N+]3c4ccc(C(=O)[O-])cc4-c4c(O)cc(OC)c(OC)c4C[C@@H]3[C@@H]3CCc4c[nH+]c(N)c5c4N3[C@H]2NC5=O)c1O,-1.264
1798,COc1c(O)cc([O-])c2c1C[C@@H]1[C@H]3CCc4c[nH+]c(N)c5c4N3C(=C3c4c(O)ccc(c4O)C[N@H+]4CC[C@H](C4)Oc4cc(c-2cc4C(=O)[O-])N31)NC5=O,-1.038
1494,Nc1ncc2c3c1C(=O)N[C@H]1C(c4c(O)ccc(C(F)(F)F)c4O)=[N+]4c5ccc(C(=O)[O-])cc5-c5c(O)cc6c(c5C[C@@H]4[C@@H](CC2)N31)OCCO6,-1.034
1061,C=C1OCCOC/C=C2\c3cc(O)cc4cc(F)cc(c34)C[C@@H]3[C@H]4CCc5cnc(N)c6c(=O)nc(n4c56)[C@@H](c4cc(c([O-])cc4O)O1)N23,-0.88
1052,NC(=O)c1cc(F)cc2c1-c1cc(O)c3cc1N1C(=C4NC(=O)c5c(N)[nH+]cc6c5N4[C@H](CC6)[C@@H]1C2)c1cncc(c1)CN1CC[C@H](C3)C1,-0.725
2715,Nc1[nH+]cc2c3c1C(=O)NC1=C4c5c(O)ccc(c5O)CN5CC[C@H](C5)Oc5cc6c7c(ccc8cc9c(c(c87)C[C@@H]([C@H](CC2)N13)N46)OCCO9)c5C(=O)[O-],-0.724
1681,COc1ccc(C)c2c1C[C@@H]1[C@H]3CCc4c[nH+]c(N)c5c4N3C(=C3c4c(O)ccc(c4[O-])C[N@H+]4CC[C@H](C4)Oc4cc(c-2cc4C(=O)[O-])N31)NC5=O,-0.647
2605,COc1cc2ccc3c(C(=O)[O-])c4cc5c3c2c(c1OC)C[C@H]1[C@@H]2CCc3c[nH+]c(N)c6c3N2C(=C(c2c(O)ccc(c2O)CN2CC[C@@H](C2)O4)N51)NC6=O,-0.368
