CHEMBL_ID,SMILES,DOCKING_SCORE
CHEMBL1258900,Cc1c[nH]c2ncnc(N3CCN(C(=O)[C@H](C[NH3+])Cc4ccc(Cl)cc4)CC3)c12,-10.96
CHEMBL2178598,C[C@@H]1C[C@@H](O)c2ncnc(N3CCN(C(=O)[C@H](C[NH2+]C(C)(C)CO)c4ccc(C(F)(F)F)c(F)c4)CC3)c21,-10.912
CHEMBL1258780,[NH3+][C@H](Cc1ccc(Cl)cc1)C(=O)N1CCN(c2ncnc3[nH]cc(C4CC4)c23)CC1,-10.881
CHEMBL407891,c1nc(N2CCc3[nH]c[nH+]c3C2)c2cc[nH]c2n1,-10.789
CHEMBL1170447,N#Cc1c[nH]c2ncnc(N3CC[C@]([NH3+])(CNC(=O)c4ccc(F)cc4F)C3)c12,-10.768
CHEMBL1258781,[NH3+][C@H](Cc1ccc(Cl)cc1)C(=O)N1CCN(c2ncnc3[nH]cc(Cl)c23)CC1,-10.647
CHEMBL2325995,[NH3+]C1(C(=O)N[C@H](CCC[NH+]2CCOCC2)c2ccc(Cl)cc2)CCN(c2ncnc3[nH]ccc23)CC1,-10.638
CHEMBL1258665,CCc1c[nH]c2ncnc(N3CCN(C(=O)[C@H]([NH3+])Cc4ccc(Cl)cc4)CC3)c12,-10.559
CHEMBL2177361,C[C@@H]1C[C@@H](O)c2ncnc(N3CCN(C(=O)[C@H](C[NH2+]CC4CC4)c4ccc(C(F)(F)F)c(F)c4)CC3)c21,-10.538
CHEMBL1257282,Cc1c[nH]c2ncnc(N3CCN(C(=O)[C@H]([NH3+])Cc4ccc(F)cc4)CC3)c12,-10.532
CHEMBL1169623,[NH3+][C@]1(CNC(=O)c2ccc(F)cc2F)CCN(c2ncnc3[nH]cc(Cl)c23)C1,-10.516
CHEMBL1171993,N#Cc1c[nH]c2ncnc(N3CC[C@]([NH3+])(CNC(=O)c4ccc(F)cc4)C3)c12,-10.489
CHEMBL2178597,C[C@@H]1C[C@@H](O)c2ncnc(N3CCN(C(=O)[C@H](C[NH2+]C(C)(C)C)c4ccc(C(F)(F)F)c(F)c4)CC3)c21,-10.447
CHEMBL1258552,[NH3+][C@H](Cc1ccc(Cl)cc1)C(=O)N1CCN(c2ncnc3[nH]ccc23)CC1,-10.421
CHEMBL469560,[NH3+]C[C@H](NCc1ccc(-c2ccnc3[nH]ccc23)s1)c1ccccc1,-10.387
CHEMBL2325990,C[C@H](NC(=O)C1([NH3+])CCN(c2ncnc3[nH]ccc23)CC1)c1ccc(S(C)(=O)=O)cc1,-10.378
CHEMBL1171673,Cc1c[nH]c2ncnc(N3CC[C@@]([NH3+])(CNC(=O)c4ccc(F)cc4)C3)c12,-10.337
CHEMBL2325737,[NH3+]C1(C(=O)N[C@H](CO)c2ccc(Cl)cc2)CCN(c2ncnc3[nH]ccc23)CC1,-10.329
CHEMBL2325993,C[NH+](C)CCC[C@H](NC(=O)C1([NH3+])CCN(c2ncnc3[nH]ccc23)CC1)c1ccc(Cl)cc1,-10.32
CHEMBL2325987,C[C@H](NC(=O)C1([NH3+])CCN(c2ncnc3[nH]ccc23)CC1)c1ccc(F)cc1,-10.314
CHEMBL2325733,NS(=O)(=O)C[C@@H](NC(=O)C1([NH3+])CCN(c2ncnc3[nH]ccc23)CC1)c1ccc(Cl)cc1,-10.287
CHEMBL2177371,C[C@@H]1C[C@@H](O)c2ncnc(N3CCN(C(=O)[C@H](C[NH3+])c4ccc(C(F)(F)F)cc4)CC3)c21,-10.272
CHEMBL1171994,Cc1c[nH]c2ncnc(N3CC[C@]([NH3+])(CNC(=O)c4ccc(F)cc4)C3)c12,-10.238
CHEMBL1169610,[NH3+][C@]1(CNC(=O)c2ccc(F)cc2)CCN(c2ncnc3[nH]cc(Cl)c23)C1,-10.214
CHEMBL512480,[NH3+]C[C@H](C(=O)Nc1ccc(-c2ccnc3[nH]ccc23)s1)c1ccccc1,-10.202
CHEMBL2325727,C[NH+](C)CC[C@H](NC(=O)C1([NH3+])CCN(c2ncnc3[nH]ccc23)CC1)c1ccc(Cl)cc1,-10.183
CHEMBL2325992,C[NH+](C)CC[C@H](NC(=O)C1([NH3+])CCN(c2ncnc3[nH]ccc23)CC1)c1ccc(Cl)cc1,-10.183
CHEMBL523586,[NH3+]C[C@H](Cc1cccc(F)c1)NC(=O)c1cc(Br)c(-c2ccnc3[nH]ccc23)s1,-10.179
CHEMBL1170261,CCc1c[nH]c2ncnc(N3CC[C@]([NH3+])(CNC(=O)c4ccc(F)cc4)C3)c12,-10.168
CHEMBL1760760,CCOCCN(C[C@@H](O)C[N@H+]1CC[C@@]2(CCN(c3ncnc4[nH]nc(C)c34)C2)C1)S(=O)(=O)c1c(C)cccc1C,-10.147
CHEMBL1236822,[NH3+]C[C@H](Cc1ccc(Cl)cc1)C(=O)N1CCN(c2ncnc3[nH]ccc23)CC1,-10.143
CHEMBL2325735,CS(=O)(=O)NC[C@H](NC(=O)C1([NH3+])CCN(c2ncnc3[nH]ccc23)CC1)c1ccc(Cl)cc1,-10.135
CHEMBL2325994,[NH3+]C1(C(=O)N[C@H](CCC[NH+]2CCCC2)c2ccc(Cl)cc2)CCN(c2ncnc3[nH]ccc23)CC1,-10.123
CHEMBL2325730,NC(=O)[C@H](NC(=O)C1([NH3+])CCN(c2ncnc3[nH]ccc23)CC1)c1ccc(Cl)cc1,-10.094
CHEMBL498052,[NH3+]C[C@H](Cc1ccccc1F)NC(=O)c1cc(Br)c(-c2ccnc3[nH]ccc23)s1,-10.086
CHEMBL1171647,CCc1c[nH]c2ncnc(N3CC[C@]([NH3+])(CNC(=O)c4ccc(F)cc4F)C3)c12,-10.075
CHEMBL2325732,CC(=O)NC[C@H](NC(=O)C1([NH3+])CCN(c2ncnc3[nH]ccc23)CC1)c1ccc(Cl)cc1,-10.047
CHEMBL1257628,[NH3+][C@H](Cc1ccc(Cl)cc1)C(=O)N1CCN(c2ncnc3ccc(-c4cn[nH]c4)cc23)CC1,-10.043
CHEMBL2325739,[NH3+]C1(C(=O)N[C@H](CCCO)c2ccc(Cl)cc2)CCN(c2ncnc3[nH]ccc23)CC1,-10.035
CHEMBL469561,[NH3+]C[C@H](CNc1ccc(-c2ccnc3[nH]ccc23)s1)c1ccccc1,-10.033
CHEMBL1632375,C[C@@H]1SCc2ncnc(N3CCN(C(=O)[C@H]([NH3+])Cc4ccc(Cl)c(F)c4)CC3)c21,-10.008
CHEMBL3899777,N#Cc1c(N)ncnc1N1CCC(c2nc(-c3ccc(F)c(C(F)(F)F)c3)cn2CC[NH3+])CC1,-10.005
CHEMBL513019,[NH3+]CCC[C@H](NC(=O)c1cc(Br)c(-c2ccnc3[nH]ccc23)s1)c1ccccc1,-10.002
CHEMBL2325729,[NH3+]C1(C(=O)N[C@@H](CC[NH+]2CCCCC2)c2ccc(Cl)cc2)CCN(c2ncnc3[nH]ccc23)CC1,-9.998
CHEMBL2325742,C[C@@H](NC(=O)C1([NH3+])CCN(c2ncnc3[nH]ccc23)CC1)c1ccc(Cl)cc1,-9.996
CHEMBL2325996,NC1(C(=O)N[C@H](CCC[NH+]2CCCCC2)c2ccc(Cl)cc2)CCN(c2ncnc3[nH]ccc23)CC1,-9.992
CHEMBL1257402,[NH3+]C[C@@H](C(=O)N1CCN(c2ncnc3[nH]ccc23)CC1)c1ccc(Cl)cc1,-9.98
CHEMBL2325731,CN(C)C(=O)C[C@H](NC(=O)C1([NH3+])CCN(c2ncnc3[nH]ccc23)CC1)c1ccc(Cl)cc1,-9.971
CHEMBL1170263,Cc1c[nH]c2ncnc(N3CC[C@]([NH3+])(CNC(=O)c4ccc(Cl)cc4)C3)c12,-9.902
CHEMBL1632372,CC[C@@H]1SCc2ncnc(N3CCN(C(=O)[C@H]([NH3+])Cc4ccc(Cl)cc4)CC3)c21,-9.871
CHEMBL2325736,CS(=O)(=O)NCC[C@H](NC(=O)C1([NH3+])CCN(c2ncnc3[nH]ccc23)CC1)c1ccc(Cl)cc1,-9.849
CHEMBL1257512,[NH3+]C[C@@H](C(=O)N1CCN(c2ncnc3[nH]cc(Cl)c23)CC1)c1ccc(Cl)c(Cl)c1,-9.849
CHEMBL512305,[NH3+]C[C@H](NC(=O)c1cc(-c2c[nH]c3ncccc23)cs1)c1ccccc1,-9.842
CHEMBL2325983,[NH3+]C1(C(=O)N[C@H](c2ccc(Cl)cc2)C2CC2)CCN(c2ncnc3[nH]ccc23)CC1,-9.832
CHEMBL2325734,NS(=O)(=O)CC[C@@H](NC(=O)C1([NH3+])CCN(c2ncnc3[nH]ccc23)CC1)c1ccc(Cl)cc1,-9.832
CHEMBL598194,[NH3+]C1(C(=O)NCc2ccc(Cl)cc2)CCN(c2ncnc3[nH]ccc23)CC1,-9.819
CHEMBL3961106,C[NH+](C)CCn1cc(-c2ccc(F)c(C(F)(F)F)c2)nc1C1CCN(c2ncnc(N)c2Br)CC1,-9.816
CHEMBL1235979,C[C@@H]1SCc2ncnc(N3CCN(C(=O)[C@H]([NH3+])Cc4c[nH]c5ccccc45)CC3)c21,-9.813
CHEMBL512672,[NH3+]C[C@H](NC(=O)c1cc(-c2ccnc3[nH]ccc23)cs1)c1ccccc1,-9.81
CHEMBL1170262,N#Cc1c[nH]c2ncnc(N3CC[C@]([NH3+])(CNC(=O)c4ccc(Cl)cc4)C3)c12,-9.768
CHEMBL1171842,Cc1c[nH]c2ncnc(N3CC[C@@]([NH3+])(CNC(=O)c4ccccc4)C3)c12,-9.765
CHEMBL2325743,C[C@H](NC(=O)C1([NH3+])CCN(c2ncnc3[nH]ccc23)CC1)c1ccc(Cl)cc1,-9.757
CHEMBL2325997,C[C@H](NC(=O)C1([NH3+])CCN(c2ncnc3[nH]ccc23)CC1)c1ccc(Cl)cc1,-9.757
CHEMBL3949795,C[NH2+]CCn1cc(-c2ccnc(C(F)(F)F)c2)nc1C1CCN(c2ncnc(N)c2C#N)CC1,-9.749
CHEMBL2177377,COCC[NH2+]C[C@@H](C(=O)N1CCN(c2ncnc3c2[C@H](C)C[C@H]3O)CC1)c1ccc(Cl)cc1,-9.743
CHEMBL2177362,C[C@@H]1C[C@@H](O)c2ncnc(N3CCN(C(=O)[C@H](C[NH2+]C4CCOCC4)c4ccc(Cl)c(F)c4)CC3)c21,-9.735
CHEMBL1173384,Cc1c[nH]c2ncnc(N3CC[C@@]([NH3+])(CNC=O)C3)c12,-9.717
CHEMBL1171841,CC(=O)NC[C@@]1([NH3+])CCN(c2ncnc3[nH]cc(C)c23)C1,-9.706
CHEMBL3544960,[NH3+]C[C@@](O)(c1ccc(Cl)cc1)c1ccc(-c2cn[nH]c2)cc1,-9.697
CHEMBL1257513,CC(C)c1ccc(C[C@@H](C[NH3+])C(=O)N2CCN(c3ncnc4[nH]ccc34)CC2)cc1,-9.69
CHEMBL498051,[NH3+]C[C@H](Cc1ccncc1)NC(=O)c1cc(Br)c(-c2ccnc3[nH]ccc23)s1,-9.686
CHEMBL2325982,CC[C@H](NC(=O)C1([NH3+])CCN(c2ncnc3[nH]ccc23)CC1)c1ccc(Cl)cc1,-9.682
CHEMBL2177378,C[C@@H]1C[C@@H](O)c2ncnc(N3CCN(C(=O)[C@H](C[NH2+]C(C)(C)CO)c4ccc(Cl)cc4)CC3)c21,-9.682
CHEMBL2177390,CC(C)[NH2+]C[C@@H](C(=O)N1CCN(c2ncnc3c2[C@H](C)C[C@H]3O)CC1)c1ccc(Cl)cc1,-9.681
CHEMBL2021603,Cc1c[nH]c2ncnc(N3CC[C@H]([NH3+])C3)c12,-9.68
CHEMBL512858,[NH3+]C[C@H](NC(=O)c1cc(C2CC2)c(-c2ccnc3[nH]ccc23)s1)c1ccccc1,-9.674
CHEMBL4217723,O=C(N1CCN(c2ncnc3[nH]cc(Cl)c23)CC1)C1(c2cccc(Br)c2)CC[NH2+]CC1,-9.671
CHEMBL1173350,Clc1c[nH]c2ncnc(N3CCC4(CC[NH2+]CC4)C3)c12,-9.654
CHEMBL4212000,O=C(N1CCN(c2ncnc3[nH]cc(Br)c23)CC1)C1(c2cccc(Br)c2)CC[NH2+]CC1,-9.624
CHEMBL2177369,C[C@@H]1C[C@@H](O)c2ncnc(N3CCN(C(=O)[C@@H](c4ccc(Cl)cc4)[C@@H]4CCCC[NH2+]4)CC3)c21,-9.605
CHEMBL1258553,[NH3+][C@H](Cc1ccc(Cl)cc1)C(=O)N1CCN(c2ncnc3[nH]ncc23)CC1,-9.595
CHEMBL3113150,[NH3+]CCN[C@H](c1ccc(Cl)cc1)c1ccc(-c2cn[nH]c2)cc1,-9.585
CHEMBL3909655,Cn1cc(-c2ccc(F)c(C(F)(F)F)c2)[nH+]c1C1CCN(c2ncnc(N)c2-c2cccc(C#N)c2)CC1,-9.575
CHEMBL258837,N#Cc1c[nH]c2ncnc(N3CC4(CC[NH2+]CC4)c4ccccc43)c12,-9.572
CHEMBL1632378,C[C@@H]1OCc2ncnc(N3CCN(C(=O)[C@H]([NH3+])Cc4ccc(Cl)cc4)CC3)c21,-9.564
CHEMBL2325740,COCC[C@H](NC(=O)C1([NH3+])CCN(c2ncnc3[nH]ccc23)CC1)c1ccc(Cl)cc1,-9.561
CHEMBL2177375,C[C@@H]1C[C@@H](O)c2ncnc(N3CCN(C(=O)[C@H](C[NH2+]CCF)c4ccc(Cl)cc4)CC3)c21,-9.556
CHEMBL1170446,CCc1c[nH]c2ncnc(N3CC[C@]([NH3+])(CNC(=O)c4ccc(Cl)cc4)C3)c12,-9.544
CHEMBL2177373,C[C@@H]1C[C@@H](O)c2ncnc(N3CCN(C(=O)[C@H](C[NH3+])c4ccc(Cl)cc4)CC3)c21,-9.541
CHEMBL259163,Cc1c[nH]c2ncnc(N3CC4(CC[NH2+]CC4)c4ccccc43)c12,-9.534
CHEMBL259265,c1ccc2c(c1)N(c1ncnc3[nH]ccc13)CC21CC[NH2+]CC1,-9.524
CHEMBL2325741,[NH3+]C1(C(=O)N[C@@H](CCO)c2ccc(Cl)cc2)CCN(c2ncnc3[nH]ccc23)CC1,-9.517
CHEMBL3963052,CN(CCn1cc(-c2ccc(F)c(C(F)(F)F)c2)[nH+]c1C1CCN(c2ncnc(N)c2C(N)=O)CC1)CC[NH+](C)C,-9.509
CHEMBL2177374,C[C@@H]1C[C@@H](O)c2ncnc(N3CCN(C(=O)[C@H](C[NH2+]CC4CC4)c4ccc(Cl)cc4)CC3)c21,-9.504
CHEMBL407718,Fc1ccc2c(c1)C1(CC[NH2+]CC1)CN2c1ncnc2[nH]ccc12,-9.497
CHEMBL2177368,C[C@@H]1C[C@@H](O)c2ncnc(N3CCN(C(=O)[C@H](C[NH2+]CC4CCOCC4)c4ccc(Cl)cc4)CC3)c21,-9.451
CHEMBL1257166,C[NH+](C)C[C@H](Cc1ccc(Cl)cc1)C(=O)N1CCN(c2ncnc3[nH]ccc23)CC1,-9.448
CHEMBL3894849,C[NH2+]CCn1cc(-c2ccc(F)c(C(F)(F)F)c2)nc1C1CCN(c2ncnc(N)c2C#N)CC1,-9.448
CHEMBL1257283,Cc1c[nH]c2ncnc(N3CCN(C(=O)[C@H]([NH3+])C4Cc5ccccc5C4)CC3)c12,-9.445
CHEMBL3913177,C=Cc1c(N)ncnc1N1CCC(c2nc(-c3ccc(F)c(F)c3)cn2CC[NH+]2CCCC2)CC1,-9.431
CHEMBL411515,Clc1c[nH]c2ncnc(N3CC4(CC[NH2+]CC4)c4ccccc43)c12,-9.43
CHEMBL2177366,C[C@@H]1C[C@@H](O)c2ncnc(N3CCN(C(=O)[C@H](C[NH2+]C4CCOCC4)c4ccc(Cl)cc4)CC3)c21,-9.424
CHEMBL471034,[NH3+]C[C@H](NC(=O)c1ccc(-c2ccnc3[nH]ccc23)s1)c1ccccc1,-9.424
CHEMBL1258216,[NH3+][C@H](Cc1ccc(Cl)cc1)C(=O)N1CCN(c2ncnc3cc[nH]c23)CC1,-9.421
CHEMBL449964,Clc1ccc2c(c1)C1(CC[NH2+]CC1)CN2c1ncnc2[nH]ccc12,-9.418
CHEMBL469590,[NH3+]C[C@H](Cc1ccccc1)NC(=O)c1cc(Br)c(-c2ccnc3[nH]ccc23)s1,-9.417
CHEMBL470597,[NH3+]C[C@H](Cc1ccccc1)NC(=O)c1cc(Br)c(-c2ccnc3[nH]ccc23)s1,-9.417
CHEMBL1173272,[NH3+][C@@H]1CCN(c2ncnc3[nH]cc(Cl)c23)C1,-9.416
CHEMBL1173349,[NH3+][C@@H]1CCCN(c2ncnc3[nH]cc(Cl)c23)C1,-9.414
CHEMBL1632383,CC(C)[NH2+]C[C@H](Cc1ccc(F)c(F)c1)C(=O)N1CCN(c2ncnc3c2[C@H](C)SC3)CC1,-9.409
CHEMBL512135,[NH3+]C[C@H](NC(=O)c1cc(Br)c(-c2ccnc3[nH]ccc23)s1)c1ccccc1,-9.409
CHEMBL2325986,C[C@H](NC(=O)C1([NH3+])CCN(c2ncnc3[nH]ccc23)CC1)c1ccccc1,-9.409
CHEMBL3900331,Cc1cc(-c2cn(CCO)c(C3CCN(c4ncnc(N)c4C#N)CC3)[nH+]2)ccc1F,-9.404
CHEMBL1258662,[NH3+][C@H](Cc1ccc(Br)cc1)C(=O)N1CCN(c2ncnc3ccccc23)CC1,-9.395
CHEMBL496690,[NH3+]C[C@H](Cc1ccc(F)cc1)NC(=O)c1cc(Br)c(-c2ccnc3[nH]ccc23)s1,-9.392
CHEMBL1257165,C[NH2+]C[C@H](Cc1ccc(Cl)cc1)C(=O)N1CCN(c2ncnc3[nH]ccc23)CC1,-9.377
CHEMBL3986416,C[N@@H+](CCn1cc(-c2ccc(F)c(C(F)(F)F)c2)nc1C1CCN(c2ncnc(N)c2C(N)=O)CC1)Cc1ccccc1,-9.365
CHEMBL2325738,NC1(C(=O)N[C@H](CCO)c2ccc(Cl)cc2)CCN(c2ncnc3[nH]ccc23)CC1,-9.355
CHEMBL2325984,[NH3+]C1(C(=O)N[C@H](c2ccccc2)c2ccc(Cl)cc2)CCN(c2ncnc3[nH]ccc23)CC1,-9.35
CHEMBL3969016,C[NH2+]CCn1cc(-c2ccc(F)c(C)c2)nc1C1CCN(c2ncnc(N)c2C#N)CC1,-9.337
CHEMBL3899490,C[NH2+]CCn1cc(-c2ccnc(C(F)(F)F)c2)nc1C1CCN(c2ncnc(N)c2Br)CC1,-9.334
CHEMBL1171485,Cc1c[nH]c2ncnc(N3CC[C@@]([NH3+])(CNC(=O)C(F)(F)F)C3)c12,-9.329
CHEMBL4284420,O=C(N1CCN(c2ncnc3[nH]nc(Cl)c23)CC1)C1(c2ccc(Cl)cc2)CC[NH2+]CC1,-9.325
CHEMBL1257403,[NH3+]C[C@@H](Cc1ccc(Cl)cc1)C(=O)N1CCN(c2ncnc3[nH]ccc23)CC1,-9.323
CHEMBL1170448,Cc1c[nH]c2ncnc(N3CC[C@]([NH3+])(CNC(=O)c4ccc(F)cc4F)C3)c12,-9.316
CHEMBL469781,Cc1cc(C(=O)N[C@H](C[NH3+])c2ccccc2)sc1-c1ccnc2[nH]ccc12,-9.289
CHEMBL4540052,O=C(N[C@@H]1C[NH2+]CC[C@H]1c1ccc(Cl)cc1)c1ccc(-c2cn[nH]c2)o1,-9.283
CHEMBL4282775,O=C(N1CCN(c2ncnc3[nH]nc(Cl)c23)CC1)C1(c2ccc(Br)cc2)CC[NH2+]CC1,-9.266
CHEMBL2325728,NC1(C(=O)N[C@@H](CC[NH+]2CCCC2)c2ccc(Cl)cc2)CCN(c2ncnc3[nH]ccc23)CC1,-9.256
CHEMBL1171672,Cc1c[nH]c2ncnc(N3CC[C@@]([NH3+])(CNC(=O)c4cccc(F)c4)C3)c12,-9.243
CHEMBL4216977,COc1ccc(C2(C(=O)N3CCN(c4ncnc5[nH]cc(Br)c45)CC3)CC[NH2+]CC2)cc1,-9.214
CHEMBL3977344,C[NH+]1CC(Cn2cc(-c3ccc(F)c(C(F)(F)F)c3)[nH+]c2C2CCN(c3ncnc(N)c3C(N)=O)CC2)C1,-9.212
CHEMBL1632390,CC(C)[NH2+]C[C@H](Cc1ccc(Cl)c(F)c1)C(=O)N1CCN(c2ncnc3c2[C@H](C)OC3)CC1,-9.208
CHEMBL2177380,CC(C)[NH2+]C[C@@H](C(=O)N1CCN(c2ncnc3c2[C@H](C)C[C@@H]3O)CC1)c1ccc(Cl)cc1,-9.204
CHEMBL1173273,Cc1c[nH]c2ncnc(N3CC[C@@H]([NH3+])C3)c12,-9.193
CHEMBL1258664,Cc1c[nH]c2ncnc(N3CCN(C(=O)[C@H]([NH3+])Cc4ccc(Cl)cc4)CC3)c12,-9.191
CHEMBL205994,[NH3+][C@H](CNc1cncc(Nc2cccc3cnccc23)c1)Cc1c[nH]c2ccccc12,-9.181
CHEMBL2177365,CC(C)[N@H+](C)C[C@@H](C(=O)N1CCN(c2ncnc3c2[C@H](C)C[C@H]3O)CC1)c1ccc(Cl)cc1,-9.167
CHEMBL2177364,C[C@@H]1C[C@@H](O)c2ncnc(N3CCN(C(=O)[C@H](C[NH2+]C4CCCCC4)c4ccc(Cl)cc4)CC3)c21,-9.166
CHEMBL1632386,C[C@@H]1SCc2ncnc(N3CCN(C(=O)[C@H](Cc4ccc(Cl)c(F)c4)CC4([NH3+])CC4)CC3)c21,-9.166
CHEMBL1170445,[NH3+][C@]1(CNC(=O)c2ccc(Cl)cc2)CCN(c2ncnc3[nH]cc(Cl)c23)C1,-9.164
CHEMBL3890076,Cc1cc(-c2cn(CC[NH2+]C(C)C)c(C3CCN(c4ncnc(N)c4C#N)CC3)n2)ccc1F,-9.156
CHEMBL3942663,NC(=O)c1c(N)ncnc1N1CCC(c2[nH+]c(-c3ccc(F)c(C(F)(F)F)c3)cn2CC2C[NH2+]C2)CC1,-9.14
CHEMBL3973987,CCO/C=C/c1c(N)ncnc1N1CCC(c2[nH+]c(-c3ccc(F)c(C(F)(F)F)c3)cn2CC[NH+](C)C)CC1,-9.126
CHEMBL3967166,C[NH2+]CCn1cc(-c2ccc(F)c(C(F)(F)F)c2)[nH+]c1C1CCN(c2ncnc(N)c2C(N)=O)CC1,-9.119
CHEMBL3977710,Cc1cc(-c2cn(CC[NH+](C)C)c(C3CCN(c4ncnc(N)c4C(N)=O)CC3)[nH+]2)ccc1F,-9.115
CHEMBL2177379,C[C@@H]1C[C@@H](O)c2ncnc(N3CCN(C(=O)[C@@H](c4ccc(Cl)cc4)[C@@H]4CCC[NH2+]4)CC3)c21,-9.109
CHEMBL3968744,CCc1c(N)ncnc1N1CCC(c2nc(-c3ccc(F)c(C(F)(F)F)c3)cn2CC[NH3+])CC1,-9.107
CHEMBL2177363,C[C@@H]1C[C@@H](O)c2ncnc(N3CCN(C(=O)[C@H](C[NH+]4CCC(F)CC4)c4ccc(Cl)cc4)CC3)c21,-9.099
CHEMBL3943038,Cc1cc(-c2cn(CC3C[NH2+]C3)c(C3CCN(c4ncnc(N)c4C#N)CC3)[nH+]2)ccc1F,-9.048
CHEMBL1087281,Cc1n[nH]c2ccc(-c3nnc(NC[C@@H]([NH3+])Cc4ccccc4)s3)cc12,-9.045
CHEMBL3113142,Clc1ccc([C@H]([NH2+]Cc2ccccc2)c2ccc(-c3ncnc4[nH]cnc34)cc2)cc1,-9.043
CHEMBL1076553,Cc1n[nH]c2ccc(-c3nnc(NC[C@@H]([NH3+])Cc4cccc(F)c4)s3)cc12,-9.04
CHEMBL1080893,Cc1n[nH]c2ccc(-c3nnc(NC[C@@H]([NH3+])Cc4cccc(Cl)c4)s3)cc12,-9.038
CHEMBL1171299,Cc1c[nH]c2ncnc(N3CC[C@@]([NH3+])(CNC(=O)Cl)C3)c12,-9.037
CHEMBL3964344,C=Cc1c(N)ncnc1N1CCC(c2nc(-c3ccc(C(F)(F)F)c(F)c3)cn2CC[NH+]2CCCC2)CC1,-9.035
CHEMBL3916864,C[NH+](C)CCn1cc(-c2ccc(F)c(C(F)(F)F)c2)nc1C1CCN(c2ncnc(N)c2C#N)CC1,-9.033
CHEMBL3911401,CCc1c(N)ncnc1N1CCC(c2[nH+]c(-c3ccc(F)c(C(F)(F)F)c3)cn2CC[NH+](C)C)CC1,-9.031
CHEMBL482537,[NH3+]C[C@H](Cc1ccc(C(F)(F)F)cc1)NC(=O)c1cc(Br)c(-c2ccnc3[nH]ccc23)s1,-9.022
CHEMBL3985709,NC(=O)c1c(N)ncnc1N1CCC(c2nc(-c3ccc(F)c(F)c3)cn2CC[NH+]2CCC2)CC1,-9.021
CHEMBL1258331,[NH3+][C@H](Cc1ccc(Cl)cc1)C(=O)N1CCN(c2ccnc3[nH]ccc23)CC1,-9.009
CHEMBL3900512,C[NH+](C)CCn1cc(-c2ccc(F)c(C(F)(F)F)c2)nc1C1CCN(c2ncnc(N)c2C2CC2)CC1,-9.004
CHEMBL2177370,C[C@@H]1C[C@@H](O)c2ncnc(N3CCN(C(=O)[C@@H](c4ccc(Cl)cc4)[C@@H]4COCC[NH2+]4)CC3)c21,-9.003
CHEMBL4109551,NC(=O)c1ccc(N[C@H]2C[NH2+]CC[C@@H]2c2ccc(F)c(Cl)c2)c2cncnc12,-8.999
CHEMBL2325985,[NH3+]C1(C(=O)N[C@H](Cc2ccccc2)c2ccc(Cl)cc2)CCN(c2ncnc3[nH]ccc23)CC1,-8.997
CHEMBL1760771,Nc1ncnc(N2CC[C@@]3(CCC[N@@H+](C[C@H](O)CNS(=O)(=O)c4ccccc4Cl)C3)C2)c1C1CC1,-8.99
CHEMBL3897233,Nc1ncnc(N2CCC(c3nc(-c4ccc(F)c(C(F)(F)F)c4)cn3CC3C[NH2+]C3)CC2)c1Cl,-8.99
CHEMBL4529738,Cn1ncc(Cl)c1-c1coc(C(=O)N[C@@H]2C[NH2+]CC[C@H]2c2ccc(F)c(F)c2)c1,-8.988
CHEMBL3954717,NC(=O)c1c(N)ncnc1N1CCC(c2nc(-c3ccc(F)c(OC(F)F)c3)cn2CC[NH+]2CCC2)CC1,-8.964
CHEMBL4450141,Cn1ncc(Cl)c1-c1ccc(C(=O)N[C@@H]2C[NH2+]CC[C@H]2c2ccc(Cl)cc2)o1,-8.954
CHEMBL3896892,N#Cc1c(N)ncnc1N1CCC(c2[nH+]c(-c3cccc(C(F)(F)F)c3)cn2CC[NH+]2CCCC2)CC1,-8.94
CHEMBL2177382,CC(C)[NH2+]C[C@@H](C(=O)N1CCN(c2ncnc3c2[C@H](C)C[C@@H]3F)CC1)c1ccc(Cl)cc1,-8.94
CHEMBL576372,Cc1n[nH]c2cnc(-c3cncc(OC[C@@H]([NH3+])Cc4cccc(OCC5CC[NH2+]CC5)c4)c3)cc12,-8.931
CHEMBL4284849,O=C(N1CCN(c2ncnc3[nH]nc(Br)c23)CC1)C1(c2ccc(Cl)c(Cl)c2)CC[NH2+]CC1,-8.925
CHEMBL1076581,[NH3+][C@H](CNc1nnc(-c2ccc3[nH]ncc3c2)s1)Cc1ccc(Cl)cc1Cl,-8.921
CHEMBL4217489,COc1ccc(C2(C(=O)N3CCN(c4ncnc5[nH]ccc45)CC3)CC[NH2+]CC2)cc1,-8.918
CHEMBL1258329,[NH3+][C@H](Cc1ccccc1)C(=O)N1CCN(c2ncnc3ccccc23)CC1,-8.918
CHEMBL2016887,Cc1c(NCC[NH+]2CCCC2)cc(C(=O)Nc2ccccc2)cc1N1CCN(c2ncnc3[nH]nc(Br)c23)CC1,-8.917
CHEMBL3932866,N#Cc1c(N)ncnc1N1CCC(c2nc(-c3ccnc(F)c3)cn2CC[NH+]2CCC2)CC1,-8.901
CHEMBL210740,Cc1n[nH]c2ccc(-c3cncc(OC[C@@H]([NH3+])Cc4ccc5ccccc5c4)c3)cc12,-8.895
CHEMBL1632387,C[C@@H]1SCc2ncnc(N3CCN(C(=O)[C@H](Cc4ccc(Cl)cc4)CC(C)(C)[NH3+])CC3)c21,-8.891
CHEMBL520788,[NH3+]C[C@H](Cc1ccccc1C(F)(F)F)NC(=O)c1cc(Br)c(-c2ccnc3[nH]ccc23)s1,-8.887
CHEMBL1080912,Cc1n[nH]c2ccc(-c3nnc(NC[C@@H]([NH3+])Cc4ccc(Cl)cc4Cl)s3)cc12,-8.874
CHEMBL2177376,C[C@@H]1C[C@@H](O)c2ncnc(N3CCN(C(=O)[C@H](C[NH2+]CC(F)(F)F)c4ccc(Cl)cc4)CC3)c21,-8.873
CHEMBL3937511,COC(=O)c1ccc(-c2c(N)ncnc2N2CCC(c3[nH+]c(-c4ccc(F)c(C(F)(F)F)c4)cn3CC[NH+](C)C)CC2)cc1,-8.865
CHEMBL4202879,O=C(N1CCN(c2ncnc3[nH]cc(Cl)c23)CC1)C1(c2ccc(Br)cc2)CC[NH2+]CC1,-8.839
CHEMBL3906804,N#Cc1c(N)ncnc1N1CCC(c2nc(-c3cnoc3)cn2CC[NH+]2CCC2)CC1,-8.838
CHEMBL2177381,CC(C)[NH2+]C[C@@H](C(=O)N1CCN(c2ncnc3c2[C@H](C)C[C@H]3F)CC1)c1ccc(Cl)cc1,-8.838
CHEMBL1080913,Cc1n[nH]c2ccc(-c3nnc(NC[C@@H]([NH3+])Cc4ccc(F)c(F)c4)s3)cc12,-8.831
CHEMBL1632376,C[C@@H]1SCc2ncnc(N3CCN(C(=O)[C@H]([NH3+])Cc4ccc(F)cc4)CC3)c21,-8.83
CHEMBL3113130,Clc1ccc([C@H]([NH2+]C2CC2)c2ccc(-c3ncnc4[nH]cnc34)cc2)cc1,-8.818
CHEMBL1081439,[NH3+][C@H](CNc1nnc(-c2ccc3[nH]ncc3c2)s1)Cc1ccc(F)cc1,-8.814
CHEMBL3955767,NC(=O)c1c(N)ncnc1N1CCC(c2nc(-c3ccc(F)c(C(F)(F)F)c3)cn2CC[NH+]2CCCC2)CC1,-8.805
CHEMBL3895298,C[NH+](C)CCn1cc(-c2ccc(F)c(C(F)(F)F)c2)nc1C1CCN(c2ncnc(N)c2-c2ccncc2)CC1,-8.804
CHEMBL3913464,N#Cc1c(N)ncnc1N1CCC(c2[nH+]c(-c3ccc(F)c(C(F)(F)F)c3)cn2CCO)CC1,-8.798
CHEMBL4213657,O=C(N1CCN(c2ncnc3[nH]cc(Cl)c23)CC1)C1(c2ccc(Cl)c(Cl)c2)CC[NH2+]CC1,-8.793
CHEMBL4212569,O=C(N1CCN(c2ncnc3[nH]ccc23)CC1)C1(c2ccc(Cl)cc2)CC[NH2+]CC1,-8.788
CHEMBL3113140,CC(C)C[NH2+][C@H](c1ccc(Cl)cc1)c1ccc(-c2ncnc3[nH]cnc23)cc1,-8.782
CHEMBL3962465,CCc1c(N)ncnc1N1CCC(c2nc(-c3ccc(F)c(C(N)=O)c3)cn2CC[NH+]2CCC2)CC1,-8.775
CHEMBL4207231,O=C(N1CCN(c2ncnc3[nH]cc(Br)c23)CC1)C1(c2ccc(Cl)cc2)CC[NH2+]CC1,-8.771
CHEMBL3932421,C=Cc1c(N)ncnc1N1CCC(c2nc(-c3ccc(F)c(C(F)(F)F)c3)cn2CC[NH+]2CCCC2)CC1,-8.766
CHEMBL1823654,O=C(N[C@H](c1ccc(Cl)c(Cl)c1)[C@@H]1CC[NH2+]C1)c1ccc2cnccc2c1,-8.765
CHEMBL3931848,C=Cc1c(N)ncnc1N1CCC(c2nc(-c3ccc(F)c(C(F)(F)F)c3)cn2CC[NH+](C)C)CC1,-8.751
CHEMBL3904322,Cn1cc(-c2ccc(F)c(C(F)(F)F)c2)[nH+]c1C1CCN(c2ncnc(N)c2C=O)CC1,-8.748
CHEMBL4285143,O=C(N1CCN(c2ncnc3[nH]nc(Cl)c23)CC1)C1(c2ccc(Cl)c(Cl)c2)CC[NH2+]CC1,-8.747
CHEMBL4214539,O=C(Cc1ccc(Cl)cc1)N1CCN(c2ncnc3[nH]cc(Br)c23)CC1,-8.746
CHEMBL2177389,CC(C)[NH2+]C[C@@H](C(=O)N1CCN(c2ncnc3c2[C@H](CO)CC3)CC1)c1ccc(Cl)cc1,-8.745
CHEMBL3981085,COc1c(N)ncnc1N1CCC(c2[nH+]c(-c3ccc(F)c(C)c3)cn2CC2C[NH2+]C2)CC1,-8.74
CHEMBL4545734,Cn1ncc(Cl)c1-c1csc(C(=O)N[C@@H]2C[NH2+]CC[C@H]2c2ccc(Cl)c(C(F)(F)F)c2)c1,-8.732
CHEMBL1173304,Cc1c[nH]c2ncnc(N3CC[C@@H](NC(=O)Nc4ccccc4)C3)c12,-8.729
CHEMBL3910187,NC(=O)c1ccc(N[C@@H]2C[NH2+]CC[C@H]2c2ccc(F)cc2)c2cncnc12,-8.722
CHEMBL2016893,Cc1c(NCC[NH+]2CCCC2)cc(C(=O)CCC(F)(F)F)cc1N1CCN(c2ncnc3[nH]nc(Br)c23)CC1,-8.711
CHEMBL1080892,Cc1n[nH]c2ccc(-c3nnc(NC[C@@H]([NH3+])Cc4ccccc4C(F)(F)F)s3)cc12,-8.704
CHEMBL1632374,C[C@H]1SCc2ncnc(N3CCN(C(=O)[C@H]([NH3+])Cc4ccc(Cl)cc4)CC3)c21,-8.7
CHEMBL3805292,Cn1nccc1-c1csc(C(=O)NC2(c3ccc(F)cc3)CC[NH2+]CC2)c1,-8.688
CHEMBL3975126,N#Cc1c(N)ncnc1N1CCC(c2nc(-c3cc[nH]c(=O)c3)cn2CC[NH+]2CCC2)CC1,-8.685
CHEMBL3913969,C[NH2+]CCn1cc(-c2ccc(F)c(C)c2)nc1C1CCN(c2ncnc(N)c2-c2cn[nH]c2)CC1,-8.679
CHEMBL3949232,NC(=O)c1c(N)ncnc1N1CCC(c2[nH+]c(-c3ccc(F)c(C(F)(F)F)c3)cn2CCO)CC1,-8.668
CHEMBL3917944,Cn1cc(-c2ccc(F)c(C(F)(F)F)c2)[nH+]c1C1CCN(c2ncnc(N)c2Br)CC1,-8.663
CHEMBL3971598,Cc1cc(-c2cn(CC[NH+](C)C)c(C3CCN(c4ncnc(N)c4C#N)CC3)n2)ccc1F,-8.659
CHEMBL3894577,CCc1c(N)ncnc1N1CCC(c2nc(-c3ccc(F)cc3)cn2CC[NH+]2CCCC2)CC1,-8.655
CHEMBL2177388,CC(C)[NH2+]C[C@@H](C(=O)N1CCN(c2ncnc3c2[C@H](CF)CC3)CC1)c1ccc(Cl)cc1,-8.653
CHEMBL3912123,CCc1c(N)ncnc1N1CCC(c2nc(-c3ccc(F)c(F)c3)cn2CC[NH+]2CCC2)CC1,-8.645
CHEMBL4204854,O=C(N1CCN(c2ncnc3[nH]cc(Cl)c23)CC1)C1(c2ccc(Cl)cc2)CC[NH2+]CC1,-8.645
CHEMBL470410,C[NH2+]C[C@H](NC(=O)c1cc(Br)c(-c2ccnc3[nH]ccc23)s1)c1ccccc1,-8.642
CHEMBL3699785,NC(=O)[C@@H]1Cc2ccccc2N1C(=O)Cc1nc(N2CCOCC2)cc(=O)[nH]1,-8.637
CHEMBL4207643,O=C(N1CCN(c2ncnc3[nH]cc(Br)c23)CC1)C1(c2ccc(Cl)c(Cl)c2)CC[NH2+]CC1,-8.631
CHEMBL4211584,O=C(N1CCN(c2ncnc3[nH]ccc23)CC1)C1(c2ccc(Br)cc2)CC[NH2+]CC1,-8.628
CHEMBL4442226,Cn1ncc(Cl)c1-c1csc(C(=O)N[C@@H]2C[NH2+]CC[C@H]2c2ccc(Cl)cc2)c1,-8.626
CHEMBL1258778,[NH3+][C@H](Cc1cccc(Cl)c1)C(=O)N1CCN(c2ncnc3ccccc23)CC1,-8.615
CHEMBL3896518,NC(=O)c1ccc(N[C@@H]2C[NH2+]CC[C@H]2c2ccc(Cl)c(F)c2)c2cncnc12,-8.61
CHEMBL3948454,C[NH2+]CCn1cc(-c2ccnc(C(F)(F)F)c2)[nH+]c1C1CCN(c2ncnc(N)c2Cl)CC1,-8.603
CHEMBL213618,CNc1nccc(-c2ccc(C(=O)N[C@H](C[NH3+])Cc3ccc(Cl)cc3Cl)s2)n1,-8.603
CHEMBL4522820,Cn1nccc1-c1ccc(C(=O)N[C@@H]2C[NH2+]CC[C@H]2c2ccc(Cl)cc2)o1,-8.587
CHEMBL3889930,COC/C=C/c1c(N)ncnc1N1CCC(c2[nH+]c(-c3ccc(F)c(C(F)(F)F)c3)cn2C)CC1,-8.586
CHEMBL3982706,CCc1c(N)ncnc1N1CCC(c2nc(-c3cccc(C(F)(F)F)c3)cn2CC[NH+]2CCCC2)CC1,-8.581
CHEMBL470596,CC(C)[NH2+]C[C@H](Cc1ccccc1)NC(=O)c1cc(Br)c(-c2ccnc3[nH]ccc23)s1,-8.579
CHEMBL3137336,Cn1ncc(Cl)c1-c1cc(C(=O)N[C@H](C[NH3+])Cc2ccc(F)c(F)c2)oc1Cl,-8.569
CHEMBL3806229,Cn1ncc(Cl)c1-c1coc(C(=O)NC2(c3ccc(F)cc3)CC[NH2+]CC2)c1,-8.566
CHEMBL3806131,Cn1ncc(Cl)c1-c1csc(C(=O)NC2(c3ccc(F)cc3)CC[NH2+]CC2)c1,-8.559
CHEMBL378759,Cc1n[nH]c2ccc(-c3cncc(SC[C@@H]([NH3+])Cc4c[nH]c5ccccc45)c3)cc12,-8.556
CHEMBL3936879,CCc1cc(-c2cn(CC[NH+]3CCC3)c(C3CCN(c4ncnc(N)c4C#N)CC3)n2)ccn1,-8.555
CHEMBL3805232,Cn1ncc(Br)c1-c1csc(C(=O)NC2(c3ccc(F)cc3)CC[NH2+]CC2)c1,-8.55
CHEMBL1632391,CC(C)[NH2+]C[C@H](Cc1ccc(Cl)cc1)C(=O)N1CCN(c2ncnc3c2[C@H](C)OC3)CC1,-8.55
CHEMBL3961056,Cc1cc(-c2cn(CC[NH+]3CCC3)c(C3CCN(c4ncnc(N)c4C#N)CC3)n2)ccc1F,-8.55
CHEMBL4451854,Cn1ncc(Cl)c1-c1csc(C(=O)N[C@@H]2C[NH2+]CC[C@H]2c2cccc(F)c2)c1,-8.549
CHEMBL2177385,CC(C)[NH2+]C[C@@H](C(=O)N1CCN(c2ncnc3c2[C@H](C)CC3)CC1)c1ccc(Cl)cc1,-8.546
CHEMBL4526242,Cn1ncc(-c2ccccc2)c1-c1ccc(C(=O)N[C@@H]2C[NH2+]CC[C@H]2c2cccc(F)c2)s1,-8.544
CHEMBL226798,Cc1n[nH]c2ccc(-c3cncc(OC[C@@H]([NH3+])Cc4cccc(OCC[NH3+])c4)c3)cc12,-8.521
CHEMBL2177387,C=C[C@@H]1CCc2ncnc(N3CCN(C(=O)[C@H](C[NH2+]C(C)C)c4ccc(Cl)cc4)CC3)c21,-8.516
CHEMBL3113145,Clc1ccc([C@H]([NH2+]C2CC2)c2ccc(-c3cn[nH]c3)cc2)cc1,-8.501
CHEMBL1080891,Cc1n[nH]c2ccc(-c3nnc(NC[C@@H]([NH3+])Cc4ccccc4Cl)s3)cc12,-8.5
CHEMBL1632380,CC(C)[NH2+]C[C@H](Cc1ccc(Cl)cc1)C(=O)N1CCN(c2ncnc3c2[C@H](C)SC3)CC1,-8.484
CHEMBL1632384,CC(C)[NH2+]C[C@H](Cc1ccc(Cl)cc1)C(=O)N1CCN(c2ncnc3c2[C@H](C)SC3)CC1,-8.484
CHEMBL3976391,CCc1c(N)ncnc1N1CCC(c2nc(-c3ccc(F)c(F)c3)cn2CC[NH+]2CC3(COC3)C2)CC1,-8.481
CHEMBL1632377,C[C@@H]1SCc2ncnc(N3CCN(C(=O)[C@H]([NH3+])Cc4ccc(F)c(F)c4)CC3)c21,-8.481
CHEMBL3805163,Cn1nccc1-c1csc(C(=O)NC2(c3ccc(Cl)c(Cl)c3)CC[NH2+]CC2)c1,-8.48
CHEMBL4467970,C=Cc1cnn(C)c1-c1ccc(C(=O)N[C@@H]2C[NH2+]CC[C@H]2c2cccc(F)c2)s1,-8.478
CHEMBL472291,[NH3+]C[C@H](C(=O)Nc1cc(Br)c(-c2ccnc3[nH]ccc23)s1)c1ccccc1,-8.474
CHEMBL4435124,Cn1ncc(Cl)c1-c1ccc(C(=O)N[C@@H]2C[NH2+]CC[C@H]2c2cccc(F)c2)s1,-8.472
CHEMBL1258550,COc1ccc(C[C@@H]([NH3+])C(=O)N2CCN(c3ncnc4ccccc34)CC2)cc1,-8.465
CHEMBL1257752,CN(C)c1ccc2ncnc(N3CCN(C(=O)[C@H]([NH3+])Cc4ccc(Cl)cc4)CC3)c2c1,-8.463
CHEMBL4577134,Cn1ncc(-c2ccncc2)c1-c1ccc(C(=O)N[C@@H]2C[NH2+]CC[C@H]2c2cccc(F)c2)s1,-8.455
CHEMBL3972741,N#Cc1c(N)ncnc1N1CCC(c2nc(-c3ccc(OC(F)F)c(F)c3)cn2CC[NH+]2CCC2)CC1,-8.448
CHEMBL3939097,CCc1c(N)ncnc1N1CCC(c2nc(-c3cccc(Cl)c3)cn2CC[NH+]2CCC2)CC1,-8.44
CHEMBL470409,[NH3+]CCNC(=O)c1cc(Br)c(-c2ccnc3[nH]ccc23)s1,-8.438
CHEMBL4292059,O=C(N1CCN(c2ncnc3[nH]nc(Br)c23)CC1)C1(c2ccc(Br)cc2)CC[NH2+]CC1,-8.437
CHEMBL4451405,Cn1ncc(Cl)c1-c1ccc(C(=O)N[C@@H]2C[NH2+]CC[C@H]2c2ccc(F)c(F)c2)cn1,-8.432
CHEMBL1823661,O=C(N[C@@H](c1ccc(Cl)c(Cl)c1)C1CC[NH+](Cc2ccccc2)CC1)c1ccc2cnccc2c1,-8.431
CHEMBL3969229,CCc1c(N)ncnc1N1CCC(c2nc(-c3cccc(F)c3)cn2CC[NH+]2CCCC2)CC1,-8.429
CHEMBL3696286,COCc1cc(NC(=O)Cc2nc(N3CCOCC3)cc(=O)[nH]2)ccc1F,-8.424
CHEMBL2016890,Cc1noc(-c2cc(NCC[NH+]3CCCC3)c(C)c(N3CCN(c4ncnc5[nH]nc(Br)c45)CC3)c2)n1,-8.409
CHEMBL3926249,CCc1c(N)ncnc1N1CCC(c2nc(-c3ccc(F)c(F)c3)cn2CC[N@@H+]2CCC3(COC3)C2)CC1,-8.404
CHEMBL512148,[NH3+][C@H](CNC(=O)c1cc(Br)c(-c2ccnc3[nH]ccc23)s1)c1ccccc1,-8.401
CHEMBL3909262,CCc1c(N)ncnc1N1CCC(c2nc(-c3ccc(F)cc3)cn2CC[NH+]2CC3(COC3)C2)CC1,-8.401
CHEMBL14249,Nc1ncnc2c1ncn2[C@@H]1O[C@H](COP(=O)([O-])OP(=O)([O-])OP(=O)([O-])[O-])[C@@H](O)[C@H]1O,-8.397
CHEMBL4579551,Cc1cnn(C)c1-c1ccc(C(=O)N[C@@H]2C[NH2+]CC[C@H]2c2cccc(F)c2)s1,-8.388
CHEMBL3113149,OCC[NH2+][C@H](c1ccc(Cl)cc1)c1ccc(-c2cn[nH]c2)cc1,-8.387
CHEMBL3696313,O=C(Cc1nc(N2CCOCC2)cc(=O)[nH]1)N1CCc2ccccc2C1,-8.387
CHEMBL3964789,COc1c(N)ncnc1N1CCC(c2[nH+]c(-c3ccc(F)c(C(F)(F)F)c3)cn2C)CC1,-8.385
CHEMBL3894252,CCc1c(N)ncnc1N1CCC(c2nc(-c3cccc(F)c3)cn2CC[NH+]2CCC2)CC1,-8.385
CHEMBL3968052,N#Cc1c(N)ncnc1N1CCC(c2nc(-c3cccc(F)c3)cn2CC[NH+]2CCCC2)CC1,-8.382
CHEMBL208199,[NH3+][C@H](COc1cncc(-c2ccncc2)c1)Cc1c[nH]c2ccccc12,-8.382
CHEMBL3945304,CCc1c(N)ncnc1N1CCC(c2nc(-c3ccc(Cl)cc3)cn2CC[NH+]2CCCC2)CC1,-8.374
CHEMBL3928074,C=Cc1c(N)ncnc1N1CCC(c2nc(-c3cccc(F)c3)cn2CC[NH+]2CCCC2)CC1,-8.362
CHEMBL3954781,CCc1c(N)ncnc1N1CCC(c2nc(-c3ccc(F)c(F)c3)cn2CC[NH+]2CCCC2)CC1,-8.361
CHEMBL3901242,C=C(C)c1c(N)ncnc1N1CCC(c2[nH+]c(-c3ccc(F)c(C(F)(F)F)c3)cn2CC[NH+]2CCCC2)CC1,-8.358
CHEMBL3970397,N#Cc1c(N)ncnc1N1CCC(c2nc(-c3ccc(OC(F)F)cc3)cn2CC[NH+]2CCC2)CC1,-8.355
CHEMBL4578995,Cn1ncc(Br)c1-c1ccc(C(=O)N[C@@H]2C[NH2+]CC[C@H]2c2ccc(Cl)cc2)o1,-8.349
CHEMBL1760761,CCOCCN(C[C@@H](O)C[N@H+]1CCC[C@]2(CCN(c3ncnc4[nH]nc(C)c34)C2)C1)S(=O)(=O)c1c(C)cccc1C,-8.349
CHEMBL513728,[NH3+]C[C@@H](Cc1ccccc1)NC(=O)c1cc(Br)c(-c2ccnc3[nH]ccc23)s1,-8.337
CHEMBL3699809,N#Cc1cccc(NC(=O)Cc2nc(N3CCOCC3)cc(=O)[nH]2)c1O,-8.331
CHEMBL3912088,COc1ccc(-c2cn(CC[NH+]3CCC3)c(C3CCN(c4ncnc(N)c4C(N)=O)CC3)n2)cc1Cl,-8.331
CHEMBL1632388,C[C@@H]1SCc2ncnc(N3CCN(C(=O)[C@H](Cc4ccc(Cl)c(F)c4)CC(C)(C)[NH3+])CC3)c21,-8.328
CHEMBL376569,Cc1n[nH]c2cnc(-c3cncc(OC[C@@H]([NH3+])Cc4c[nH]c5ccccc45)c3)cc12,-8.325
CHEMBL1088613,Cc1n[nH]c2ccc(-c3nnc(NC[C@@H]([NH3+])Cc4ccccc4F)s3)cc12,-8.322
CHEMBL2016888,Cc1c(NCC[NH+]2CCCC2)cc(COCC(F)(F)F)cc1N1CCN(c2ncnc3[nH]nc(Br)c23)CC1,-8.314
CHEMBL4544411,Cn1nccc1-c1oc(C(=O)N[C@@H]2C[NH2+]CC[C@H]2c2ccc(Cl)cc2)cc1Br,-8.308
CHEMBL226627,Cc1n[nH]c2ccc(-c3cncc(OC[C@@H]([NH3+])Cc4ccc(F)c(C(F)(F)F)c4)c3)cc12,-8.3
CHEMBL3908831,CCc1c(N)ncnc1N1CCC(c2nc(-c3ccc(C(F)(F)F)c(F)c3)cn2CC[NH+]2CCC(F)CC2)CC1,-8.297
CHEMBL1257280,[NH3+][C@H](Cc1cc(F)cc(F)c1)C(=O)N1CCN(c2ncnc3ccccc23)CC1,-8.289
CHEMBL259833,Clc1c[nH]c2ncnc(N3CCc4[nH]c[nH+]c4C3)c12,-8.282
CHEMBL3927188,Nc1ncnc(N2CCC(c3[nH+]c(-c4ccc(F)c(C(F)(F)F)c4)cn3CC[NH+]3CCC3)CC2)c1-c1cn[nH]c1,-8.281
CHEMBL3900809,CCOc1c(N)ncnc1N1CCC(c2nc(-c3ccc(F)c(C)c3)cn2CC[NH+]2CCCC2)CC1,-8.279
CHEMBL4576518,Nc1ncccc1-c1nc2ccc(-c3cn[nH]c3)nc2n1-c1ccc(C[NH3+])cc1,-8.278
CHEMBL3894291,CS(=O)(=O)c1cccc(-c2cn(CC[NH+]3CCC3)c(C3CCN(c4ncnc(N)c4C#N)CC3)[nH+]2)c1,-8.275
CHEMBL3925183,CC(C)Oc1c(N)ncnc1N1CCC(c2[nH+]c(-c3ccc(F)c(C(F)(F)F)c3)cn2CC2C[NH2+]C2)CC1,-8.275
CHEMBL3896152,Nc1ncnc(N2CCC(c3nc(-c4ccc(F)c(C(F)(F)F)c4)cn3C[C@@H]3CC[NH2+]3)CC2)c1Cl,-8.273
CHEMBL1632381,C[C@@H]1SCc2ncnc(N3CCN(C(=O)[C@H](Cc4ccc(Cl)cc4)C[NH+]4CCCC4)CC3)c21,-8.273
CHEMBL4554198,CCc1cnn(C)c1-c1ccc(C(=O)N[C@@H]2C[NH2+]CC[C@H]2c2cccc(F)c2)s1,-8.273
CHEMBL1257629,Nc1ccc2ncnc(N3CCN(C(=O)[C@H]([NH3+])Cc4ccc(Cl)cc4)CC3)c2c1,-8.269
CHEMBL2219422,Cn1ncc(Cl)c1-c1cc(C(=O)N[C@H](C[NH3+])Cc2cccc(F)c2)sc1Cl,-8.267
CHEMBL4457188,Cn1cc(-c2c(Cl)cnn2C)cc1C(=O)N[C@@H]1C[NH2+]CC[C@H]1c1ccc(Cl)cc1,-8.259
CHEMBL4444441,Cn1ncc(Br)c1-c1ccc(C(=O)N[C@@H]2C[NH2+]CC[C@H]2c2cccc(F)c2)s1,-8.258
CHEMBL3113141,Clc1ccc([C@H]([NH2+]C2CCCCC2)c2ccc(-c3ncnc4[nH]cnc34)cc2)cc1,-8.255
CHEMBL3924538,NC(=O)c1ccc(N[C@@H]2C[NH2+]CC[C@H]2c2ccc(F)c(Cl)c2)c2cncnc12,-8.254
CHEMBL1258898,[NH3+][C@H](Cc1ccc(Cl)c(Cl)c1)C(=O)N1CCN(c2ncnc3ccccc23)CC1,-8.253
CHEMBL2012702,Cc1c(NCC[NH+](C)C)cc(Cl)cc1N1CCN(c2ncnc3[nH]nc(Br)c23)CC1,-8.244
CHEMBL3127378,Nc1ncnc(N2CCN(C(=O)[C@H]([NH3+])Cc3ccc(Cl)cc3)CC2)c1Cl,-8.232
CHEMBL4453662,Cn1ncc(Cl)c1-c1cc(C(=O)N[C@@H]2C[NH2+]CC[C@H]2c2ccc(Cl)c(C(F)(F)F)c2)sc1Cl,-8.232
CHEMBL3696247,O=C(Cc1nc(N2CCOCC2)cc(=O)[nH]1)Nc1ccc(F)cn1,-8.226
CHEMBL3699810,O=C(Cc1nc(N2CCOCC2)cc(=O)[nH]1)Nc1cccc(C(F)(F)F)c1O,-8.223
CHEMBL2177367,CO[C@H]1CC[C@H]([NH2+]C[C@@H](C(=O)N2CCN(c3ncnc4c3[C@H](C)C[C@H]4O)CC2)c2ccc(Cl)cc2)CC1,-8.216
CHEMBL4281435,O=C(N1CCN(c2ncnc3[nH]nc(Br)c23)CC1)C1(c2ccc(Cl)cc2)CC[NH2+]CC1,-8.209
CHEMBL3127380,Nc1ncnc(N2CCN(C(=O)[C@H]([NH3+])Cc3ccccc3)CC2)c1Br,-8.208
CHEMBL2177372,CC(C)[NH2+]C[C@@H](C(=O)N1CCN(c2ncnc3c2[C@H](C)C[C@H]3O)CC1)c1ccc(Cl)c(F)c1,-8.208
CHEMBL3953878,Cn1ncc(Cl)c1-c1cc(C(=O)N[C@H](C[NH3+])Cc2cccc(F)c2)oc1Cl,-8.205
CHEMBL4530506,Cn1nccc1-c1csc(C(=O)N[C@@H]2C[NH2+]CC[C@H]2c2ccc(Cl)cc2)c1,-8.201
CHEMBL210349,Cc1n[nH]c2ccc(-c3cncc(OC[C@@H]([NH3+])Cc4cccc5ccccc45)c3)cc12,-8.198
CHEMBL3696285,CC(C)[C@H](C(=O)Nc1ccc(F)cc1)c1nc(N2CCOCC2)cc(=O)[nH]1,-8.194
CHEMBL3917106,COC[C@H](C)[NH2+]CCn1cc(-c2ccc(F)c(C(F)(F)F)c2)[nH+]c1C1CCN(c2ncnc(N)c2C(N)=O)CC1,-8.19
CHEMBL572670,[NH3+][C@H](COc1cncc(-c2ccc3[nH]nc(-c4ccc[nH]4)c3c2)c1)Cc1c[nH]c2ccccc12,-8.189
CHEMBL229855,Cc1n[nH]c2ccc(-c3cncc(OC[C@@H]([NH3+])Cc4ccc(Br)cc4)c3)cc12,-8.186
CHEMBL3967750,CCc1c(N)ncnc1N1CCC(c2[nH+]c(-c3ccc(F)c(C)c3)cn2CC2C[NH2+]C2)CC1,-8.185
CHEMBL3960833,CCc1c(N)ncnc1N1CCC(c2nc(-c3ccc(F)c(C)c3)cn2CC[NH+](C)C)CC1,-8.182
CHEMBL1632369,[NH3+][C@H](Cc1ccc(Cl)cc1)C(=O)N1CCN(c2ncnc3c2CSC3)CC1,-8.177
CHEMBL3895450,Nc1ncnc(N2CCC(c3nc(-c4ccc(F)c(C(F)(F)F)c4)cn3CC[NH+]3CCC3)CC2)c1OCC(F)(F)F,-8.175
CHEMBL3112595,CC(C)(C)[NH2+][C@H](c1ccc(Cl)cc1)c1ccc(-c2cn[nH]c2)cc1,-8.172
CHEMBL1257751,CNc1ccc2ncnc(N3CCN(C(=O)[C@H]([NH3+])Cc4ccc(Cl)cc4)CC3)c2c1,-8.166
CHEMBL3940462,C[NH2+]CCn1cc(-c2ccc(F)c(C)c2)[nH+]c1C1CCN(c2ncnc(N)c2C(N)=O)CC1,-8.166
CHEMBL3696314,O=C(Cc1nc(N2CCOCC2)cc(=O)[nH]1)Nc1ccccc1OCC[NH+]1CCCC1,-8.16
CHEMBL379218,Cc1n[nH]c2ccc(-c3cncc(OC[C@@H]([NH3+])Cc4ccccc4)c3)cc12,-8.154
CHEMBL388729,Nc1cc2[nH]ncc2cc1-c1cncc(OC[C@@H]([NH3+])Cc2c[nH]c3ccccc23)c1,-8.151
CHEMBL3932445,Nc1ncnc(N2CCC(c3[nH+]c(-c4ccc(F)c(C(F)(F)F)c4)cn3CC[NH+]3CCCCC3)CC2)c1-c1ccc(F)cc1,-8.145
CHEMBL3127379,Nc1ncnc(N2CCN(C(=O)[C@H]([NH3+])Cc3ccc(Cl)cc3)CC2)c1Br,-8.143
CHEMBL3904852,CC(C)(C)[NH2+]CCn1cc(-c2ccc(F)c(C(F)(F)F)c2)nc1C1CCN(c2ncnc(N)c2C(N)=O)CC1,-8.14
CHEMBL229918,Cc1n[nH]c2ccc(-c3cncc(OC[C@@H]([NH3+])Cc4cccc(Cl)c4Cl)c3)cc12,-8.137
CHEMBL1632389,Cc1ccc(C[C@H](C[NH2+]C(C)C)C(=O)N2CCN(c3ncnc4c3[C@H](C)OC4)CC2)cc1,-8.135
CHEMBL482536,[NH3+]C[C@H](Cc1cccc(C(F)(F)F)c1)NC(=O)c1cc(Br)c(-c2ccnc3[nH]ccc23)s1,-8.114
CHEMBL4445702,Cn1nccc1-c1ccc(C(=O)N[C@@H]2C[NH2+]CC[C@H]2c2cccc(F)c2)s1,-8.11
CHEMBL3959379,CCOc1c(N)ncnc1N1CCC(c2nc(-c3ccnc(C(F)(F)F)c3)cn2CC[NH+]2CCC2)CC1,-8.109
CHEMBL3972216,C=Cc1c(N)ncnc1N1CCC(c2nc(-c3ccc(F)c(C(F)(F)F)c3)cn2CC[NH+]2CCCCC2)CC1,-8.108
CHEMBL3908333,N#Cc1c(N)ncnc1N1CCC(c2nc(-c3ccoc3)cn2CC[NH+]2CCC2)CC1,-8.104
CHEMBL3966620,CC(C)c1cc(-c2cn(CC[NH+]3CCC3)c(C3CCN(c4ncnc(N)c4C#N)CC3)n2)ccn1,-8.103
CHEMBL581848,[NH3+][C@H](COc1cncc(-c2cccc3cnccc23)c1)Cc1c[nH]c2ccccc12,-8.099
CHEMBL390371,Cc1n[nH]c2ccc(-c3cncc(OC[C@@H]([NH3+])Cc4ccccc4Cl)c3)cc12,-8.096
CHEMBL3916957,Nc1ncnc(N2CCC(c3nc(-c4ccc(F)c(C(F)(F)F)c4)cn3CC[NH+]3CCCC3)CC2)c1-c1ccc(F)cc1,-8.095
CHEMBL3961562,Nc1ncnc(N2CCC(c3nc(-c4ccc(F)c(F)c4)cn3CC[NH+]3CCCC3)CC2)c1C1CCC1,-8.09
CHEMBL3941307,Cn1cc(-c2ccc(F)c(C(F)(F)F)c2)[nH+]c1C1CCN(c2ncnc(N)c2C#N)CC1,-8.09
CHEMBL1760772,Nc1nc[nH+]c(N2CC[C@@]3(CCC[N@@H+](C[C@H](O)CNS(=O)(=O)c4ccccc4Br)C3)C2)c1C1CC1,-8.089
CHEMBL3980219,Nc1ncnc(N2CCC(c3nc(-c4ccc(F)c(Cl)c4)cn3CC[NH+]3CCCC3)CC2)c1Br,-8.083
CHEMBL3696304,Cn1ccc2c(NC(=O)Cc3nc(N4CCOCC4)cc(=O)[nH]3)cccc21,-8.082
CHEMBL227368,Cc1ccc(F)cc1C[C@H]([NH3+])COc1cncc(-c2ccc3[nH]nc(C)c3c2)c1,-8.081
CHEMBL1760759,CCOCCN(C[C@@H](O)C[N@H+]1CCC[C@]2(CCN(c3ncnc4[nH]cc(C)c34)C2)C1)S(=O)(=O)c1c(C)cccc1C,-8.075
CHEMBL438483,Cc1n[nH]c2ccc(-c3cncc(OC[C@@H]([NH3+])Cc4cccc(F)c4F)c3)cc12,-8.073
CHEMBL3922457,CCc1c(N)ncnc1N1CCC(c2nc(-c3ccc(F)c(F)c3)cn2CC[NH+]2CC(F)C2)CC1,-8.073
CHEMBL3218297,O=C(NCc1cccc(O)c1)Nc1nc(-c2ccncc2)cs1,-8.073
CHEMBL3979190,C[NH+](C)CCn1cc(-c2ccc(F)c(C(F)(F)F)c2)[nH+]c1C1CCN(c2ncnc(N)c2-c2ccc(C(=O)[O-])cc2)CC1,-8.07
CHEMBL3897494,Nc1ncnc(N2CCC(c3[nH+]c(-c4ccc(C(F)(F)F)cc4)cn3CC[NH+]3CCCC3)CC2)c1Br,-8.07
CHEMBL1171501,Cc1c[nH]c2ncnc(N3CC[C@@]([NH3+])(CNC(=O)c4ccccc4F)C3)c12,-8.066
CHEMBL4570911,Cn1nccc1-c1coc(C(=O)N[C@@H]2C[NH2+]CC[C@H]2c2ccc(F)c(F)c2)c1,-8.065
CHEMBL378963,[NH3+][C@H](COc1cnc(Cl)c(-c2ccc3cnccc3c2)c1)Cc1c[nH]c2ccccc12,-8.064
CHEMBL1257873,CC(=O)Nc1ccc2ncnc(N3CCN(C(=O)[C@H]([NH3+])Cc4ccc(Cl)cc4)CC3)c2c1,-8.063
CHEMBL1258551,Cc1ccc(C[C@@H]([NH3+])C(=O)N2CCN(c3ncnc4ccccc34)CC2)cc1,-8.063
CHEMBL574979,Cc1n[nH]c2cnc(-c3cncc(OC[C@@H]([NH3+])Cc4cccc(OCC[NH3+])c4)c3)cc12,-8.056
CHEMBL226626,Cc1n[nH]c2ccc(-c3cncc(OC[C@@H]([NH3+])Cc4cc(C(F)(F)F)cc(C(F)(F)F)c4)c3)cc12,-8.055
CHEMBL1632371,C[C@@H]1SCc2ncnc(N3CCN(C(=O)[C@H]([NH3+])Cc4ccc(Cl)cc4)CC3)c21,-8.05
CHEMBL1632373,C[C@@H]1SCc2ncnc(N3CCN(C(=O)[C@H]([NH3+])Cc4ccc(Cl)cc4)CC3)c21,-8.05
CHEMBL3906193,N#Cc1c(N)ncnc1N1CCC(c2nc(-c3ccc(F)c(C(F)(F)F)c3)cn2C[C@@H]2CC[NH2+]2)CC1,-8.042
CHEMBL3969159,Nc1ncnc(N2CCC(c3nc(-c4cccc(F)c4)cn3CC[NH+]3CCCC3)CC2)c1C1CCC1,-8.039
CHEMBL2016771,Cc1c(NCC[NH+]2CCCC2)cc(Cl)cc1N1CCN(c2ncnc3[nH]nc(Br)c23)CC1,-8.033
CHEMBL3987000,COC(=O)c1ccc(-c2c(N)ncnc2N2CCC(c3[nH+]c(-c4ccc(F)c(C(F)(F)F)c4)cn3CC[NH+]3CCC3)CC2)cc1,-8.032
CHEMBL3966878,NC(=O)c1c(N)ncnc1N1CCC(c2nc(-c3ccc(F)cc3)cn2CC[NH+]2CCCC2)CC1,-8.029
CHEMBL4438248,Cn1nccc1-c1ccc(C(=O)N[C@@H]2C[NH2+]CC[C@H]2c2ccc(Cl)cc2)s1,-8.021
CHEMBL3891820,CCc1c(N)ncnc1N1CCC(c2nc(-c3ccc(F)c(C)c3)cn2CC[NH+](CC)CC)CC1,-8.015
CHEMBL380196,Nc1c(-c2cncc(OC[C@@H]([NH3+])Cc3c[nH]c4ccccc34)c2)ccc2cnccc12,-8.013
CHEMBL229315,Cc1n[nH]c2ccc(-c3cncc(OC[C@@H]([NH3+])Cc4ccc(F)cc4F)c3)cc12,-8.006
CHEMBL3948379,COc1ccc(-c2cn(CC[NH+]3CCC3)c(C3CCN(c4ncnc(N)c4C#N)CC3)n2)cc1F,-8.006
CHEMBL3957354,N#Cc1c(N)ncnc1N1CCC(c2[nH+]c(-c3ccc(F)c(C(F)(F)F)c3)cn2CC2C[NH2+]C2)CC1,-8.004
CHEMBL2016886,Cc1c(NCC[NH+]2CCCC2)cc(OCC(C)C)cc1N1CCN(c2ncnc3[nH]nc(Br)c23)CC1,-8.004
CHEMBL4460525,CC(=O)NCC[C@@H]1C[C@@H](c2ccc(F)c(F)c2)[C@H](NC(=O)c2cc(-c3c(Cl)cnn3C)c(Cl)o2)C[NH2+]1,-8.004
CHEMBL3923440,CCc1c(N)ncnc1N1CCC(c2nc(-c3ccnc(Cl)c3)cn2CC[NH+]2CCC2)CC1,-8.003
CHEMBL3985540,CCc1c(N)ncnc1N1CCC(c2nc(-c3ccc(F)c(Cl)c3)cn2CC[NH+]2CCC2)CC1,-8.001
CHEMBL3936329,C[NH+](C)CCn1cc(-c2ccc(F)c(C(F)(F)F)c2)[nH+]c1C1CCN(c2ncnc(N)c2C(N)=O)CC1,-8.001
CHEMBL3904876,CCc1c(N)ncnc1N1CCC(c2nc(-c3ccnc(OC)c3)cn2CC[NH+]2CCC2)CC1,-7.995
CHEMBL3891300,CCC(C)(C)[NH2+]CCn1cc(-c2ccc(F)c(C(F)(F)F)c2)nc1C1CCN(c2ncnc(N)c2C#N)CC1,-7.993
CHEMBL572905,CN(C)c1n[nH]c2ccc(-c3cncc(OC[C@@H]([NH3+])Cc4c[nH]c5ccccc45)c3)cc12,-7.993
CHEMBL3889695,CCc1c(N)ncnc1N1CCC(c2nc(-c3ccc(C(F)(F)F)c(F)c3)cn2CC[N@@H+]2CC[C@H](F)C2)CC1,-7.987
CHEMBL4593086,Cn1ncc(Cl)c1-c1cc(C(=O)N[C@@H]2C[NH2+][C@H](CC(=O)NC[C@H](O)CO)C[C@H]2c2ccc(Cl)c(Cl)c2)oc1Cl,-7.984
CHEMBL3113143,CC(C)[NH2+][C@H](c1ccc(Cl)cc1)c1ccc(-c2cn[nH]c2)cc1,-7.984
CHEMBL3951221,CCc1c(N)ncnc1N1CCC(c2nc(-c3cncc(C(F)(F)F)c3)cn2CC[NH+]2CCC2)CC1,-7.981
CHEMBL471059,CC[NH2+]C[C@H](Cc1ccccc1)NC(=O)c1cc(Br)c(-c2ccnc3[nH]ccc23)s1,-7.978
CHEMBL3975681,Cc1cc(-c2cn(CC[NH2+]C(C)C)c(C3CCN(c4ncnc(N)c4C(N)=O)CC3)n2)ccc1F,-7.972
CHEMBL1081451,[NH3+][C@H](CNc1nnc(-c2ccc3[nH]ncc3c2)s1)Cc1ccc(Cl)cc1,-7.967
CHEMBL226332,[NH3+][C@H](COc1cncc(-c2cc3c(Cl)n[nH]c3cn2)c1)Cc1ccccc1,-7.967
CHEMBL3932198,C[C@@H]1Cc2cc(F)ccc2N1C(=O)Cc1nc(N2CCOCC2)cc(=O)[nH]1,-7.966
CHEMBL4445690,Cn1ncc(Br)c1-c1ccc(C(=O)N[C@@H]2C[NH2+]CC[C@H]2c2ccc(F)c(F)c2)cc1,-7.963
CHEMBL3947929,Nc1nc[nH+]c(N2CCC(c3[nH+]c(-c4ccc(F)c(C(F)(F)F)c4)cn3CC[NH+]3CCCCC3)CC2)c1-c1cccc(F)c1,-7.955
CHEMBL3901741,Nc1ncnc(N2CCC(c3[nH+]c(-c4ccc(F)c(C(F)(F)F)c4)cn3CC[NH+]3CCC3)CC2)c1-c1ccc(C(=O)[O-])cc1,-7.954
CHEMBL3919834,CC(C)[NH2+]CCn1cc(-c2ccc(F)c(C(F)(F)F)c2)nc1C1CCN(c2ncnc(N)c2C(N)=O)CC1,-7.947
CHEMBL3904383,C[NH+](C)CCn1cc(-c2ccc(F)c(C(F)(F)F)c2)nc1C1CCN(c2ncnc(N)c2-c2ccc(C(C)(C)O)cc2)CC1,-7.946
CHEMBL3975180,CCc1c(N)ncnc1N1CCC(c2nc(-c3ccc(F)c(C)c3)cn2CC[NH+]2CCCC2)CC1,-7.946
CHEMBL4446375,Cn1nccc1-c1coc(C(=O)N[C@@H]2C[NH2+]CC[C@H]2c2ccccc2)c1,-7.94
CHEMBL4454791,Cn1ncc(Cl)c1-c1ccc(C(=O)N[C@@H]2C[NH2+]CC[C@H]2c2ccc(Cl)cc2)s1,-7.934
CHEMBL3973744,CCc1c(N)ncnc1N1CCC(c2nc(-c3ccc(F)c(C(F)(F)F)c3)cn2CC[N@@H+]2CCC(F)(F)C2)CC1,-7.931
CHEMBL3987123,Cc1cc(-c2cn(CC3C[NH2+]C3)c(C3CCN(c4ncnc(N)c4OC(C)C)CC3)n2)ccc1F,-7.927
CHEMBL3950201,CCc1c(N)ncnc1N1CCC(c2[nH+]c(-c3ccc(OC)c(C(N)=O)c3)cn2CC[NH+]2CCC2)CC1,-7.926
CHEMBL3980207,NC(=O)c1c(N)ncnc1N1CCC(c2nc(-c3ccc(F)c(C(F)(F)F)c3)cn2CC[NH+]2CCCCC2)CC1,-7.925
CHEMBL375716,Cc1n[nH]c2ccc(-c3cncc(OC[C@@H]([NH3+])Cc4cc(F)cc(C(F)(F)F)c4)c3)cc12,-7.922
CHEMBL4587088,Cn1ncc(Br)c1-c1ccc(C(=O)N[C@@H]2C[NH2+]CC[C@H]2c2ccc(F)c(F)c2)cn1,-7.918
CHEMBL1632392,C[C@@H]1OCc2ncnc(N3CCN(C(=O)[C@H](Cc4ccc(Cl)c(F)c4)CC(C)(C)[NH3+])CC3)c21,-7.915
CHEMBL3907940,CCc1c(N)ncnc1N1CCC(c2nc(-c3cncc(Cl)c3)cn2CC[NH+]2CCC2)CC1,-7.914
CHEMBL229854,Cc1n[nH]c2ccc(-c3cncc(OC[C@@H]([NH3+])Cc4ccccc4Br)c3)cc12,-7.911
CHEMBL3952282,C=Cc1c(N)ncnc1N1CCC(c2nc(-c3ccc(F)c(C(F)(F)F)c3)cn2CC2C[NH2+]C2)CC1,-7.911
CHEMBL3905865,CCc1c(N)ncnc1N1CCC(c2nc(-c3cccc(Cl)n3)cn2CC[NH+]2CCC2)CC1,-7.91
CHEMBL3973946,C[NH+](C)CCn1cc(-c2ccc(F)c(C(F)(F)F)c2)[nH+]c1C1CCN(c2ncnc(N)c2-c2ccc(N)nc2)CC1,-7.91
CHEMBL1258442,N[C@H](Cc1ccc(F)cc1)C(=O)N1CCN(c2ncnc3ccccc23)CC1,-7.908
CHEMBL469591,C[NH2+]C[C@H](Cc1ccccc1)NC(=O)c1cc(Br)c(-c2ccnc3[nH]ccc23)s1,-7.908
CHEMBL4518386,Cn1nccc1-c1coc(C(=O)N[C@@H]2C[NH2+]CC[C@H]2c2ccc(Cl)cc2)c1,-7.906
CHEMBL3952076,NC(=O)c1c(N)ncnc1N1CCC(c2[nH+]c(-c3ccc(F)c(C(F)(F)F)c3)cn2C2C[NH2+]C2)CC1,-7.904
CHEMBL383254,[NH3+]C[C@H](c1ccccc1)c1cncc(/C=C/c2ccncc2)c1,-7.902
CHEMBL576348,[NH3+][C@H](COc1cncc(-c2ccc3c(c2)[C@@H](c2ccc[nH]2)C(=O)N3)c1)Cc1c[nH]c2ccccc12,-7.899
CHEMBL3965271,Nc1ncnc(N2CCC(c3nc(-c4ccc(F)c(C(F)(F)F)c4)cn3CC[NH+]3CCC3)CC2)c1-c1cc[nH]c1,-7.898
CHEMBL2016891,COC(=O)c1cc(NCC[NH+]2CCCC2)c(C)c(N2CCN(c3ncnc4[nH]nc(Br)c34)CC2)c1,-7.898
CHEMBL577795,Nc1n[nH]c2ccc(-c3cncc(OC[C@@H]([NH3+])Cc4c[nH]c5ccccc45)c3)cc12,-7.897
CHEMBL3960331,Nc1ncnc(N2CCC(c3nc(-c4ccc(F)c(C(F)(F)F)c4)cn3CC[NH+]3CCCC3)CC2)c1-c1ccc(C(=O)[O-])cc1,-7.896
CHEMBL4528834,Cn1nccc1-c1ccc(C(=O)N[C@@H]2C[NH2+]CC[C@H]2c2ccc(F)c(F)c2)cn1,-7.89
CHEMBL1257511,Cc1ccc2ncnc(N3CCN(C(=O)[C@H]([NH3+])Cc4ccc(Cl)cc4)CC3)c2c1,-7.89
CHEMBL1081295,Nc1cc2cc(-c3cnc(NC[C@@H]([NH3+])Cc4ccc(C(F)(F)F)cc4)s3)ccc2cn1,-7.887
CHEMBL388312,[NH3+][C@H](COc1cncc(-c2cc3c(Cl)n[nH]c3cn2)c1)Cc1cccc(C(F)(F)F)c1,-7.884
CHEMBL1257510,Cc1cccc2ncnc(N3CCN(C(=O)[C@H]([NH3+])Cc4ccc(Cl)cc4)CC3)c12,-7.883
CHEMBL3957688,COCC[NH2+]CCn1cc(-c2ccc(F)c(C(F)(F)F)c2)[nH+]c1C1CCN(c2ncnc(N)c2C(N)=O)CC1,-7.883
CHEMBL3699808,O=C(Cc1nc(N2CCOCC2)cc(=O)[nH]1)Nc1cccc([N+](=O)[O-])c1O,-7.878
CHEMBL3919344,CC(C)C[NH2+]CCn1cc(-c2ccc(F)c(C(F)(F)F)c2)[nH+]c1C1CCN(c2ncnc(N)c2C(N)=O)CC1,-7.878
CHEMBL605528,Cc1n[nH]c2ccc(-c3cc(OC[C@@H]([NH3+])Cc4c[nH]c5ccc(F)cc45)cnc3-c3ccoc3)cc12,-7.877
CHEMBL4522719,Cn1nccc1-c1ccc(C(=O)N[C@@H]2C[NH2+]CC[C@H]2c2cccc(F)c2)nc1,-7.874
CHEMBL379868,Cc1n[nH]c2ccc(-c3cncc(OC[C@@H]([NH3+])Cc4cnc5ccccc5c4)c3)cc12,-7.872
CHEMBL3684441,c1ccc2c(c1)Nc1ncccc1-n1c(-c3ccc(C[NH+]4CCC(c5nc(-c6ccncc6)n[nH]5)CC4)cc3)nnc1-2,-7.871
CHEMBL576135,Cc1n[nH]c2cnc(-c3cncc(OC[C@@H]([NH3+])Cc4cccc5c4OC(F)(F)O5)c3)cc12,-7.868
CHEMBL2016885,CCOc1cc(NCC[NH+]2CCCC2)c(C)c(N2CCN(c3ncnc4[nH]nc(Br)c34)CC2)c1,-7.865
CHEMBL4438877,Cn1ncc(Cl)c1-c1cc(C(=O)N[C@@H]2C[NH2+][C@H](CC(N)=O)C[C@H]2c2ccc(Cl)c(Cl)c2)oc1Cl,-7.863
CHEMBL3901251,NC(=O)c1c(N)ncnc1N1CCC(c2[nH+]c(-c3ccc(F)c(C(F)(F)F)c3)cn2C[C@@H]2CCC[NH2+]2)CC1,-7.861
CHEMBL3696253,O=C(Cc1nc(N2CCOCC2)cc(=O)[nH]1)Nc1cccc(C2CC2)c1,-7.858
CHEMBL1257163,[NH3+][C@H](Cc1ccc(C(F)(F)F)cc1)C(=O)N1CCN(c2ncnc3ccccc23)CC1,-7.853
CHEMBL3910755,C[C@@H]1Cc2c(ccc(F)c2F)N1C(=O)Cc1nc(N2CCOCC2)cc(=O)[nH]1,-7.853
CHEMBL596583,Cc1occc1-c1ncc(OC[C@@H]([NH3+])Cc2c[nH]c3ccccc23)cc1-c1cnc2[nH]nc(C)c2n1,-7.85
CHEMBL3927542,Cc1ccc(-c2cn(CC[NH+]3CCC3)c(C3CCN(c4ncnc(N)c4C(N)=O)CC3)n2)cc1Cl,-7.849
CHEMBL3907965,Nc1ncnc(N2CCC(c3[nH+]c(-c4ccc(F)c(C(F)(F)F)c4)cn3CC[NH+]3CCCC3)CC2)c1-c1ccc(F)c(F)c1,-7.846
CHEMBL3696273,CCOc1cccc(NC(=O)Cc2nc(N3CCOCC3)cc(=O)[nH]2)c1,-7.842
CHEMBL4217841,O=C(N1CCN(c2ncnc3[nH]cc(Br)c23)CC1)C1(c2ccccc2)CC[NH2+]CC1,-7.841
CHEMBL3908032,NC(=O)c1c(N)ncnc1N1CCC(c2[nH+]c(-c3ccc(F)c(C(F)(F)F)c3)cn2[C@@H]2CC[NH2+]C2)CC1,-7.837
CHEMBL1076565,[NH3+][C@H](CNc1nnc(-c2ccc3[nH]ncc3c2)s1)Cc1cccc(C(F)(F)F)c1,-7.831
CHEMBL211932,CC(C)=C1C(=O)Nc2ccc(N[C@H](COc3cncc(-c4ccc5c(c4)C(=C(C)C)C(=O)N5)c3)Cc3c[nH]c4ccccc34)cc21,-7.829
CHEMBL388809,Cc1n[nH]c2ccc(-c3cncc(OC[C@@H]([NH3+])Cc4c(F)cc(F)cc4F)c3)cc12,-7.82
CHEMBL4451765,Cn1ncc(Cl)c1-c1cc(C(=O)N[C@@H]2C[NH2+][C@H](CCCO)C[C@H]2c2ccc(Cl)c(Cl)c2)oc1Cl,-7.82
CHEMBL574986,Cc1n[nH]c2cnc(-c3cncc(OC[C@@H]([NH3+])Cc4ccc(F)c(F)c4F)c3)cc12,-7.819
CHEMBL3968856,NC(=O)c1c(N)ncnc1N1CCC(c2[nH+]c(-c3ccc(F)c(C(F)(F)F)c3)cn2C2CC[NH2+]CC2)CC1,-7.817
CHEMBL596072,Cc1n[nH]c2ncc(-c3cc(OC[C@@H]([NH3+])Cc4c[nH]c5ccccc45)cnc3-c3ccoc3)cc12,-7.816
CHEMBL1079625,[NH3+][C@H](CNc1ncc(-c2ccc3cn[nH]c3c2)s1)Cc1ccc(C(F)(F)F)cc1,-7.811
CHEMBL1081426,CCc1n[nH]c2ccc(-c3nnc(NC[C@@H]([NH3+])Cc4ccccc4)s3)cc12,-7.803
CHEMBL1080740,Cc1n[nH]c2ccc(-c3nnc(NC[C@@H]([NH3+])Cc4ccc(Cl)cc4)s3)cc12,-7.8
CHEMBL3905187,CCc1c(N)ncnc1N1CCC(c2nc(-c3cccc(Cl)c3)cn2CC[NH+]2CCCC2)CC1,-7.797
CHEMBL3944209,CCc1c(N)ncnc1N1CCC(c2nc(-c3ccnc(C(C)C)c3)cn2CC[NH+]2CCC2)CC1,-7.794
CHEMBL3900963,NC(=O)c1c(N)ncnc1N1CCC(c2nc(-c3ccc(F)c(C(F)(F)F)c3)cn2CC[NH2+]CC2CC2)CC1,-7.794
CHEMBL3970947,N#Cc1c(N)ncnc1N1CCC(c2nc(-c3ccsc3)cn2CC[NH+]2CCC2)CC1,-7.793
CHEMBL390372,Cc1n[nH]c2ccc(-c3cncc(OC[C@@H]([NH3+])Cc4cccc(Br)c4)c3)cc12,-7.784
CHEMBL3903066,COCC[NH2+]CCn1cc(-c2ccc(F)c(C(F)(F)F)c2)[nH+]c1C1CCN(c2ncnc(N)c2C#N)CC1,-7.765
CHEMBL3112864,C[C@@H]1CN(C(=O)Cc2nc(N3CCOCC3)cc(=O)[nH]2)c2ccccc21,-7.762
CHEMBL3699788,C[C@@H]1CN(C(=O)Cc2nc(N3CCOCC3)cc(=O)[nH]2)c2ccccc21,-7.762
CHEMBL1632385,CC(C)[NH2+]C[C@@H](Cc1ccc(Cl)cc1)C(=O)N1CCN(c2ncnc3c2[C@H](C)SC3)CC1,-7.759
CHEMBL227326,Cc1n[nH]c2ccc(-c3cncc(OC[C@@H]([NH3+])Cc4cccc5c4OC(F)(F)O5)c3)cc12,-7.756
CHEMBL3929885,NC(=O)c1c(N)ncnc1N1CCC(c2[nH+]c(-c3cnoc3)cn2CC[NH+]2CCC2)CC1,-7.754
CHEMBL3906130,Nc1ncnc(N2CCC(c3nc(-c4ccc(F)c(C(F)(F)F)c4)c[nH]3)CC2)c1Br,-7.753
CHEMBL3699791,O=C(Cc1nc(N2CCOCC2)cc(=O)[nH]1)N1Cc2ccccc2C1,-7.753
CHEMBL575428,Cc1n[nH]c2cnc(-c3cncc(OC[C@@H]([NH3+])Cc4cccc(OCCN5CCOCC5)c4)c3)cc12,-7.751
CHEMBL605410,Cc1occc1-c1nc(N)c(OC[C@@H]([NH3+])Cc2c(C#N)[nH]c3ccccc23)cc1-c1cnc2[nH]nc(C)c2n1,-7.743
CHEMBL3947247,C[C@@](F)(C(=O)N1CCc2c(F)cccc21)c1nc(N2CCOCC2)cc(=O)[nH]1,-7.741
CHEMBL2012701,CCc1n[nH]c2ncnc(N3CC[NH+](c4cc(Cl)cc(NCC[NH+](C)C)c4C)CC3)c12,-7.74
CHEMBL3922652,C[NH+](C)CCn1cc(-c2ccc(F)c(C(F)(F)F)c2)nc1C1CCN(c2ncnc(N)c2-c2cnc(N)nc2)CC1,-7.739
CHEMBL3113134,CC(C)[NH2+][C@H](c1ccc(Cl)cc1)c1ccc(-c2ccncc2)cc1,-7.737
CHEMBL3954073,C=C(C)c1c(N)ncnc1N1CCC(c2[nH+]c(-c3ccc(F)c(C(F)(F)F)c3)cn2CC[NH+](C)C)CC1,-7.735
CHEMBL2016892,CCC(=O)c1cc(NCC[NH+]2CCCC2)c(C)c(N2CCN(c3ncnc4[nH]nc(Br)c34)CC2)c1,-7.734
CHEMBL379300,Cc1n[nH]c2ccc(-c3cncc(OC[C@@H]([NH3+])Cc4c[nH]c5ccccc45)c3)cc12,-7.733
CHEMBL3972161,NC(=O)c1c(N)ncnc1N1CCC(c2[nH+]c(-c3cccc(C(F)(F)F)c3)cn2CC[NH+]2CCCC2)CC1,-7.73
CHEMBL524998,COc1ccc(C[C@@H](C[NH3+])NC(=O)c2cc(Br)c(-c3ccnc4[nH]ccc34)s2)cc1,-7.73
CHEMBL374805,[NH3+][C@H](COc1cncc(-c2ccc3[nH]ncc3c2)c1)Cc1c[nH]c2ccccc12,-7.72
CHEMBL3940823,NC(=O)c1c(N)ncnc1N1CCC(c2nc(-c3ccc(F)c(F)c3)cn2CC[NH+]2CCCC2)CC1,-7.716
CHEMBL4574492,Cn1ncc(Cl)c1-c1ccc(C(=O)N[C@@H]2C[NH2+]CC[C@H]2c2ccc(F)c(F)c2)cc1,-7.716
CHEMBL3900660,CCOc1c(N)ncnc1N1CCC(c2[nH+]c(-c3ccc(F)c(C(F)(F)F)c3)cn2CC2C[NH2+]C2)CC1,-7.712
CHEMBL1760763,CCOCCN(C[C@@H](O)C[N@H+]1CCC[C@]2(CCN(c3ncncc3C3CC3)C2)C1)S(=O)(=O)c1c(C)cccc1C,-7.702
CHEMBL226330,[NH3+][C@H](COc1cncc(-c2cc3cn[nH]c3cn2)c1)Cc1c[nH]c2ccccc12,-7.685
CHEMBL3903522,Nc1ncnc(N2CCC(c3[nH+]c(-c4ccc(F)c(C(F)(F)F)c4)cn3CC[NH+]3CCC3)CC2)c1-c1ccc(F)cc1,-7.682
CHEMBL260990,Clc1c[nH]c2ncnc(Nc3ccccc3-c3nc[nH]n3)c12,-7.679
CHEMBL381075,Nc1cc(/C=C/c2cncc(OC[C@@H]([NH3+])Cc3c[nH]c4ccccc34)c2)cc[nH+]1,-7.679
CHEMBL212067,O=C1Nc2ccc(N[C@H](COc3cncc(-c4ccc5c(c4)C(F)(F)C(=O)N5)c3)Cc3c[nH]c4ccccc34)cc2C1(F)F,-7.677
CHEMBL226898,Cc1n[nH]c2cnc(-c3cncc(OC[C@@H]([NH3+])Cc4cccc(C(F)(F)F)c4)c3)cc12,-7.675
CHEMBL3893813,O=C(Cc1nc(N2CCOCC2)cc(=O)[nH]1)N1c2ccccc2[C@H]2CCC[C@H]21,-7.673
CHEMBL3113129,CC(C)[NH2+][C@H](c1ccc(Cl)cc1)c1ccc(-c2ncnc3[nH]cnc23)cc1,-7.669
CHEMBL3112858,O=C(Cc1nc(N2CCOCC2)cc(=O)[nH]1)N1CCc2c(-c3ccncc3)cccc21,-7.665
CHEMBL1760766,Cc1cccc(C)c1S(=O)(=O)N1CCC[C@H]1[C@H](O)C[N@H+]1CCC[C@@]2(CCN(c3ncnc(N)c3C3CC3)C2)C1,-7.665
CHEMBL3974022,COCC[N@H+](C)CCn1cc(-c2ccc(F)c(C(F)(F)F)c2)[nH+]c1C1CCN(c2ncnc(N)c2C#N)CC1,-7.664
CHEMBL3696300,O=C(Cc1nc(N2CCOCC2)cc(=O)[nH]1)N1CCc2c1ccc(F)c2F,-7.661
CHEMBL3916178,CCOc1c(N)ncnc1N1CCC(c2nc(-c3ccc(F)c(C)c3)cn2CC[NH+]2CCC2)CC1,-7.657
CHEMBL1823656,O=C(N[C@H](c1ccc(Cl)c(Cl)c1)C1C[NH2+]C1)c1ccc2cnccc2c1,-7.657
CHEMBL229320,Cc1n[nH]c2ccc(-c3cncc(OC[C@@H]([NH3+])Cc4cccc(I)c4)c3)cc12,-7.652
CHEMBL3672092,OCc1cn2cc(-c3ccccc3)c(-c3ccc(C[NH+]4CC(c5nc(-c6ccccn6)n[nH]5)C4)cc3)nc2n1,-7.649
CHEMBL3965033,Nc1ncnc(N2CCC(c3nc(-c4ccnc(C(F)(F)F)c4)cn3CC[NH+]3CCC3)CC2)c1OCC(F)(F)F,-7.647
CHEMBL3964685,O=C(Cc1nc(N2CCOCC2)cc(=O)[nH]1)N1c2ccccc2C[C@H]1C1CC1,-7.645
CHEMBL3911266,CC1(C)CN(C(=O)Cc2nc(N3CCOCC3)cc(=O)[nH]2)c2cccc(Cl)c21,-7.645
CHEMBL389468,Cc1n[nH]c2ccc(-c3cncc(OC[C@@H]([NH3+])Cc4cccc(-c5ccccc5)c4)c3)cc12,-7.644
CHEMBL3950042,CCc1c(N)ncnc1N1CCC(c2[nH+]c(-c3ccc(C(F)(F)F)c(F)c3)cn2CCN2CCCC(F)(F)C2)CC1,-7.637
CHEMBL226148,[NH3+][C@H](COc1cncc(-c2ccc3[nH]nc(Cl)c3c2)c1)Cc1c[nH]c2ccccc12,-7.633
CHEMBL3977191,Nc1ncnc(N2CCC(c3[nH+]c(-c4ccc(F)c(C(F)(F)F)c4)cn3CC[NH+]3CCCCC3)CC2)c1-c1ccccc1F,-7.627
CHEMBL3944868,Nc1ncnc(N2CCC(c3[nH+]c(-c4ccc(F)c(C(F)(F)F)c4)cn3CC[NH+]3CCCC3)CC2)c1-c1ccccc1F,-7.627
CHEMBL270157,Nc1n[nH]c2nc(-c3ccc(C[NH+]4CCC(n5c(=O)[nH]c6ccccc65)CC4)cc3)c(-c3ccccc3)cc12,-7.626
CHEMBL3696290,O=C(Nc1ccc(F)cc1)C(F)(F)c1nc(N2CCOCC2)cc(=O)[nH]1,-7.623
CHEMBL3696297,O=C(Cc1nc(N2CCOCC2)cc(=O)[nH]1)N1CCc2c(O)cccc21,-7.622
CHEMBL1081104,[NH3+][C@H](CNc1cc(-c2ccc3cnccc3c2)no1)Cc1ccc(C(F)(F)F)cc1,-7.62
CHEMBL3639986,CC[NH+](CC)C[C@@H]1CN(C(=O)Cc2nc(N3CCOCC3)cc(=O)[nH]2)c2ccccc21,-7.615
CHEMBL1258899,N[C@H](Cc1ccc(F)c(F)c1)C(=O)N1CCN(c2ncnc3ccccc23)CC1,-7.613
CHEMBL3112853,O=C(Cc1nc(N2CCOCC2)cc(=O)[nH]1)N1CCc2c1cccc2C(F)(F)F,-7.61
CHEMBL3951639,NC(=O)c1c(N)ncnc1N1CCC(c2nc(-c3ccc(F)c(C(F)(F)F)c3)cn2CC[NH2+]C2CCCC2)CC1,-7.607
CHEMBL3949501,NC(=O)c1c(N)ncnc1N1CCC(c2nc(-c3ccc(F)c(C(F)(F)F)c3)cn2CC[NH+]2CCC2)CC1,-7.605
CHEMBL3940961,C[C@@H]1Cc2c(cccc2C(F)(F)F)N1C(=O)Cc1nc(N2CCOCC2)cc(=O)[nH]1,-7.603
CHEMBL1081029,[NH3+][C@H](CNc1ncc(-c2ccc3c(c2)CNC3=O)s1)Cc1ccc(C(F)(F)F)cc1,-7.599
CHEMBL3918965,N#Cc1c(N)ncnc1N1CCC(c2nc(-c3cccc(Cl)c3)cn2CC[NH+]2CCCC2)CC1,-7.598
CHEMBL4518523,Cn1ncc(Cl)c1-c1cc(C(=O)N[C@@H]2C[NH2+][C@H](CC[NH+]3CCC(O)CC3)C[C@H]2c2ccc(Cl)c(Cl)c2)oc1Cl,-7.59
CHEMBL1258779,N[C@H](Cc1ccc(Cl)cc1Cl)C(=O)N1CCN(c2ncnc3ccccc23)CC1,-7.588
CHEMBL3913067,CCc1c(N)ncnc1N1CCC(c2nc(-c3ccc(C(F)(F)F)c(F)c3)cn2CC[NH+]2CCC(F)(F)CC2)CC1,-7.587
CHEMBL3942949,Nc1ncnc(N2CCC(c3[nH+]c(-c4ccc(C(F)(F)F)cc4)cn3CC[NH+]3CCCC3)CC2)c1C1CCC1,-7.584
CHEMBL1823637,O=C(N[C@H](c1ccc(Cl)c(-c2ccccc2)c1)C1CC[NH2+]CC1)c1ccc2cnccc2c1,-7.581
CHEMBL211865,[NH3+][C@H](COc1cncc(-c2ccc3cnccc3c2)c1)Cc1csc2ccccc12,-7.581
CHEMBL3925234,N#Cc1c(N)ncnc1N1CCC(c2[nH+]c(C3CCCCC3)cn2CC[NH+]2CCC2)CC1,-7.58
CHEMBL3910789,CCc1c(N)ncnc1N1CCC(c2[nH+]c(-c3ccnc(C(F)(F)F)c3)cn2CC[NH2+]C)CC1,-7.578
CHEMBL3978959,O=C(Cc1nc(N2CCO[C@@H](CF)C2)cc(=O)[nH]1)Nc1ccc(F)cc1,-7.578
CHEMBL3908761,CC[N@@H+](CCn1cc(-c2ccc(F)c(C)c2)[nH+]c1C1CCN(c2ncnc(N)c2C(N)=O)CC1)C(C)C,-7.576
CHEMBL594072,Cc1occc1-c1nc(N)c(OC[C@@H]([NH3+])Cc2c(C(N)=O)[nH]c3ccccc23)cc1-c1cnc2[nH]nc(C)c2n1,-7.575
CHEMBL3696260,O=C(Cc1nc(N2CCOCC2)cc(=O)[nH]1)Nc1cccc(OC(F)(F)F)c1,-7.57
CHEMBL3956421,NC(=O)c1c(N)ncnc1N1CCC(c2nc(-c3ccnc(C(F)(F)F)c3)cn2CC[NH+]2CCC2)CC1,-7.568
CHEMBL1080561,Cc1n[nH]c2ccc(-c3nnc(NC[C@@H]([NH3+])Cc4cccc(C(F)(F)F)c4)s3)cc12,-7.566
CHEMBL3897534,C[NH+](C)CCn1cc(-c2ccc(F)c(C(F)(F)F)c2)[nH+]c1C1CCN(c2ncnc(N)c2CCC2CC2)CC1,-7.558
CHEMBL1081974,[NH3+][C@H](CNc1ncc(-c2ccc3nnccc3c2)s1)Cc1ccc(C(F)(F)F)cc1,-7.555
CHEMBL1760758,CCOCCN(C[C@@H](O)C[N@@H+]1CCCC2(CCN(c3ncnc4[nH]cc(C)c34)CC2)C1)S(=O)(=O)c1c(C)cccc1C,-7.552
CHEMBL3930708,C[C@@H]1Cc2c(ccc(F)c2Cl)N1C(=O)Cc1nc(N2CCOCC2)cc(=O)[nH]1,-7.551
CHEMBL3910716,Cn1cc(-c2ccc(F)c(C(F)(F)F)c2)[nH+]c1C1CCN(c2ncnc(N)c2-c2ccc(CO)cc2)CC1,-7.549
CHEMBL1202525,COc1ccc(O)c(C(=O)c2ccc(CO[C@@H]3CCC[NH2+]C[C@H]3NC(=O)c3ccncc3)cc2)c1F,-7.548
CHEMBL3904288,O=C(Cc1nc(N2CCOCC2)cc(=O)[nH]1)N1CC2(CCOCC2)c2ccccc21,-7.536
CHEMBL3933597,COc1cc(-c2cn(CC[NH+]3CCC3)c(C3CCN(c4ncnc(N)c4C(N)=O)CC3)[nH+]2)ccc1F,-7.531
CHEMBL227322,Cc1n[nH]c2ccc(-c3cncc(OC[C@@H]([NH3+])Cc4cc(C(F)(F)F)ccc4F)c3)cc12,-7.53
CHEMBL255360,Nc1ncnc2nc(-c3ccc(C[NH+]4CCC(n5cnc6c(N)ncnc65)CC4)cc3)c(-c3ccccc3)cc12,-7.527
CHEMBL3922798,CCc1c(N)ncnc1N1CCC(c2nc(-c3ccc(F)c(C(F)(F)F)c3)cn2CC[NH+]2CCC2)CC1,-7.526
CHEMBL3949201,Cc1ccc(-c2cn(CC[NH+]3CCC3)c(C3CCN(c4ncnc(N)c4C#N)CC3)[nH+]2)cc1C(F)(F)F,-7.525
CHEMBL3926535,NC(=O)c1c(N)ncnc1N1CCC(c2nc(-c3ccc(F)c(C(F)(F)F)c3)cn2CC[NH3+])CC1,-7.524
CHEMBL3957053,CC[N@@H+](CCn1cc(-c2ccc(F)c(C)c2)nc1C1CCN(c2ncnc(N)c2C#N)CC1)C(C)C,-7.519
CHEMBL3927590,Nc1ncnc(N2CCC(c3[nH+]c(-c4ccc(F)c(C(F)(F)F)c4)cn3CC[NH+]3CCC3)CC2)c1[N+](=O)[O-],-7.516
CHEMBL379576,CC[C@@H]1C(=O)Nc2ccc(N[C@H](COc3cncc(-c4ccc5c(c4)[C@@H](CC)C(=O)N5)c3)Cc3c[nH]c4ccccc34)cc21,-7.513
CHEMBL229800,Cc1n[nH]c2ccc(-c3cncc(OC[C@@H]([NH3+])Cc4ccc(Cl)cc4)c3)cc12,-7.511
CHEMBL3895898,CC(C)(C)[NH2+]CCn1cc(-c2ccc(F)c(C(F)(F)F)c2)nc1C1CCN(c2ncnc(N)c2C#N)CC1,-7.507
CHEMBL4582476,Cn1ncc(Cl)c1-c1cc(C(=O)N[C@@H]2C[NH2+]CC[C@H]2c2ccc(F)c(F)c2)sc1Cl,-7.504
CHEMBL3679629,NC(=[NH2+])n1c(=[NH2+])ccc2nc(-c3ccc(C4([NH3+])CCC4)cc3)c(-c3ccccc3)cc21,-7.504
CHEMBL3974261,Cc1cc(-c2cn(CC[NH2+]CC(C)C)c(C3CCN(c4ncnc(N)c4C(N)=O)CC3)n2)ccc1F,-7.496
CHEMBL3906695,N#Cc1c(N)ncnc1N1CCC(c2[nH+]c(-c3ccc(F)c(C(F)(F)F)c3)cn2C2CC[NH2+]CC2)CC1,-7.495
CHEMBL3974777,Cc1cc(-c2cn(CC3C[NH+](CO)C3)c(C3CCN(c4ncnc(N)c4C(C)C)CC3)[nH+]2)ccc1F,-7.494
CHEMBL3672022,Cc1nc2nc(-c3ccc(C[NH+]4CCC(n5ncc6c(N)ncnc65)CC4)cc3)c(-c3ccccc3)cn2n1,-7.493
CHEMBL1258330,[NH3+][C@H](Cc1ccc(Cl)cc1)C(=O)N1CCN(c2ncnc3ccccc23)CC1,-7.491
CHEMBL3922949,Cc1cc(-c2cn(CC[NH+]3CCC3)c(C3CCN(c4ncnc(N)c4-c4cn[nH]c4)CC3)[nH+]2)ccc1F,-7.491
CHEMBL3913301,CC(=O)Nc1c(N)ncnc1N1CCC(c2[nH+]c(-c3ccc(F)c(C(F)(F)F)c3)cn2CC[NH+]2CCC2)CC1,-7.49
CHEMBL210403,COc1ccc2ccccc2c1C[C@H]([NH3+])COc1cncc(-c2ccc3[nH]nc(C)c3c2)c1,-7.489
CHEMBL3890270,CCc1c(N)ncnc1N1CCC(c2[nH+]c(-c3ccc(F)c(C(F)(F)F)c3)cn2CC[NH+]2CC(F)C2)CC1,-7.485
CHEMBL210209,CC(C)(Cc1[nH]cc[nH+]1)[C@@H]1C(=O)Nc2ccc(-c3cncc(OC[C@@H]([NH3+])Cc4c[nH]c5ccccc45)c3)cc21,-7.479
CHEMBL3892286,CCc1c(N)ncnc1N1CCC(c2[nH+]c(-c3ccc(F)c(C(F)(F)F)c3)cn2CC2C[NH2+]C2)CC1,-7.472
CHEMBL3968336,O=C(Cc1nc(N2CCOCC2)cc(=O)[nH]1)N1c2ccccc2C[C@H]1CF,-7.472
CHEMBL208962,Nc1nccc2cc(-c3cncc(OC[C@@H]([NH3+])Cc4c[nH]c5ccccc45)c3)ccc12,-7.471
CHEMBL3966806,CC(C)c1cc(-c2cn(CC[NH+]3CCC3)c(C3CCN(c4ncnc(N)c4Br)CC3)n2)ccn1,-7.471
CHEMBL212566,O=C1Cc2cc(N[C@H](COc3cncc(-c4ccc5c(c4)CC(=O)N5)c3)Cc3c[nH]c4ccccc34)ccc2N1,-7.47
CHEMBL3688935,C[C@H]1COCCN1c1nc(N2CCOC[C@@H]2C)c2ccc(-c3ccc4[nH]nc(N)c4c3)nc2n1,-7.466
CHEMBL3696277,O=C(Cc1nc(N2CCOCC2)cc(=O)[nH]1)N1CCOc2ccccc21,-7.466
CHEMBL469802,[NH3+]CC[C@H](NC(=O)c1cc(Br)c(-c2ccnc3[nH]ccc23)s1)c1ccccc1,-7.464
CHEMBL206198,[NH3+][C@H](COc1cc(/C=C/c2ccncc2)cnc1Cl)Cc1c[nH]c2ccccc12,-7.461
CHEMBL1170238,Cc1c[nH]c2ncnc(N3CC[C@@H](NC(=O)c4ccccc4)C3)c12,-7.452
CHEMBL4460756,Cn1nccc1-c1ccc(C(=O)N[C@@H]2C[NH2+]CC[C@H]2c2ccc(F)c(F)c2)cc1,-7.451
CHEMBL3937375,C[C@H](C(=O)N1CCc2c(F)cccc21)c1nc(N2CCOCC2)cc(=O)[nH]1,-7.443
CHEMBL576733,[NH3+][C@H](COc1cncc(-c2ccc3[nH]nc(-c4cccs4)c3c2)c1)Cc1c[nH]c2ccccc12,-7.439
CHEMBL3950203,N#Cc1c(N)ncnc1N1CCC(c2[nH+]c(-c3ccc(F)c(F)c3)cn2CC[NH+]2CCC2)CC1,-7.438
CHEMBL577567,CCc1c(C)[nH]c([C@@H]2C(=O)Nc3ccc(-c4cncc(OC[C@@H]([NH3+])Cc5c[nH]c6ccccc56)c4)cc32)c1C,-7.421
CHEMBL3970508,C[C@@H]1CN(C(=O)Cc2nc(N3CCOCC3)cc(=O)[nH]2)c2cccc(O)c21,-7.421
CHEMBL3950150,C[NH+](C)CCn1cc(-c2ccc(F)c(C(F)(F)F)c2)[nH+]c1C1CCN(c2ncnc(N)c2C2=CCCC2)CC1,-7.418
CHEMBL3983708,CCC(C)(C)[NH2+]CCn1cc(-c2ccc(F)c(C(F)(F)F)c2)nc1C1CCN(c2ncnc(N)c2C(N)=O)CC1,-7.418
CHEMBL227366,Cc1n[nH]c2ccc(-c3cncc(OC[C@@H]([NH3+])Cc4ccc(Br)cc4F)c3)cc12,-7.417
CHEMBL210246,[NH3+][C@H](COc1cncc(-c2ccc3cnc(F)cc3c2)c1)Cc1c[nH]c2ccccc12,-7.416
CHEMBL1760770,Nc1ncnc(N2CC[C@@]3(CCC[N@@H+](C[C@H](O)CNS(=O)(=O)c4ccccc4F)C3)C2)c1C1CC1,-7.415
CHEMBL3912087,CN(CCn1cc(-c2ccc(F)c(C(F)(F)F)c2)[nH+]c1C1CCN(c2ncnc(N)c2C#N)CC1)CC[NH+](C)C,-7.407
CHEMBL3913659,CC[NH+](CC)CCn1cc(-c2ccc(F)c(C)c2)nc1C1CCN(c2ncnc(N)c2OC(C)C)CC1,-7.404
CHEMBL383264,[NH3+][C@H](COc1cncc(-c2ccc3cnccc3c2)c1)Cc1c[nH]c2ccccc12,-7.403
CHEMBL3891980,C=Cc1c(N)ncnc1N1CCC(c2nc(-c3ccnc(C(C)C)c3)cn2CC[NH+]2CCC2)CC1,-7.399
CHEMBL210089,[NH3+][C@H](COc1cc(-c2ccc3cnccc3c2)cnc1Cl)Cc1c[nH]c2ccccc12,-7.398
CHEMBL3900157,Cc1cc(-c2cn(CCO)c(C3CCN(c4ncnc(N)c4-c4cn[nH]c4)CC3)[nH+]2)ccc1F,-7.397
CHEMBL208961,Cc1cc(-c2cncc(OC[C@@H]([NH3+])Cc3c[nH]c4ccccc34)c2)cc2ccncc12,-7.397
CHEMBL3909180,CC(C)[N@@H+](C)CCn1cc(-c2ccc(F)c(C(F)(F)F)c2)[nH+]c1C1CCN(c2ncnc(N)c2C#N)CC1,-7.395
CHEMBL1258441,N#Cc1ccc(C[C@@H]([NH3+])C(=O)N2CCN(c3ncnc4ccccc34)CC2)cc1,-7.389
CHEMBL207496,[NH3+][C@H](COc1cncc2nc(-c3ccncc3)ccc12)Cc1c[nH]c2ccccc12,-7.381
CHEMBL3961268,CCc1c(N)ncnc1N1CCC(c2nc(-c3ccc(F)c(C(F)(F)F)c3)cn2C[C@@H]2CC[NH2+]2)CC1,-7.377
CHEMBL4515689,Cn1ncc(Cl)c1-c1cc(C(=O)N[C@@H]2C[NH2+]CC[C@H]2c2cccc(F)c2)sc1Cl,-7.368
CHEMBL1760776,Cc1noc(C)c1S(=O)(=O)NC[C@@H](O)C[N@@H+]1CCC[C@@]2(CCN(c3ncnc(N)c3C3CC3)C2)C1,-7.366
CHEMBL3922497,N#Cc1cccc2c1CCN2C(=O)Cc1nc(N2CCOCC2)cc(=O)[nH]1,-7.358
CHEMBL2375959,Cc1nc(N)nc2c1cc(-c1cnc3ccccc3c1)c(=O)n2[C@H]1CC[C@@H](OCC(N)=O)CC1,-7.357
CHEMBL3931709,CC[N@@H+](C)Cc1c(N)ncnc1N1CCC(c2[nH+]c(-c3ccc(F)c(C(F)(F)F)c3)cn2CC[NH+](C)C)CC1,-7.354
CHEMBL207139,CC(C)(C[C@@H]1CCC[NH2+]1)[C@@H]1C(=O)Nc2ccc(-c3cncc(OC[C@@H]([NH3+])Cc4c[nH]c5ccccc45)c3)cc21,-7.353
CHEMBL3933645,C[NH+](C)CCn1cc(-c2ccc(F)c(C(F)(F)F)c2)[nH+]c1C1CCN(c2ncnc(N)c2-c2ccc(F)cc2)CC1,-7.352
CHEMBL3957616,Nc1ncnc(N2CCC(c3nc(-c4cccc(Cl)c4)cn3CC[NH+]3CCCC3)CC2)c1C1CCC1,-7.35
CHEMBL3971261,O=C(Cc1nc(N2CCOCC2)cc(=O)[nH]1)N1CCc2c(-c3ccccc3Cl)cccc21,-7.347
CHEMBL3955055,N#Cc1c(N)ncnc1N1CCC(c2[nH+]c(-c3ccc4[nH]ncc4c3)cn2CC[NH+]2CCC2)CC1,-7.346
CHEMBL3983786,Cc1cc(-c2cn(CC[NH2+]C3CC3)c(C3CCN(c4ncnc(N)c4-c4cn[nH]c4)CC3)[nH+]2)ccc1F,-7.345
CHEMBL1081629,Cc1cc2cc(-c3nnc(NC[C@@H]([NH3+])Cc4ccc(C(F)(F)F)cc4)s3)ccc2c[nH+]1,-7.344
CHEMBL1257401,[NH3+][C@H](Cc1ccc(Cl)cc1)C(=O)N1CCN(c2ncnc3cc(F)ccc23)CC1,-7.338
CHEMBL375919,Cc1n[nH]c2ccc(-c3cncc(OC[C@@H]([NH3+])Cc4ccc(F)c(Cl)c4)c3)cc12,-7.337
CHEMBL3908552,Nc1ncnc(N2CCC(c3nc(-c4ccnc(C(F)(F)F)c4)cn3CC[NH+]3CCC3)CC2)c1-c1cnoc1,-7.336
CHEMBL3981168,Nc1ncnc(N2CCC(c3[nH+]c(-c4cccc(C(F)(F)F)c4)cn3CC[NH+]3CCCC3)CC2)c1C1CCC1,-7.335
CHEMBL227050,Cc1ccc(C[C@H]([NH3+])COc2cncc(-c3ccc4[nH]nc(C)c4c3)c2)cc1F,-7.329
CHEMBL470620,C[NH+](C)C[C@H](NC(=O)c1cc(Br)c(-c2ccnc3[nH]ccc23)s1)c1ccccc1,-7.329
CHEMBL3917257,Nc1cc(N2CCC(c3[nH+]c(-c4ccc(F)c(C(F)(F)F)c4)cn3CC[NH+]3CCC3)CC2)ncn1,-7.328
CHEMBL579053,[NH3+][C@H](COc1cncc(-c2ccc3c(c2)[C@@H](c2[nH]cc[nH+]2)C(=O)N3)c1)Cc1c[nH]c2ccccc12,-7.328
CHEMBL210628,N#C/C=C/c1c(OC[C@@H]([NH3+])Cc2c[nH]c3ccccc23)cncc1-c1ccc2cnccc2c1,-7.325
CHEMBL255559,Nc1nn(CCO)c2nc(-c3ccc(C[NH+]4CCC(n5c(=O)[nH]c6ccccc65)CC4)cc3)c(-c3ccccc3)cc12,-7.315
CHEMBL3959404,CC[C@@H]1Cc2ccccc2N1C(=O)Cc1nc(N2CCOCC2)cc(=O)[nH]1,-7.315
CHEMBL3701772,C[C@]1(O)C[C@]([NH3+])(c2ccc(-c3nc4n(c3-c3ccccc3)COc3cc(C(=O)NCCO)ccc3-4)cc2)C1,-7.314
CHEMBL574764,[NH3+][C@H](COc1cncc(-c2ccc3[nH]nc(-c4ccccc4)c3c2)c1)Cc1c[nH]c2ccccc12,-7.313
CHEMBL3984164,Cc1cc(-c2cn(CC[NH+](C)C)c(C3CCN(c4ncnc(N)c4OC(C)C)CC3)[nH+]2)ccc1F,-7.312
CHEMBL3897066,Cn1cc(-c2ccc(F)c(C(F)(F)F)c2)[nH+]c1C1CCN(c2ncnc(N)c2-c2ccc(C#N)cc2)CC1,-7.311
CHEMBL226996,Cc1cc(C[C@H]([NH3+])COc2cncc(-c3ccc4[nH]nc(C)c4c3)c2)ccc1Br,-7.311
CHEMBL3649679,[NH3+]C1(c2ccc(-n3c(-c4cccc(O)c4)nc4ccc(-c5cccc(N6CCOCC6)c5)nc43)cc2)CCC1,-7.309
CHEMBL227323,Cc1n[nH]c2ccc(-c3cncc(OC[C@@H]([NH3+])Cc4ccc(C(F)(F)F)cc4F)c3)cc12,-7.308
CHEMBL3954017,COc1c(N)ncnc1N1CCC(c2nc(-c3ccc(F)c(C(F)(F)F)c3)cn2CC[NH+]2CCC2)CC1,-7.307
CHEMBL1081438,[NH3+][C@H](CNc1nnc(-c2ccc3[nH]nc(-c4ccccc4)c3c2)s1)Cc1cccc(C(F)(F)F)c1,-7.307
CHEMBL3945651,C[NH+]1CCC2(CC1)CN(C(=O)Cc1nc(N3CCOCC3)cc(=O)[nH]1)c1ccccc12,-7.302
CHEMBL1632382,Cc1ccc(C[C@H](C[NH2+]C(C)C)C(=O)N2CCN(c3ncnc4c3[C@H](C)SC4)CC2)cc1,-7.301
CHEMBL3890965,Nc1cc(N2CCC(c3[nH+]c(-c4ccc(C(F)(F)F)cc4)cn3CC[NH+]3CCCC3)CC2)ncn1,-7.297
CHEMBL470202,[NH3+]C[C@H](NC(=O)c1cc(-c2cn[nH]c2)c(-c2ccnc3[nH]ccc23)s1)c1ccccc1,-7.293
CHEMBL206819,[NH3+][C@H](COc1cnc2ccc(-c3ccncc3)cc2c1)Cc1c[nH]c2ccccc12,-7.292
CHEMBL3897576,COCC[N@@H+](C)CCn1cc(-c2ccc(F)c(C(F)(F)F)c2)nc1C1CCN(c2ncnc(N)c2C(N)=O)CC1,-7.29
CHEMBL3963881,CCc1c(N)ncnc1N1CCC(c2[nH+]c(-c3ccc(F)c(C(F)(F)F)c3)cn2CC[NH+]2CC(C)C2)CC1,-7.289
CHEMBL3935986,N#Cc1c(N)ncnc1N1CCC(c2[nH+]c(-c3ccc(F)c(C(F)(F)F)c3)cn2[C@@H]2CC[NH2+]C2)CC1,-7.288
CHEMBL575631,Cc1ccc([C@@H]2C(=O)Nc3ccc(-c4cncc(OC[C@@H]([NH3+])Cc5c[nH]c6ccccc56)c4)cc32)o1,-7.288
CHEMBL4460688,Cn1ncc(Cl)c1-c1ccc(C(=O)N[C@@H]2C[NH2+]CC[C@H]2c2ccc(Cl)c(C(F)(F)F)c2)s1,-7.283
CHEMBL1081660,Nc1noc2ccc(-c3cnc(NC[C@@H]([NH3+])Cc4ccc(C(F)(F)F)cc4)s3)cc12,-7.28
CHEMBL379209,N#Cc1ncc(OC[C@@H]([NH3+])Cc2c[nH]c3ccccc23)cc1-c1ccc2cnccc2c1,-7.28
CHEMBL594933,Cc1n[nH]c2cnc(-c3cc(OC[C@@H]([NH3+])Cc4c[nH]c5ccccc45)cnc3-c3ccoc3)cc12,-7.278
CHEMBL1173697,Cc1c[nH]c2ncnc(N3CC[C@@H](NS(=O)(=O)c4ccccc4)C3)c12,-7.275
CHEMBL3672522,[NH3+]C1(c2ccc(-c3nc4c5ccc(-c6ccc(F)c(CO)c6)cc5nn4cc3-c3ccccc3)cc2)CCC1,-7.272
CHEMBL3960355,N#Cc1c(N)ncnc1N1CCC(c2nc(-c3ccc(F)c(C(F)(F)F)c3)cn2CC[NH2+]C2CCCC2)CC1,-7.271
CHEMBL1632368,CC(C)[NH2+]C[C@H](Cc1ccc(Cl)c(F)c1)C(=O)N1CCN(c2ncnc3c2[C@H](C)SC3)CC1,-7.27
CHEMBL3964324,C[C@@H]1Cc2c(OC(F)F)cccc2N1C(=O)Cc1nc(N2CCOCC2)cc(=O)[nH]1,-7.269
CHEMBL389438,Cc1n[nH]c2ccc(-c3cncc(OC[C@@H]([NH3+])Cc4ccc(C(F)(F)F)cc4)c3)cc12,-7.264
CHEMBL3976678,CC(C)[N@H+](C)CCn1cc(-c2ccc(F)c(C(F)(F)F)c2)nc1C1CCN(c2ncnc(N)c2C(N)=O)CC1,-7.264
CHEMBL210940,CC(C)(Cc1cc[nH]c1)[C@@H]1C(=O)Nc2ccc(-c3cncc(OC[C@@H]([NH3+])Cc4c[nH]c5ccccc45)c3)cc21,-7.258
CHEMBL3953697,O=C(Cc1nc(N2CCOCC2)cc(=O)[nH]1)N1CCc2c(-c3ccccc3F)cccc21,-7.258
CHEMBL1081425,[NH3+][C@H](CNc1cnc(-c2ccc3cnccc3c2)s1)Cc1ccc(C(F)(F)F)cc1,-7.256
CHEMBL3941451,Nc1ncnc(N2CCC(c3nc(-c4ccc(F)c(C(F)(F)F)c4)cn3CC[NH+]3CCC3)CC2)c1-c1cnoc1,-7.249
CHEMBL211281,c1ccc2c(C[C@@H](COc3cncc(-c4cc5ccncc5s4)c3)Nc3cc4ccncc4s3)c[nH]c2c1,-7.247
CHEMBL3961556,Nc1ncnc(N2CCC(c3nc(-c4ccc(O)c(C(F)(F)F)c4)cn3CC[NH+]3CCCC3)CC2)c1Cl,-7.247
CHEMBL575385,[NH3+][C@H](COc1cncc(-c2cnc3c(c2)CC(=O)N3)c1)Cc1c[nH]c2ccccc12,-7.246
CHEMBL208761,C[C@@H]1C(=O)Nc2ccc(N[C@H](COc3cncc(-c4ccc5c(c4)[C@@H](C)C(=O)N5)c3)Cc3c[nH]c4ccccc34)cc21,-7.245
CHEMBL401999,Nc1nc(N)c2cc(-c3ccccc3)c(-c3ccc(C[NH+]4CCC(n5c(=O)[nH]c6ccccc65)CC4)cc3)nc2n1,-7.241
CHEMBL575384,CC(C)=C1C(=O)Nc2ccc(-c3cncc(OC[C@@H]([NH3+])Cc4c[nH]c5ccccc45)c3)cc21,-7.238
CHEMBL1823655,O=C(N[C@@H](c1ccc(Cl)c(Cl)c1)C1C[NH2+]C1)c1ccc2cnccc2c1,-7.238
CHEMBL3947888,N#Cc1c(N)ncnc1N1CCC(c2nc(-c3ccnc(C(F)(F)F)c3)cn2CC[NH+]2CCC2)CC1,-7.236
CHEMBL450772,O=S1(=O)CCN(c2ncc3cc(-c4ccccc4)c(-c4ccc(C[NH+]5CCC(c6nc(-c7ccccn7)n[nH]6)CC5)cc4)nc3n2)CC1,-7.231
CHEMBL226625,Cc1n[nH]c2ccc(-c3cncc(OC[C@@H]([NH3+])Cc4cccc(C(F)(F)F)c4)c3)cc12,-7.227
CHEMBL3640740,Nc1ncccc1-c1nc2ccc(-c3cccc(N4CCC(C(=O)N5CCOCC5)CC4)c3)nc2n1-c1ccc(C2([NH3+])CCC2)cc1,-7.225
CHEMBL1760773,Cc1cc(F)ccc1S(=O)(=O)NC[C@@H](O)C[N@H+]1CCC[C@@]2(CCN(c3[nH+]cnc(N)c3C3CC3)C2)C1,-7.225
CHEMBL3957657,Cc1cc(-c2cn(CC[NH+](C)C)c(C3CCN(c4ncnc(N)c4-c4cn[nH]c4)CC3)[nH+]2)ccc1F,-7.221
CHEMBL225789,Nc1cc2[nH]nc(Cl)c2cc1-c1cncc(OC[C@@H]([NH3+])Cc2c[nH]c3ccccc23)c1,-7.219
CHEMBL378870,Cc1n[nH]c2ccc(-c3cncc(OC[C@@H]([NH3+])c4ccccc4)c3)cc12,-7.218
CHEMBL3933596,NC(=O)c1c(N)ncnc1N1CCC(c2nc(-c3cccc(F)c3)cn2CC[NH+]2CCCC2)CC1,-7.217
CHEMBL3910203,C[C@@H]1Cc2c(O)cccc2N1C(=O)Cc1nc(N2CCOCC2)cc(=O)[nH]1,-7.217
CHEMBL229798,Cc1n[nH]c2ccc(-c3cncc(OC[C@@H]([NH3+])Cc4ccc(F)c(F)c4F)c3)cc12,-7.216
CHEMBL3927440,CCc1c(N)ncnc1N1CCC(c2nc(-c3ccc(F)c(C(F)(F)F)c3)cn2CC[NH+]2CCCC2)CC1,-7.214
CHEMBL210093,[NH3+][C@H](COc1cncc(-c2ccc3c(F)nccc3c2)c1)Cc1c[nH]c2ccccc12,-7.212
CHEMBL3982415,Nc1ncnc(N2CCC(c3nc(-c4ccc(F)c(C(F)(F)F)c4)cn3CC[NH+]3CCCC3)CC2)c1Br,-7.212
CHEMBL469357,[NH3+]C[C@H](NC(=O)c1cc(-c2cccnc2)c(-c2ccnc3[nH]ccc23)s1)c1ccccc1,-7.206
CHEMBL3903026,C[NH+](C)CCn1cc(-c2ccc(F)c(C(F)(F)F)c2)nc1C1CCN(c2ncnc(N)c2/C=C/C2CC2)CC1,-7.203
CHEMBL1823649,COc1cc2cnccc2cc1C(=O)N[C@H](c1ccc(Cl)c(Cl)c1)C1CC[NH2+]CC1,-7.203
CHEMBL3915684,CCc1c(N)nc[nH+]c1N1CCC(c2[nH+]c(-c3ccc(F)c(C(F)(F)F)c3)cn2C2CC[NH2+]CC2)CC1,-7.199
CHEMBL3891763,N#Cc1c(N)ncnc1N1CCC(c2nc(-c3ccc(F)c(C(F)(F)F)c3)cn2C2C[NH2+]C2)CC1,-7.198
CHEMBL3924599,CC(C)[NH2+]CCn1cc(-c2ccc(F)c(C(F)(F)F)c2)nc1C1CCN(c2ncnc(N)c2C#N)CC1,-7.193
CHEMBL572907,[NH3+][C@H](COc1cncc(-c2ccc3[nH]nc(C4CC4)c3c2)c1)Cc1c[nH]c2ccccc12,-7.187
CHEMBL4585120,Cn1ncc(Cl)c1-c1cc(C(=O)N[C@@H]2C[NH2+]CC[C@H]2c2cccc(C(F)(F)F)c2)oc1Cl,-7.185
CHEMBL3980521,CC(C)C[NH2+]CCn1cc(-c2ccc(F)c(C(F)(F)F)c2)nc1C1CCN(c2ncnc(N)c2C#N)CC1,-7.184
CHEMBL208790,Cc1[nH]c2ccccc2c1C[C@H]([NH3+])COc1cncc(-c2ccc3[nH]nc(C)c3c2)c1,-7.184
CHEMBL3939144,Nc1cc(N2CCC(c3[nH+]c(-c4ccc(F)c(C(F)(F)F)c4)cn3CC[NH+]3CCCCC3)CC2)ncn1,-7.181
CHEMBL3980922,Nc1ncnc(N2CCC(c3nc(-c4ccnc(C(F)(F)F)c4)cn3CC[NH+]3CCC3)CC2)c1Cl,-7.179
CHEMBL226849,[NH3+][C@H](COc1cncc(-c2ccc3c(c2)/C(=C\c2ccco2)C(=O)N3)c1)Cc1ccccc1,-7.178
CHEMBL3973734,NC(=O)c1c(N)ncnc1N1CCC(c2[nH+]c(-c3ccc(F)c(Cl)c3)cn2CC[NH+]2CCCC2)CC1,-7.177
CHEMBL3981254,CC1(C)CN(C(=O)Cc2nc(N3CCOCC3)cc(=O)[nH]2)c2cccc(F)c21,-7.176
CHEMBL3639985,COc1ccc(COc2ccn3c(-c4ccccc4)c(-c4ccc(C5([NH3+])CCC5)cc4)nc3n2)cn1,-7.173
CHEMBL3985874,COc1ccc(-c2c(N)ncnc2N2CCC(c3[nH+]c(-c4ccc(F)c(C(F)(F)F)c4)cn3C)CC2)cc1,-7.167
CHEMBL3955405,NC(=O)c1c(N)ncnc1N1CCC(c2nc(-c3ccc(F)c(C(F)(F)F)c3)cn2C[C@@H]2CC[NH2+]2)CC1,-7.165
CHEMBL3892575,Nc1ncnc(N2CCC(c3[nH+]c(-c4ccc(F)cc4)cn3CC[NH+]3CCCC3)CC2)c1C1CCC1,-7.164
CHEMBL3805228,Cn1ncc(Cl)c1-c1cc(C(=O)NC2(c3ccc(Cl)c(Cl)c3)CC[NH2+]CC2)oc1Cl,-7.161
CHEMBL573359,Cc1cc(C[C@H]([NH3+])COc2cncc(-c3cc4c(C)n[nH]c4cn3)c2)ccc1F,-7.16
CHEMBL211186,Cc1n[nH]c2ccc(-c3cncc(OC[C@@H]([NH3+])CCCc4ccccc4)c3)cc12,-7.16
CHEMBL3920410,Cc1ccc(-c2cn(CC[NH+]3CCC3)c(C3CCN(c4ncnc(N)c4C(N)=O)CC3)[nH+]2)cc1C(F)(F)F,-7.158
CHEMBL3899565,Nc1ncnc(N2CCC(c3[nH+]c(-c4ccc(F)c(C(F)(F)F)c4)cn3CC[NH+]3CCC3)CC2)c1N,-7.158
CHEMBL3906488,Nc1ncnc(N2CCC(c3[nH+]c(-c4cccc(C(F)(F)F)c4)cn3CC[NH+]3CCCC3)CC2)c1Br,-7.153
CHEMBL4445510,Cn1ncc(Cl)c1-c1cc(C(=O)N[C@@H]2C[NH2+]CC[C@H]2c2ccc(Cl)c(Cl)c2)oc1Cl,-7.151
CHEMBL180058,Cn1nnc(-c2ccc3nc(-c4ccccc4)c(-c4ccc(C[NH+]5CCC(n6c(=O)[nH]c7ccccc76)CC5)cc4)nc3c2)n1,-7.148
CHEMBL3976254,Cc1cc(-c2cn(CC3C[NH2+]C3)c(C3CCN(c4ncnc(N)c4OCC(F)(F)F)CC3)[nH+]2)ccc1F,-7.141
CHEMBL573096,[NH3+][C@H](COc1cncc(-c2ccc3c(c2)[C@@H](c2c[nH]c4ccccc24)C(=O)N3)c1)Cc1c[nH]c2ccccc12,-7.139
CHEMBL3894578,Nc1ncnc(N2CCC(c3[nH+]c(-c4ccc(F)c(C(F)(F)F)c4)cn3CC[NH+]3CCC3)CC2)c1Br,-7.138
CHEMBL3699700,[NH3+]C1(c2ccc(-c3nc4cc(-c5cn[nH]c5)ccn4c3-c3ccccc3)cc2)CCC1,-7.138
CHEMBL4519793,Cn1ncc(Cl)c1-c1cc(C(=O)N[C@@H]2C[NH2+][C@H](CCn3cncn3)C[C@H]2c2ccc(Cl)c(Cl)c2)oc1Cl,-7.134
CHEMBL3699784,CCOc1cccc2c1CCN2C(=O)Cc1nc(N2CCOCC2)cc(=O)[nH]1,-7.132
CHEMBL3113136,CC(C)(C)[NH2+][C@H](c1ccc(Cl)cc1)c1ccc(-c2ccncc2)cc1,-7.13
CHEMBL516429,[NH3+][C@H](COc1cncc(-c2cc3ccncc3s2)c1)Cc1c[nH]c2ccccc12,-7.129
CHEMBL3943041,COc1ccc(-c2cn(CC[NH+]3CCC3)c(C3CCN(c4ncnc(N)c4C#N)CC3)n2)cc1Cl,-7.127
CHEMBL209638,[NH3+][C@H](COc1cncc(-c2ccc3cnccc3c2)c1)CC1CCCCC1,-7.125
CHEMBL1254114,CCCc1cc(-c2cncc(OC[C@@H]([NH3+])Cc3c[nH]c4ccccc34)c2)cc2c(C)n[nH]c12,-7.123
CHEMBL2012699,CCc1n[nH]c2ncnc(N3CC[NH+](c4cc(Cl)cc(NCC[NH+]5CCCC5)c4C)CC3)c12,-7.121
CHEMBL594523,Cc1nc(-c2ccoc2)c(-c2cnc3[nH]nc(C)c3n2)cc1OC[C@@H]([NH3+])Cc1c[nH]c2ccccc12,-7.12
CHEMBL4446884,Cn1ncc(Cl)c1-c1cc(C(=O)N[C@@H]2C[NH2+]CC[C@H]2c2ccc(Cl)cc2)n(C)c1Cl,-7.114
CHEMBL3976090,CC[NH+](CC)CCn1cc(-c2ccc(F)c(C)c2)[nH+]c1C1CCN(c2ncnc(N)c2C(N)=O)CC1,-7.112
CHEMBL3917410,CC(C)c1c(N)ncnc1N1CCC(c2nc(-c3ccc(F)c(C(F)(F)F)c3)cn2CC[NH+]2CCC2)CC1,-7.111
CHEMBL375717,Cc1n[nH]c2ccc(-c3cncc(OC[C@@H]([NH3+])Cc4ccc(C(F)(F)F)c(F)c4)c3)cc12,-7.11
CHEMBL3946371,Cc1cc(-c2cn(CC[N@@H+](C)C(C)C)c(C3CCN(c4ncnc(N)c4C(N)=O)CC3)[nH+]2)ccc1F,-7.107
CHEMBL578418,[NH3+][C@H](COc1cncc(-c2ccc3[nH]nc(N4CCOCC4)c3c2)c1)Cc1c[nH]c2ccccc12,-7.106
CHEMBL207373,[NH3+][C@H](COc1cncc(-c2ccc3cnccc3c2)c1)c1ccccc1,-7.099
CHEMBL3904712,CC(C)Oc1c(N)ncnc1N1CCC(c2nc(-c3ccc(F)c(C(F)(F)F)c3)cn2CC[NH+]2CCC2)CC1,-7.097
CHEMBL3929830,Nc1ncnc(N2CCC(c3[nH+]c(-c4ccc(C(F)(F)F)c(F)c4)cn3CC[NH+]3CCCC3)CC2)c1Cl,-7.095
CHEMBL3699801,O=C(Cc1nc(N2CCOCC2)cc(=O)[nH]1)Nc1cccc2c1OCCN2,-7.093
CHEMBL3941283,Nc1ncnc(N2CCC(c3nc(-c4ccc(F)c(C(F)(F)F)c4)cn3CC[NH+]3CCCC3)CC2)c1C=O,-7.093
CHEMBL3948085,CCOc1c(N)ncnc1N1CCC(c2nc(-c3ccc(F)c(C)c3)cn2CC[NH+](C)C)CC1,-7.092
CHEMBL3890873,CS(=O)(=O)c1cccc(-c2cn(CC[NH+]3CCC3)c(C3CCN(c4ncnc(N)c4C(N)=O)CC3)[nH+]2)c1,-7.086
CHEMBL3696245,N#Cc1cc(NC(=O)Cc2nc(N3CCOCC3)cc(=O)[nH]2)ccc1F,-7.085
CHEMBL3699803,O=C(Cc1nc(N2CCOCC2)cc(=O)[nH]1)N1CCc2ncccc21,-7.074
CHEMBL4546392,Cn1ncc(Cl)c1-c1cc(C(=O)N[C@@H]2C[NH2+][C@H](CC[NH+]3CCCC3)C[C@H]2c2ccc(Cl)c(Cl)c2)oc1Cl,-7.073
CHEMBL3918796,Nc1ncnc(N2CCC(c3nc(-c4ccc(F)c(C(F)(F)F)c4)cn3CC[NH+]3CCCC3)CC2)c1C(=O)[O-],-7.072
CHEMBL3897830,Cc1cc(-c2cn(CCO)c(C3CCN(c4ncnc(N)c4C(N)=O)CC3)[nH+]2)ccc1F,-7.071
CHEMBL208014,[NH3+][C@H](COc1cncc(-c2ccc3c(Cl)nccc3c2)c1)Cc1c[nH]c2ccccc12,-7.069
CHEMBL3918242,CC(C)[C@@H]1Cc2ccccc2N1C(=O)Cc1nc(N2CCOCC2)cc(=O)[nH]1,-7.064
CHEMBL211018,[NH3+][C@H](COc1cncc(-c2ccc3cnccc3c2)c1)Cc1ccc2ccccc2c1,-7.061
CHEMBL3965063,CCc1c(N)ncnc1N1CCC(c2nc(-c3ccnc(C)c3)cn2CC[NH+]2CCC2)CC1,-7.058
CHEMBL3968352,N#Cc1c(N)ncnc1N1CCC(c2[nH+]c(-c3ccc(F)c(C(F)(F)F)c3)cn2C[C@@H]2CCC[NH2+]2)CC1,-7.055
CHEMBL388310,Cc1[nH]nc2ccc(-c3cncc(OC[C@@H]([NH3+])Cc4cccc(OCCC5CC[NH2+]CC5)c4)c3)cc12,-7.054
CHEMBL3696251,O=C(Cc1nc(N2CCOCC2)cc(=O)[nH]1)Nc1cc(F)c(F)c(F)c1,-7.051
CHEMBL1823663,C[NH+]1CC([C@@H](NC(=O)c2ccc3cnccc3c2)c2ccc(Cl)c(Cl)c2)C1,-7.048
CHEMBL212259,Cc1n[nH]c2ccc(-c3cncc(OC[C@@H]([NH3+])CC4CCCCC4)c3)cc12,-7.046
CHEMBL577134,[NH3+][C@H](COc1cncc(-c2ccc3[nH]c(=O)sc3c2)c1)Cc1c[nH]c2ccccc12,-7.046
CHEMBL4593509,Cn1ncc(Cl)c1-c1ccc(C(=O)N[C@@H]2C[NH2+]CC[C@H]2c2cccc(F)c2)cc1,-7.042
CHEMBL203685,[NH3+][C@H](COc1cncc(/C=C/c2ccncc2)c1)Cc1cccc(O)c1,-7.042
CHEMBL3978595,Nc1ncnc(N2CCC(c3nc(-c4cccc(F)c4)cn3CC[NH+]3CCCC3)CC2)c1Cl,-7.04
CHEMBL3696269,O=C(Cc1nc(N2CCOCC2)cc(=O)[nH]1)Nc1ccc(F)c(F)c1F,-7.04
CHEMBL1684800,COc1ccc(Cn2ncc(NC(=O)c3cc(NC(=O)Nc4ccc(Cl)c(C(F)(F)F)c4)ccc3C)c2N)cc1,-7.037
CHEMBL3972543,Nc1ncnc(N2CCC(c3nc(-c4ccc(Cl)c(F)c4)cn3CC[NH+]3CCCC3)CC2)c1C1CCC1,-7.036
CHEMBL207338,Cc1n[nH]c2ccc(-c3cncc(NC[C@@H]([NH3+])Cc4ccccc4)c3)cc12,-7.032
CHEMBL3672019,Nc1ncnc2c1cnn2C1CC[NH+](Cc2ccc(-c3nc4ccnn4cc3-c3ccccc3)cc2)CC1,-7.031
CHEMBL427426,Cc1cc(C[C@H]([NH3+])COc2cncc(-c3ccc4[nH]nc(C)c4c3)c2)ccc1F,-7.03
CHEMBL1080911,Cc1n[nH]c2ccc(-c3nnc(NC[C@@H]([NH3+])Cc4ccc(C(F)(F)F)cc4)s3)cc12,-7.029
CHEMBL572418,Cc1n[nH]c2cnc(-c3cncc(OC[C@@H]([NH3+])Cc4ccc(C(F)(F)F)cc4)c3)cc12,-7.027
CHEMBL4560290,Cn1ncc(Br)c1-c1cc(C(=O)N[C@@H]2C[NH2+]CC[C@H]2c2ccc(Cl)cc2)n(C)c1Br,-7.027
CHEMBL3919089,Nc1ncnc(N2CCC(c3[nH+]c(-c4ccc(F)c(C(F)(F)F)c4)cn3CC[NH+]3CCC3)CC2)c1Cl,-7.026
CHEMBL3890310,COc1c(N)ncnc1N1CCC(c2nc(-c3ccnc(C(F)(F)F)c3)cn2CC[NH+]2CCC2)CC1,-7.025
CHEMBL225788,[NH3+][C@H](COc1cncc(-c2cc3cn[nH]c3cc2[N+](=O)[O-])c1)Cc1c[nH]c2ccccc12,-7.017
CHEMBL3684368,O=C(Nc1ccc(-c2nnc3n2-c2cccnc2Nc2ccccc2-3)cc1)c1ccncc1,-7.015
CHEMBL3968002,CCc1c(N)ncnc1N1CCC(c2nc(-c3cccc(C(F)(F)F)n3)cn2CC[NH+]2CCC2)CC1,-7.01
CHEMBL470598,[NH3+]C[C@H](CC1CCCCC1)NC(=O)c1cc(Br)c(-c2ccnc3[nH]ccc23)s1,-7.007
CHEMBL3922417,Cc1ncc(-c2c(N)ncnc2N2CCC(c3[nH+]c(-c4ccc(F)c(C(F)(F)F)c4)cn3C)CC2)s1,-7.006
CHEMBL3216643,COc1ccc(O)c(C(=O)c2ccc(C(=O)O[C@@H]3CCC[NH2+]C[C@H]3NC(=O)c3ccncc3)cc2)c1F,-7.004
CHEMBL229917,Cc1n[nH]c2ccc(-c3cncc(OC[C@@H]([NH3+])Cc4ccc(Cl)c(F)c4)c3)cc12,-7.004
CHEMBL575427,Cc1cc(F)ccc1C[C@H]([NH3+])COc1cncc(-c2cc3c(C)n[nH]c3cn2)c1,-7.002
CHEMBL229799,Cc1n[nH]c2ccc(-c3cncc(OC[C@@H]([NH3+])Cc4cccc(Cl)c4)c3)cc12,-7.001
CHEMBL3985943,Cc1cc(-c2cn(CC[NH+]3CCC3)c(C3CCN(c4ncnc(N)c4OC(C)C)CC3)n2)ccc1F,-7.001
CHEMBL1081263,[NH3+][C@H](CNc1ncc(-c2ccc3cnccc3c2)s1)Cc1ccc(C(F)(F)F)cc1,-7
CHEMBL4568343,COCC[C@@H]1C[C@@H](c2ccc(Cl)c(Cl)c2)[C@H](NC(=O)c2cc(-c3c(Cl)cnn3C)c(Cl)o2)C[NH2+]1,-6.998
CHEMBL590109,Nc1ncc2c(n1)c(-c1cc(-c3cc4ccccc4s3)c3[nH]ncc3c1)cn2CC[NH3+],-6.997
CHEMBL1760769,Cc1ccccc1S(=O)(=O)NC[C@@H](O)C[N@H+]1CCC[C@@]2(CCN(c3[nH+]cnc(N)c3C3CC3)C2)C1,-6.996
CHEMBL4455194,Cn1ncc(CO)c1-c1ccc(C(=O)N[C@@H]2C[NH2+]CC[C@H]2c2cccc(F)c2)s1,-6.996
CHEMBL3912769,CC(C)c1cc(-c2cn(CC[NH+]3CCC3)c(C3CCN(c4ncnc(N)c4Cl)CC3)n2)ccn1,-6.996
CHEMBL206732,[NH3+][C@H](CNc1cncc(Oc2cccc3cnccc23)c1)Cc1c[nH]c2ccccc12,-6.993
CHEMBL1081119,[NH3+][C@H](CNc1nnc(-c2ccc3cnccc3c2)o1)Cc1ccc(C(F)(F)F)cc1,-6.992
CHEMBL3976022,CCc1c(N)ncnc1N1CCC(c2nc(-c3ccc(C(F)(F)F)c(F)c3)cn2CC[N@@H+]2CCC[C@H](F)C2)CC1,-6.991
CHEMBL3950595,CCc1c(N)ncnc1N1CCC(c2[nH+]c(-c3ccc(C(F)(F)F)cc3)cn2CC[NH+]2CCCC2)CC1,-6.989
CHEMBL3986793,Nc1ncnc(N2CCC(c3[nH+]c(-c4ccc(F)c(C(F)(F)F)c4)cn3CC[NH+]3CCCC3)CC2)c1Cl,-6.984
CHEMBL3699795,O=C(Cc1nc(N2CCOCC2)cc(=O)[nH]1)Nc1ccc(F)cc1OCC1CC[NH2+]CC1,-6.983
CHEMBL374808,[NH3+][C@H](COc1cncc(-c2ccc3[nH]nc(C(F)(F)F)c3c2)c1)Cc1c[nH]c2ccccc12,-6.98
CHEMBL210020,[NH3+][C@H](COc1cncc(-c2ccc3cnccc3c2)c1)Cc1ccccc1,-6.975
CHEMBL596379,Cc1n[nH]c2ccc(-c3cc(OC[C@@H]([NH3+])Cc4ccccc4)cnc3-c3cc(F)cc(F)c3O)cc12,-6.974
CHEMBL227367,Cc1n[nH]c2ccc(-c3cncc(OC[C@@H]([NH3+])Cc4ccc(Br)c(F)c4)c3)cc12,-6.972
CHEMBL381187,[NH3+][C@@H](COc1cncc(-c2ccc3cnccc3c2)c1)Cc1c[nH]c2ccccc12,-6.97
CHEMBL3950222,O=C(Cc1nc(N2CCOCC2)cc(=O)[nH]1)N1CC2(CC2)c2ccccc21,-6.97
CHEMBL1257281,COc1cc(C[C@@H](N)C(=O)N2CCN(c3ncnc4ccccc34)CC2)cc(OC)c1,-6.969
CHEMBL3931731,Nc1ncnc(N2CCC(c3[nH+]c(-c4ccnc(C(F)(F)F)c4)cn3CCNC3CC3)CC2)c1Cl,-6.968
CHEMBL209503,O=c1[nH]c2ccc(N[C@H](COc3cncc(-c4ccc5[nH]c(=O)sc5c4)c3)Cc3c[nH]c4ccccc34)cc2s1,-6.966
CHEMBL253458,Nc1ncnc2nc(-c3ccc(C[NH+]4CCC(n5ncc6c(N)ncnc65)CC4)cc3)c(-c3ccccc3)cc12,-6.962
CHEMBL381328,[NH3+][C@H](COc1cncc(/C=C/c2ccncc2)c1)Cc1ccc2ccccc2c1,-6.957
CHEMBL3938237,Nc1ncnc(N2CCC(c3nc(-c4ccc(F)c(C(F)(F)F)c4)cn3CC[NH+]3CCCCC3)CC2)c1Cl,-6.956
CHEMBL3894443,CCc1c(N)ncnc1N1CCC(c2[nH+]c(-c3ccc(F)cc3)cn2CCN2CC(F)C2)CC1,-6.954
CHEMBL3919026,C=Cc1c(N)ncnc1N1CCC(c2[nH+]c(-c3ccc(C(F)(F)F)cc3)cn2CC[NH+]2CCCC2)CC1,-6.949
CHEMBL3927446,CC(C)Oc1c(N)ncnc1N1CCC(c2nc(-c3ccnc(C(F)(F)F)c3)cn2CC[NH+]2CCC2)CC1,-6.949
CHEMBL205871,[NH3+][C@H](COc1cncc(/C=C/c2ccncc2)c1)Cc1cccc2ccccc12,-6.946
CHEMBL3931262,N#Cc1c(N)ncnc1N1CCC(c2nc(-c3ccccc3)cn2CC[NH+]2CCC2)CC1,-6.945
CHEMBL3901997,CCOCCc1c(N)ncnc1N1CCC(c2[nH+]c(-c3ccc(F)c(C(F)(F)F)c3)cn2CC[NH+](C)C)CC1,-6.941
CHEMBL3983282,N#Cc1c(N)ncnc1N1CCC(c2nc(-c3ccc(F)c(C(F)(F)F)c3)cn2CC[NH2+]CC2CC2)CC1,-6.937
CHEMBL259834,Cc1nc(-c2cc(Cl)ccc2Nc2ncnc3[nH]ccc23)n[nH]1,-6.935
CHEMBL4465905,Cn1ncc(Br)c1-c1coc(C(=O)N[C@@H]2C[NH2+]CC[C@H]2c2ccc(Cl)cc2)c1,-6.934
CHEMBL3962020,NC(=O)c1c(N)ncnc1N1CCC(c2[nH+]c(-c3ccc(F)c(Cl)c3)cn2CC[NH+]2CCC2)CC1,-6.934
CHEMBL3905494,CC(C)Oc1c(N)ncnc1N1CCC(c2[nH+]c(-c3ccc(F)c(C(F)(F)F)c3)cn2CC[NH+](C)C)CC1,-6.933
CHEMBL573133,Cc1ccc(F)cc1C[C@H]([NH3+])COc1cncc(-c2cc3c(C)n[nH]c3cn2)c1,-6.933
CHEMBL3959291,N#Cc1c(N)ncnc1N1CCC(c2nc(-c3ccc(F)c(C(F)(F)F)c3)cn2CC[NH+]2CCCC2)CC1,-6.929
CHEMBL428963,Cc1nc(-c2ccccc2Nc2ncnc3[nH]ccc23)n[nH]1,-6.928
CHEMBL3890352,Nc1ncnc(N2CCC(c3nc(-c4ccc(F)c(C(F)(F)F)c4)cn3CC[NH+]3CCC3)CC2)c1C=O,-6.927
CHEMBL3983416,CCc1c(N)ncnc1N1CCC(c2[nH+]c(-c3ccc(C(F)(F)F)c(F)c3)cn2CC[NH+]2CCCC2)CC1,-6.927
CHEMBL2151924,O=C(Cc1nc(N2CCOCC2)cc(=O)[nH]1)Nc1ccc(F)c(F)c1,-6.925
CHEMBL3920419,CCc1c(N)ncnc1N1CCC(c2nc(-c3ccnc(C(F)(F)F)c3)cn2CC[NH+]2CCC2)CC1,-6.922
CHEMBL4108380,CCc1c(N)nc[nH+]c1N1CCC(c2[nH+]c(-c3ccc(C(F)(F)F)c(F)c3)cn2CC[N@H+]2CC[C@@H](F)C2)CC1,-6.915
CHEMBL3965676,Cc1ccc(-c2cn(CC[NH+]3CCC3)c(C3CCN(c4ncnc(N)c4C#N)CC3)n2)cc1F,-6.913
CHEMBL574995,[NH3+][C@H](COc1cncc(-c2ccc3[nH]nc(-c4nccs4)c3c2)c1)Cc1c[nH]c2ccccc12,-6.912
CHEMBL226850,[NH3+][C@H](COc1cncc(-c2cc3cn[nH]c3cn2)c1)Cc1cccc(C(F)(F)F)c1,-6.908
CHEMBL4588742,Cn1cc(-c2c(Br)cnn2C)cc1C(=O)N[C@@H]1C[NH2+]CC[C@H]1c1ccc(Cl)cc1,-6.908
CHEMBL261204,c1ccc(-c2nc[nH]n2)c(Nc2ncnc3[nH]ccc23)c1,-6.907
CHEMBL3910308,Cc1c(N)ncnc1N1CCC(c2nc(-c3ccc(F)c(C(F)(F)F)c3)cn2CC[NH+]2CCCC2)CC1,-6.902
CHEMBL1760765,Cc1cccc(C)c1S(=O)(=O)N1CCC[C@H]1[C@@H](O)C[N@H+]1CCC[C@@]2(CCN(c3ncnc(N)c3C3CC3)C2)C1,-6.902
CHEMBL226797,Cc1n[nH]c2ccc(-c3cncc(OC[C@@H]([NH3+])Cc4cccc(OCC5CC[NH+](C)CC5)c4)c3)cc12,-6.897
CHEMBL573355,Cc1[nH]nc2cnc(-c3cncc(OC[C@@H]([NH3+])Cc4c(F)cccc4F)c3)cc12,-6.894
CHEMBL4590906,Cn1ncc(Cl)c1-c1cc(C(=O)N[C@@H]2C[NH2+][C@H](CC[NH+](C)C)C[C@H]2c2ccc(Cl)c(Cl)c2)oc1Cl,-6.892
CHEMBL3932390,CCOc1c(N)ncnc1N1CCC(c2nc(-c3ccc(F)c(C(F)(F)F)c3)cn2CC[NH+]2CCC2)CC1,-6.892
CHEMBL4465572,Cn1ncc(Cl)c1-c1cc(C(=O)N[C@@H]2C[NH2+]CC[C@H]2c2ccc(F)c(F)c2)oc1Cl,-6.891
CHEMBL4457064,Cn1ncc(Cl)c1-c1cc(C(=O)N[C@@H]2C[NH2+]CC[C@H]2c2ccc(F)c(F)c2)oc1Cl,-6.891
CHEMBL3699805,O=C(Cc1nc(N2CCOCC2)cc(=O)[nH]1)Nc1cccc2c1NCCC2,-6.891
CHEMBL3962807,N#Cc1c(N)ncnc1N1CCC(c2nc(-c3ccc(F)c(C(F)(F)F)c3)cn2CC[NH+]2CCC2)CC1,-6.888
CHEMBL3921269,O=C(Cc1nc(N2CCOCC2)cc(=O)[nH]1)N1CCc2c(OC(F)F)cccc21,-6.883
CHEMBL3913252,CCc1cc(-c2cn(CC[NH+]3CCC3)c(C3CCN(c4ncnc(N)c4C(N)=O)CC3)n2)ccn1,-6.881
CHEMBL209826,CC(C)(Cc1cccs1)[C@@H]1C(=O)Nc2ccc(-c3cncc(OC[C@@H]([NH3+])Cc4c[nH]c5ccccc45)c3)cc21,-6.876
CHEMBL261542,c1ccc(-c2nc3ccccc3nc2-c2ccc(C[NH+]3CCC(c4cc(-c5ccncc5)n[nH]4)CC3)cc2)cc1,-6.874
CHEMBL3983824,Cn1c(CC(=O)Nc2ccc(F)c(Cl)c2)nc(N2CCO[C@@H](CF)C2)cc1=O,-6.872
CHEMBL595684,Cc1n[nH]c2ccc(-c3cc(OC[C@@H]([NH3+])Cc4ccccc4)cnc3-c3cccc(O)c3)cc12,-6.871
CHEMBL226529,Cc1n[nH]c2ccc(-c3cncc(OC[C@@H]([NH3+])Cc4ccccc4OC(F)(F)F)c3)cc12,-6.871
CHEMBL3915954,Nc1ncnc(N2CCC(c3[nH+]c(-c4ccc(C(F)(F)F)c(F)c4)cn3CC[NH+]3CCCC3)CC2)c1C1CCC1,-6.871
CHEMBL3696293,O=C(Cc1nc(N2CCOCC2)cc(=O)[nH]1)Nc1cccc2occc12,-6.868
CHEMBL376394,Cc1cc(F)ccc1C[C@H]([NH3+])COc1cncc(-c2ccc3[nH]nc(C)c3c2)c1,-6.862
CHEMBL574268,[NH3+][C@H](COc1cncc(-c2ccc3c(c2)C(=O)C(=O)N3)c1)Cc1c[nH]c2ccccc12,-6.861
CHEMBL3943127,CC[NH2+]CCn1cc(-c2ccc(F)c(C(F)(F)F)c2)nc1C1CCN(c2ncnc(N)c2OC(C)C)CC1,-6.86
CHEMBL1761087,CCOCCN(C[C@@H](O)C[N@@H+]1CCC[C@]2(CCc3cc(C#N)ccc3O2)C1)S(=O)(=O)c1c(C)cccc1C,-6.855
CHEMBL3974713,Cc1cc(-c2cn(CC[NH2+]CC3CC3)c(C3CCN(c4ncnc(N)c4C(N)=O)CC3)n2)ccc1F,-6.854
CHEMBL1761089,CCOCCN(C[C@@H](O)C[N@@H+]1CCC[C@]2(CCc3cc4c(cc3O2)CNC4=O)C1)S(=O)(=O)c1c(C)cccc1C,-6.854
CHEMBL3112865,CC1(C)CN(C(=O)Cc2nc(N3CCOCC3)cc(=O)[nH]2)c2ccccc21,-6.852
CHEMBL375485,[NH3+][C@H](COc1cncc(-c2cc3c(-c4ccco4)n[nH]c3cn2)c1)Cc1ccccc1,-6.848
CHEMBL211084,Cc1n[nH]c2ccc(-c3cncc(OCC[C@@H]([NH3+])Cc4ccccc4)c3)cc12,-6.845
CHEMBL211827,[NH3+][C@H](COc1cncc(-c2ccc3cnccc3c2)c1)Cc1n[nH]c2ccccc12,-6.842
CHEMBL1081437,[NH3+][C@H](CNc1nnc(-c2ccc3[nH]nc(C4CC4)c3c2)s1)Cc1ccc(C(F)(F)F)cc1,-6.841
CHEMBL470192,[NH3+]C[C@H](NC(=O)c1ccc(-c2c[nH]c3ncccc23)s1)c1ccccc1,-6.841
CHEMBL573592,Cc1[nH]nc2cnc(-c3cncc(OC[C@@H]([NH3+])Cc4cccc(F)c4)c3)cc12,-6.84
CHEMBL3941240,NC(=O)c1c(N)ncnc1N1CCC(c2nc(-c3ccnc(C4CC4)c3)cn2CC[NH+]2CCC2)CC1,-6.832
CHEMBL255835,Nc1ncnc2nc(-c3ccc(C[NH+]4CCC(c5cc(-c6ccncc6)[nH]n5)CC4)cc3)c(-c3ccccc3)cc12,-6.832
CHEMBL3699799,COC(=O)c1cccc(NC(=O)Cc2nc(N3CCOCC3)cc(=O)[nH]2)c1O,-6.827
CHEMBL255348,Nc1nn(CCc2c[nH]c[nH+]2)c2nc(-c3ccc(C[NH+]4CCC(n5c(=O)[nH]c6ccccc65)CC4)cc3)c(-c3ccccc3)cc12,-6.823
CHEMBL427422,Cc1[nH]nc2cnc(-c3cncc(OC[C@@H]([NH3+])Cc4cccc(F)c4F)c3)cc12,-6.821
CHEMBL379963,Cn1cccc1CC(C)(C)[C@@H]1C(=O)Nc2ccc(-c3cncc(OC[C@@H]([NH3+])Cc4c[nH]c5ccccc45)c3)cc21,-6.817
CHEMBL3696236,O=C(Cc1nc(N2CCOCC2)cc(=O)[nH]1)Nc1ccc(F)cc1F,-6.816
CHEMBL3985936,CS(=O)(=O)N1CCN(Cc2cccc3c2CCN3C(=O)Cc2nc(N3CCOCC3)cc(=O)[nH]2)CC1,-6.816
CHEMBL3701774,C[C@]1(O)C[C@]([NH3+])(c2ccc(-c3nc4n(c3-c3ccccc3)COc3ccc(C(=O)NCCO)cc3-4)cc2)C1,-6.815
CHEMBL1080569,[NH3+][C@H](CNc1nnc(-c2ccc3cnccc3c2)s1)Cc1ccc(C(F)(F)F)cc1,-6.814
CHEMBL4435138,Cn1ncc(Cl)c1-c1cc(C(=O)N[C@H]2C[NH2+]CC[C@@H]2c2ccc(C(F)(F)F)cc2)oc1Cl,-6.814
CHEMBL226381,Cc1n[nH]c2c[n+]([O-])c(-c3cncc(OC[C@@H]([NH3+])Cc4ccccc4)c3)cc12,-6.812
CHEMBL3696264,O=C(Cc1nc(N2CCOCC2)cc(=O)[nH]1)Nc1ccc(F)c(C(F)(F)F)c1,-6.807
CHEMBL3896910,CCN(CC)CCn1cc(-c2ccc(F)c(C)c2)[nH+]c1C1CCN(c2ncnc(N)c2C#N)CC1,-6.805
CHEMBL227325,Cc1n[nH]c2ccc(-c3cncc(OC[C@@H]([NH3+])Cc4ccc5c(c4)OCO5)c3)cc12,-6.803
CHEMBL3950518,Nc1ncnc(N2CCC(c3nc(-c4ccc(C(F)(F)F)c(F)c4)cn3CC[NH+]3CCCC3)CC2)c1Br,-6.8
CHEMBL401622,Cn1nc(N)c2cc(-c3ccccc3)c(-c3ccc(C[NH+]4CCC(n5c(=O)[nH]c6ccccc65)CC4)cc3)nc21,-6.799
CHEMBL595944,Cc1occc1-c1nc(N)c(OC[C@@H]([NH3+])Cc2c[nH]c3ccccc23)cc1-c1cnc2[nH]nc(C)c2n1,-6.797
CHEMBL572417,Cc1cc(C)c(C[C@H]([NH3+])COc2cncc(-c3cc4c(C)n[nH]c4cn3)c2)c(C)c1,-6.795
CHEMBL227271,Cc1n[nH]c2ccc(-c3cncc(OC[C@@H]([NH3+])Cc4cccc(OC(F)(F)F)c4)c3)cc12,-6.792
CHEMBL3927877,N#Cc1c(N)ncnc1N1CCC(c2[nH+]c(-c3ccc(F)c(C(F)(F)F)c3)cn2CC[NH+]2CCCCC2)CC1,-6.79
CHEMBL2151926,O=C(Cc1nc(N2CCOCC2)cc(=O)[nH]1)Nc1ccc(F)c(Cl)c1,-6.789
CHEMBL263510,Cc1n[nH]c2ccc(-c3cncc(OC[C@@H]([NH3+])Cc4csc5ccccc45)c3)cc12,-6.788
CHEMBL1081852,[NH3+][C@H](CNc1ncc(-c2ccc3[nH]c(=O)oc3c2)s1)Cc1ccc(C(F)(F)F)cc1,-6.787
CHEMBL577377,[NH3+][C@H](COc1cncc(-c2ccc3c(c2)C(F)(F)C(=O)N3)c1)Cc1c[nH]c2ccccc12,-6.787
CHEMBL381785,CC(=O)Nc1ccc(-c2cncc(OC[C@@H]([NH3+])Cc3c[nH]c4ccccc34)c2)cc1,-6.785
CHEMBL3696295,O=C(Cc1nc(N2CCOCC2)cc(=O)[nH]1)Nc1cccc(F)c1O,-6.784
CHEMBL3699807,Cc1cccc(NC(=O)Cc2nc(N3CCOCC3)cc(=O)[nH]2)c1O,-6.778
CHEMBL3977147,Nc1ncnc(N2CCC(c3nc(-c4ccnc(C(F)(F)F)c4)cn3CC[NH+]3CCC3)CC2)c1Br,-6.776
CHEMBL3978717,Cn1cc(-c2ccc(F)c(C(F)(F)F)c2)[nH+]c1C1CCN(c2ncnc(N)c2-c2ccncc2)CC1,-6.77
CHEMBL381703,[NH3+][C@H](CNc1cnc(Cl)c(/C=C/c2ccncc2)c1)C[C@@H]1CNc2ccccc21,-6.769
CHEMBL227051,Cc1cc(C)c(C[C@H]([NH3+])COc2cncc(-c3ccc4[nH]nc(C)c4c3)c2)c(C)c1,-6.768
CHEMBL573393,[NH3+][C@H](COc1cncc(-c2ccc3ncccc3c2)c1)Cc1c[nH]c2ccccc12,-6.766
CHEMBL3672535,N#Cc1cccc(-c2ccc3nn4cc(-c5ccccc5)c(-c5ccc(C6([NH3+])CCC6)cc5)nc4c3c2)c1,-6.765
CHEMBL3952378,Nc1ncnc(N2CCC(c3nc(-c4ccc(F)c(Cl)c4)cn3CC[NH+]3CCCC3)CC2)c1C1CCC1,-6.764
CHEMBL3912471,CCOc1c(N)ncnc1N1CCC(c2nc(-c3ccc(F)c(C(F)(F)F)c3)cn2CC[NH2+]C(C)C)CC1,-6.762
CHEMBL3932730,Nc1cc(N2CCC(c3nc(-c4ccc(F)c(C(F)(F)F)c4)cn3CC[NH+]3CCCC3)CC2)ncn1,-6.762
CHEMBL4439720,Cn1ncc(Br)c1-c1oc(C(=O)N[C@@H]2C[NH2+]CC[C@H]2c2ccc(Cl)cc2)cc1Br,-6.76
CHEMBL3684451,O=C(c1ccccc1F)N1CC[NH+](Cc2ccc(-c3nnc4n3-c3cccnc3Nc3ccccc3-4)cc2)CC1,-6.758
CHEMBL1761072,Cc1noc(C)c1S(=O)(=O)N(CCOC(C)C)C[C@@H](O)C[N@H+]1CCC[C@]2(CC(=O)c3cc(O)ccc3O2)C1,-6.757
CHEMBL4554668,Cn1ncc(Cl)c1-c1cc(C(=O)N[C@@H]2C[NH2+][C@H](CC(=O)NCCO)C[C@H]2c2ccc(Cl)c(Cl)c2)oc1Cl,-6.75
CHEMBL3899177,CCc1c(N)nc[nH+]c1N1CCC(c2[nH+]c(-c3ccc(F)c(C(F)(F)F)c3)cn2CC[NH+]2CCCCC2)CC1,-6.748
CHEMBL3970663,Cc1cc(-c2cn(CC[NH2+]C(C)(C)C)c(C3CCN(c4ncnc(N)c4-c4cn[nH]c4)CC3)[nH+]2)ccc1F,-6.744
CHEMBL574087,CCc1n[nH]c2ccc(-c3cncc(OC[C@@H]([NH3+])Cc4c[nH]c5ccccc45)c3)cc12,-6.742
CHEMBL1081853,[NH3+][C@H](CNc1ncc(-c2ccc3[nH]c(=O)sc3c2)s1)Cc1ccc(C(F)(F)F)cc1,-6.741
CHEMBL205415,[NH3+][C@@H](Cc1c[nH]c2ccccc12)C(=O)Nc1cncc(/C=C/c2ccncc2)c1,-6.737
CHEMBL1081831,[NH3+][C@H](CNc1ncc(-c2ccc3c(c2)CC(=O)N3)s1)Cc1ccc(C(F)(F)F)cc1,-6.735
CHEMBL3971065,C[C@@H]1Cc2c(Br)cccc2N1C(=O)Cc1nc(N2CCOCC2)cc(=O)[nH]1,-6.735
CHEMBL1081628,[NH3+][C@H](CNc1nnc(-c2ccc3[nH]ncc3c2)s1)Cc1ccc(C(F)(F)F)cc1,-6.734
CHEMBL593490,Cc1n[nH]c2ccc(-c3cc(OC[C@@H]([NH3+])Cc4c[nH]c5ccccc45)cnc3-c3ccoc3)cc12,-6.731
CHEMBL579246,[NH3+][C@H](COc1cncc(-c2ccc3c(c2)CC(=O)N3)c1)Cc1c[nH]c2ccccc12,-6.729
CHEMBL206208,[NH3+][C@H](COc1cncc(C#Cc2ccncc2)c1)Cc1c[nH]c2ccccc12,-6.728
CHEMBL3940627,Nc1ncnc(N2CCC(c3nc(-c4ccc(F)c(F)c4)cn3CC[NH+]3CCCC3)CC2)c1Cl,-6.726
CHEMBL3924930,CCOc1c(N)ncnc1N1CCC(c2[nH+]c(-c3ccc(F)c(C)c3)cn2CCO)CC1,-6.717
CHEMBL383541,[NH3+][C@H](COc1cncc(/C=C/c2ccncc2)c1)Cc1c[nH]c2ccccc12,-6.717
CHEMBL603197,Cc1n[nH]c2cnc(-c3cc(OC[C@@H]([NH3+])Cc4c[nH]c5ccccc45)cnc3-c3ccoc3)nc12,-6.71
CHEMBL3956468,Nc1ncnc(N2CCC(c3nc(-c4ccc(F)c(C(F)(F)F)c4)cn3CC[NH+]3CCCCC3)CC2)c1Br,-6.709
CHEMBL415220,Cc1n[nH]c2ccc(-c3cncc(OC[C@@H]([NH3+])Cc4cccc(OCCN5CCOCC5)c4)c3)cc12,-6.707
CHEMBL3967010,N#Cc1c(N)ncnc1N1CCC(c2[nH+]c(-c3ccc(F)c(Cl)c3)cn2CC[NH+]2CCCC2)CC1,-6.703
CHEMBL3672082,Cc1cccc(-c2n[nH]c(C3C[NH+](Cc4ccc(-c5nc6nc(-c7ccccn7)nn6c(NC(C)C)c5-c5ccccc5)cc4)C3)n2)n1,-6.7
CHEMBL3696234,CCOC(=O)Cc1nc(N2CCOCC2)cc(=O)[nH]1,-6.699
CHEMBL2177821,Nc1ncccc1-c1nc2cccnc2n1-c1ccc(CNC(=O)Cc2ccccc2)cc1,-6.695
CHEMBL3672527,NC(=O)c1cccc(-c2ccc3c(c2)nn2cc(-c4ccccc4)c(-c4ccc(C5([NH3+])CCC5)cc4)nc32)c1,-6.695
CHEMBL3978853,C[NH2+]CCn1cc(-c2ccnc(C(F)(F)F)c2)nc1C1CCN(c2ncnc(N)c2[C@@H]2C=NOC2)CC1,-6.694
CHEMBL607374,Cc1n[nH]c2ccc(-c3cc(OC[C@@H]([NH3+])Cc4c[nH]c5cc(F)ccc45)cnc3-c3ccoc3)cc12,-6.692
CHEMBL3672069,CNc1c(-c2ccccc2)c(-c2ccc(C[NH+]3CC(c4nc(-c5ccccn5)n[nH]4)C3)cc2)nc2nccn12,-6.69
CHEMBL3929608,Cn1cc(-c2ccc(F)c(C(F)(F)F)c2)[nH+]c1C1CCN(c2ncnc(N)c2-c2cncnc2)CC1,-6.69
CHEMBL203275,[NH3+][C@H](COc1cncc(/C=C/c2cc[nH+]c(NC3CC3)c2)c1)Cc1c[nH]c2ccccc12,-6.685
CHEMBL3934916,Cc1cc(-c2cn(CC[NH2+]C3CCCC3)c(C3CCN(c4ncnc(N)c4C(N)=O)CC3)n2)ccc1F,-6.682
CHEMBL3112854,O=C(Cc1nc(N2CCOCC2)cc(=O)[nH]1)N1CCc2c(OC(F)(F)F)cccc21,-6.68
CHEMBL3893943,O=C(Nc1csc(-c2nncn2C2CC2)n1)c1cc(-n2cnc(C3CC3)c2)c(N2CCCOCC2)cn1,-6.674
CHEMBL382914,CCNc1cc(/C=C/c2cncc(OC[C@@H]([NH3+])Cc3c[nH]c4ccccc34)c2)cc[nH+]1,-6.67
CHEMBL229968,Cc1n[nH]c2ccc(-c3cncc(OC[C@@H]([NH3+])Cc4ccc(Cl)c(Cl)c4)c3)cc12,-6.668
CHEMBL3958964,Cn1cc(-c2ccc(F)c(C(F)(F)F)c2)[nH+]c1C1CCN(c2ncnc(N)c2-c2cccnc2)CC1,-6.667
CHEMBL3701749,[NH3+][C@]1(c2ccc(-c3nc4n(c3-c3ccccc3)COc3cnccc3-4)cc2)C[C@](O)(C2CC2)C1,-6.664
CHEMBL409880,Cc1c[nH]c2ncnc(Nc3ccccc3-c3nc[nH]n3)c12,-6.658
CHEMBL3112862,C[C@@H]1Cc2ccccc2N1C(=O)Cc1nc(N2CCOCC2)cc(=O)[nH]1,-6.658
CHEMBL3112867,C[C@@H]1Cc2ccccc2N1C(=O)Cc1nc(N2CCOCC2)cc(=O)[nH]1,-6.658
CHEMBL3895789,Nc1ncnc(N2CCC(c3nc(-c4ccc(F)c(C(F)(F)F)c4)cn3CC[NH+]3CCCC3)CC2)c1F,-6.655
CHEMBL4583911,Cn1ncc(Cl)c1-c1oc(C(=O)N[C@@H]2C[NH2+]CC[C@H]2c2ccc(Cl)cc2)cc1Br,-6.655
CHEMBL3696275,O=C(Cc1nc(N2CCOCC2)cc(=O)[nH]1)Nc1cc(F)c(F)cc1F,-6.654
CHEMBL3672035,Fc1ccc(-c2cn3ccnc3nc2-c2ccc(C[NH+]3CCC(c4cnc5ccccc5n4)CC3)cc2)cc1,-6.65
CHEMBL3805319,Cn1ncc(Cl)c1-c1c(Cl)c(C(=O)NC2(c3ccc(Cl)c(Cl)c3)CC[NH2+]CC2)n(C)c1Cl,-6.65
CHEMBL1761085,CCOCCN(C[C@@H](O)C[N@@H+]1CCC[C@]2(CCc3cc(O)ccc3O2)C1)S(=O)(=O)c1c(C)cccc1C,-6.647
CHEMBL3968742,N#Cc1c(N)ncnc1N1CCC(c2nc(-c3ccnc(C4CC4)c3)cn2CC[NH+]2CCC2)CC1,-6.646
CHEMBL3981833,C[C@H]1Cc2ccccc2N1C(=O)Cc1nc(N2CCO[C@@H](CF)C2)cc(=O)[nH]1,-6.642
CHEMBL3703124,[NH3+]C1(c2ccc(-c3nc4ccc(-c5cn[nH]c5)cn4c3-c3ccccc3)cc2)CCC1,-6.64
CHEMBL1079626,Cn1ncc2ccc(-c3cnc(NC[C@@H]([NH3+])Cc4ccc(C(F)(F)F)cc4)s3)cc21,-6.639
CHEMBL2151821,O=C(Cc1nc(N2CCOCC2)cc(=O)[nH]1)Nc1ccc(F)cc1,-6.638
CHEMBL493250,CCn1c(-c2nonc2N)nc2c(-c3ccccc3)ncc(OCCC[NH3+])c21,-6.638
CHEMBL3672492,NC(=O)c1cccc(-c2cnc3cc(-c4ccccc4)c(-c4ccc(C5([NH3+])CCC5)cc4)nn23)c1,-6.638
CHEMBL226577,COc1ccc(F)cc1C[C@H]([NH3+])COc1cncc(-c2ccc3[nH]nc(C)c3c2)c1,-6.637
CHEMBL3696239,O=C(Cc1nc(N2CCOCC2)cc(=O)[nH]1)Nc1cc(F)cc(F)c1,-6.629
CHEMBL3976247,CCOc1c(N)ncnc1N1CCC(c2nc(-c3ccc(F)c(C(F)(F)F)c3)cn2CC[NH+](C)C)CC1,-6.624
CHEMBL1081830,Nn1n[nH+]c2ccc(-c3cnc(NC[C@@H]([NH3+])Cc4ccc(C(F)(F)F)cc4)s3)cc21,-6.623
CHEMBL2151927,COc1cc(NC(=O)Cc2nc(N3CCOCC3)cc(=O)[nH]2)ccc1F,-6.622
CHEMBL3935564,C[C@@H]1CN(c2cc(=O)[nH]c(CC(=O)Nc3ccc(F)cc3)n2)CCO1,-6.622
CHEMBL3696270,O=C(Cc1nc(N2CCOCC2)cc(=O)[nH]1)Nc1ccc(F)c(OC(F)(F)F)c1,-6.62
CHEMBL470200,[NH3+]C[C@H](NC(=O)c1cc(-c2ccccc2)c(-c2ccnc3[nH]ccc23)s1)c1ccccc1,-6.619
CHEMBL523695,CCn1c(-c2nonc2N)nc2cncc(C(=O)N3CC[C@@H]([NH3+])C3)c21,-6.617
CHEMBL1081296,[NH3+][C@H](CNc1ncc(-c2ccc3cncnc3c2)s1)Cc1ccc(C(F)(F)F)cc1,-6.613
CHEMBL3926246,COC(=O)c1ccc(-c2c(N)nc[nH+]c2N2CCC(c3nc(-c4ccc(F)c(C(F)(F)F)c4)cn3CC[NH+]3CCCC3)CC2)cc1,-6.612
CHEMBL3944201,Nc1ncnc(N2CCC(c3nc(-c4ccc(F)c(F)c4)cn3CC[NH+]3CCCC3)CC2)c1Br,-6.612
CHEMBL595459,Cc1occc1-c1nc(N)c(OC[C@@H]([NH3+])Cc2c[nH]c3ccccc23)cc1-c1cc2c(C)n[nH]c2cn1,-6.611
CHEMBL3672036,Cc1cccc(-c2n[nH]c(C3C[NH+](Cc4ccc(-c5nc6nc(C)nn6cc5-c5ccc(F)cc5F)cc4)C3)n2)n1,-6.611
CHEMBL3923786,C=C(C)c1c(N)ncnc1N1CCC(c2nc(-c3ccc(F)c(C(F)(F)F)c3)cn2CC[NH+]2CCCCC2)CC1,-6.608
CHEMBL3703169,COc1cc(-c2cn[nH]c2)cn2c(-c3ccccc3)c(-c3ccc(C4([NH3+])CCC4)cc3)nc12,-6.607
CHEMBL3672017,FC(F)(F)c1ccc2[nH]c(C3CC[NH+](Cc4ccc(-c5nc6ccnn6cc5-c5ccccc5)cc4)CC3)nc2c1,-6.605
CHEMBL3414677,CC(C)CCC[C@@]1(C)CCc2cc(O)cc(C(F)(F)F)c2O1,-6.605
CHEMBL402199,Nc1ncnc2nc(-c3ccc(C[NH+]4CCC(n5c(=O)[nH]c6ccccc65)CC4)cc3)c(-c3ccccc3)cc12,-6.604
CHEMBL376792,Cc1n[nH]c2ccc(-c3cncc(OC[C@@H]([NH3+])Cc4c(F)cc(F)cc4Br)c3)cc12,-6.604
CHEMBL3931504,C=Cc1c(N)ncnc1N1CCC(c2[nH+]c(-c3ccc(F)c(C(F)(F)F)c3)cn2CC[NH+]2CCC2)CC1,-6.601
CHEMBL376570,Cc1[nH]nc2cnc(-c3cncc(OC[C@@H]([NH3+])Cc4ccccc4)c3)cc12,-6.601
CHEMBL4574111,Nc1cccc(-c2ccc3nc(-c4cccnc4N)n(-c4ccc(C5([NH3+])CCC5)cc4)c3n2)c1,-6.601
CHEMBL2151932,Cn1c(CC(=O)Nc2ccc(F)c(F)c2)nc(N2CCOCC2)cc1=O,-6.597
CHEMBL3699811,C[C@H]1CN(C(=O)Cc2nc(N3CCOCC3)cc(=O)[nH]2)c2ccccc21,-6.595
CHEMBL1823630,[NH3+][C@H](CNc1nnc(-c2ccc3c(c2)CC(=O)N3)s1)Cc1ccc(C(F)(F)F)cc1,-6.593
CHEMBL3672542,[NH3+]C1(c2ccc(-c3nc4c5cc(-c6cn[nH]c6)ccc5nn4cc3-c3ccccc3)cc2)CCC1,-6.592
CHEMBL3917496,C[C@@H]1Cc2c(ccc(F)c2F)N1C(=O)Cc1nc(N2CCOCC2)c(F)c(=O)n1C,-6.59
CHEMBL276130,CSc1ncc2cc(-c3ccccc3)c(-c3ccc(C[NH2+]CCC(N)=O)cc3)nc2n1,-6.59
CHEMBL1082016,Cn1c(=O)[nH]c2ccc(-c3cnc(NC[C@@H]([NH3+])Cc4ccc(C(F)(F)F)cc4)s3)cc21,-6.584
CHEMBL3672068,Cc1cccc(-c2n[nH]c(C3C[NH+](Cc4ccc(-c5nc6nc(C)c(Br)n6cc5-c5ccccc5)cc4)C3)n2)n1,-6.583
CHEMBL593573,CCNc1nc(-c2ccoc2)c(-c2cnc3[nH]nc(C)c3n2)cc1OC[C@@H]([NH3+])Cc1ccccc1,-6.581
CHEMBL376118,Cc1[nH]nc2ccc(-c3cncc(OC[C@@H]([NH3+])Cc4cc(Cl)cc(Cl)c4)c3)cc12,-6.581
CHEMBL3905309,Cc1cc(-c2cn(CC[NH+]3CCCC3)c(C3CCN(c4ncnc(N)c4C(N)=O)CC3)[nH+]2)ccc1F,-6.58
CHEMBL3699800,O=C(Cc1nc(N2CCOCC2)cc(=O)[nH]1)Nc1cccc(Br)c1O,-6.576
CHEMBL3928308,C[C@@H]1CN(c2cc(=O)[nH]c(CC(=O)N3CCc4c(F)cccc43)n2)CCO1,-6.575
CHEMBL227324,Cc1n[nH]c2ccc(-c3cncc(OC[C@@H]([NH3+])Cc4ccc(OC(F)(F)F)cc4)c3)cc12,-6.574
CHEMBL1760768,Cc1cccc(C)c1S(=O)(=O)NC[C@@H](O)C[N@@H+]1CCC[C@@]2(CCN(c3[nH+]cnc(N)c3C3CC3)C2)C1,-6.573
CHEMBL3112856,O=C(Cc1nc(N2CCOCC2)cc(=O)[nH]1)N1CCc2c(-c3ccccn3)cccc21,-6.571
CHEMBL3701727,[NH3+][C@]1(c2ccc(-c3nc4n(c3-c3ccccc3)COc3ccccc3-4)cc2)C[C@](O)(C2CC2)C1,-6.565
CHEMBL2016889,Cc1c(NCC[NH+]2CCCC2)cc(CCC(C)(C)C)cc1[NH+]1CCN(c2ncnc3[n-]nc(Br)c23)CC1,-6.561
CHEMBL3639951,O=C(Cc1nc(N2CCOCC2)cc(=O)[nH]1)Nc1cccc(F)c1F,-6.56
CHEMBL3112855,O=C(Cc1nc(N2CCOCC2)cc(=O)[nH]1)N1CCc2c(-c3ccccc3)cccc21,-6.559
CHEMBL379849,O=C1/C(=C/c2ccccc2F)CNC/C1=C\c1ccccc1F,-6.558
CHEMBL3696289,O=C(Cc1nc(N2CCOCC2)cc(=O)[nH]1)Nc1ccc(F)c(C(F)F)c1,-6.557
CHEMBL3696296,C#Cc1cc(NC(=O)Cc2nc(N3CCOCC3)cc(=O)[nH]2)ccc1F,-6.552
CHEMBL1081105,[NH3+][C@H](CCc1cc(-c2ccc3cnccc3c2)no1)Cc1ccc(C(F)(F)F)cc1,-6.547
CHEMBL3931890,C[C@@H]1Cc2c(ccc(F)c2F)N1C(=O)Cc1nc(N2CCOCC2)c(F)c(=O)[nH]1,-6.545
