DrugGEN-NoTarget_MOL_ID,SMILES,DOCKING_SCORE
MOL_03_007504,[NH3+][C@@H]1CCC[C@@H](c2cc[nH+]cc2N[C@H](O)c2ccc(F)c(-c3c(F)ccc(O)c3F)n2)C1,-9.764
MOL_03_005352,C[C@H](N[C@H](O)C1([NH3+])CCN(c2ncnc(N)c2Cl)CC1)c1ccc(Cl)cc1,-9.72
MOL_03_002075,Nc1ncnc2c1ncn2[C@@H]1O[C@@H](CS[C@@H](CC[NH3+])CCCCC[NH2+]CCC[NH3+])[C@H](O)[C@@H]1O,-9.58
MOL_03_009775,COc1cc([C@H](O)[NH2+][C@@H]2CC[C@@H](O)N(C[C@H](O)[NH2+][C@H](CCCCN[C@H](O)c3ccccc3)[C@H](O)OC)[C@H]2O)cc(OC)c1OC,-9.532
MOL_03_005162,COc1ccc(CC[C@H](O)[NH2+]C[C@H](O)N(C)c2ccc(SC)c(COc3cccc4ccc(C)nc34)c2SC)cc1,-9.41
MOL_03_008909,Nc1nc(N)c2ncn(OCCCC[P+](O)(O)O)c2n1,-9.296
MOL_03_009929,Nc1ncnc2c1ncn2[C@@H]1O[C@@H](CO[P+](O)(O)C(O)O)[C@@H](O)[C@H]1O,-9.272
MOL_03_009910,Nc1ncnc2c1ncn2[C@@H]1O[C@@H](C[C@H]([NH3+])CC2CCCCC2)[C@@H](O)[C@H]1O,-9.208
MOL_03_000744,[NH3+][C@H](O)C[C@@H]1[C@@H](O)N(c2ccccc2)[C@@H](S)N1N[C@H](O)c1ccccc1,-9.19
MOL_03_009963,Nc1ncnc2c1ncn2[C@@H]1O[C@@H](CSCCC[NH2+][C@H](O)Cc2ccccc2)[C@@H](O)[C@H]1O,-9.186
MOL_03_002973,C[N@H+](CCC[NH2+][C@H](O)Nc1ccc(C(C)(C)C)cc1)C[C@@H]1O[C@@H](n2ccc3c(N)ncnc32)[C@@H](O)[C@H]1O,-9.138
MOL_03_006486,C[C@H](O)[C@H]([NH2+][C@H](O)CCc1ccccc1)[C@H]([O-])[NH2+][C@H](Cc1ccccc1)[C@H]([O-])[NH2+][C@H](CC[C@H]([NH3+])O)C(O)O,-9.103
MOL_03_000599,CN1c2ccccc2[C@@H](c2ccccc2)N[C@@H]([NH2+][C@H](O)Nc2ccc(C(O)O)cc2)[C@H]1O,-9.051
MOL_03_007122,Nc1ncnc2c1ncn2[C@@H]1O[C@@H](CO[P+](O)(O)O[P+](O)(O)OC[C@@H]2O[C@@H](N3CCC[C@@H]([C@H]([NH3+])O)C3)[C@@H](O)[C@H]2O)[C@@H](O)[C@H]1O,-9.043
MOL_03_001935,C[N@H+]1C[C@@H]([O-])[NH2+][C@H]1N[C@H](O)Nc1cccc(C#N)c1,-9.031
MOL_03_000954,O[C@H](N[C@@H]1N[C@@H](c2ccccc2F)c2ccccc2N[C@H]1O)c1ccccc1Cl,-9.024
MOL_03_008240,O[C@H](Nc1cccc(C(F)(F)F)c1)[NH2+]C1CCN(Cc2ccccc2Cl)CC1,-8.996
MOL_03_006936,Cc1ccc([C@H](O)Nc2cc(OCC[NH+](C)C)cc(C(F)(F)F)c2)cc1Nc1ncnc2cnc(N3CCSCC3)nc12,-8.925
MOL_03_008165,Oc1cccc(C[C@@H]2C[NH2+]C[C@@H](Cc3cccc(O)c3)C2O)c1,-8.905
MOL_03_006817,COc1ccc([C@H](C[C@H]([NH3+])O)N2[C@H](O)c3ccccc3[C@@H]2O)cc1OC,-8.898
MOL_03_004894,OC(O)CC[C@H](NN[C@H](O)C[NH2+][C@H](O)Cc1ccccc1)c1ccccc1,-8.882
MOL_03_006993,Nc1ncnc2c1ncn2[C@@H]1O[C@@H](CNC2=C(O)C(O)=C2Nc2cccc(N(O)O)c2)[C@@H](O)[C@H]1O,-8.866
MOL_03_000098,CC(C)(C)[NH2+][C@H]([O-])[C@@H]1C[N@H+](Cc2cccnc2)CCN1C[S@@+](O)C[C@H](Cc1ccccc1)[C@H](O)[NH2+][C@@H]1c2ccccc2C[C@H]1O,-8.85
MOL_03_002266,[NH3+][C@H](NO)c1ccc(CCc2cc(O)cc(O)c2)cc1,-8.839
MOL_03_002836,O=c1[nH]ccc2cc(OC[C@@H]3CCC[NH2+]C3)ccc12,-8.838
MOL_03_005374,Cc1ccc(OC[C@@H]2O[C@@H](n3c4ncnc(N)c4c4c(=O)[nH]c(=O)[nH]c43)[C@@](C)(O)[C@H]2O)cc1,-8.836
MOL_03_001048,N[NH2+]N[C@@]1(CO)O[C@@H](n2cnc3c(=O)[nH]cnc32)[C@@H](O)[C@H]1O,-8.834
MOL_03_000427,OC(O)C[C@H](N[C@H](O)c1cccc(-c2ccccc2Cl)n1)c1cccc(F)c1,-8.82
MOL_03_002739,N[C@@H]([NH3+])N[C@H](O)c1cnn(-c2cccc3ncccc23)c1C1CC1,-8.793
MOL_03_005781,CC[NH2+][C@H](O)NC[C@@H]1Cc2ccccc2CN1[C@H](O)[C@H]([NH3+])Cc1c(C)cc(O)cc1C,-8.777
MOL_03_002255,Cc1ccc(N[C@H](O)C[C@H]([NH3+])NO)cc1Cl,-8.772
MOL_03_007501,C[C@@H]1C[C@@H]([NH3+])CN(c2cc[nH+]cc2N[C@H](O)c2csc(-c3c(F)cccc3F)n2)C1,-8.765
MOL_03_005631,N[C@@H]([NH3+])N[C@H]([NH3+])NCc1ccccc1Cl,-8.764
MOL_03_008412,C[C@H](O)O[C@H](C[C@@H]1O[C@@H](n2cnc3c(N)ncnc32)[C@@H](O)[C@H]1O)[P+](O)(O)O,-8.748
MOL_03_008802,CC(C)([NH2+][C@H]([O-])c1cc2ccccc2s1)[C@H](O)N[C@H](Cc1ccccc1)[C@H]([O-])[NH2+]CCOCCOCC[NH3+],-8.739
MOL_03_004205,CO[C@H](O)c1c(O)cc(O)c(Cl)c1CC[C@H](O)Nc1ncccc1Cl,-8.734
MOL_03_007402,CCC(CC)[C@H](O)Nc1cc(N[C@H](O)CCc2ccc(O)c(O)c2)ccc1O,-8.732
MOL_03_001897,Cc1ccccc1NN[C@H]([C@@H]1[NH2+]CC[N@H+]1Cc1ccc(Cl)nc1)N(O)O,-8.711
MOL_03_004489,CCc1[nH+]c2ccc([C@H](O)NCc3ccc4c(c3)OCO4)cn2c1N(CCC(C)C)CC[NH+](C)C,-8.71
MOL_03_004263,CC[N@H+](Cc1ccccc1)C[C@H](O)N[C@H](O)[NH2+]C1CCCCC1,-8.685
MOL_03_001159,CN(C)c1ccc([C@H](O)[NH2+]C[C@H](O)O[C@H](c2ccccc2)[C@H](O)Nc2cc(C(F)(F)F)ccc2Cl)cc1,-8.674
MOL_03_006654,Nc1ncnc2c1ncn2[C@@H]1O[C@@H]([C@H](O)NC2CC2)[C@@H](O)[C@H]1O,-8.655
MOL_03_009478,Nc1nccc(N2CCC3(CC2)C[NH2+]C3)n1,-8.645
MOL_03_007132,CCCCCCCC[C@]1(Cc2ccc(OC)cc2)[C@H](O)N[C@H](O)N[C@@H]1O,-8.627
MOL_03_001433,O[C@@H]1Nc2cnccc2CN1C1CC[NH+]([C@H](O)N[C@@H]2N[C@@H](c3ccccc3)c3ccccc3N(CC(F)(F)F)[C@H]2O)CC1,-8.609
MOL_03_004107,Cc1[nH]c(=O)[nH]c(=O)c1CC[C@H](O)[NH2+][C@H](CO)[C@H](O)c1ccc(N(O)O)cc1,-8.603
MOL_03_005484,CC(C)C[C@H]([NH2+][C@H](O)CCc1ccc(F)cc1)[C@H](O)N[C@H](CCc1ccccc1)[C@H](O)Nc1cc[nH+]c2cc(Cl)ccc12,-8.599
MOL_03_000395,CO[C@H](O)N[C@H](C[C@H](O)[NH+]1CCC(Cn2c(C)nc3cnccc32)CC1)c1ccccc1,-8.592
MOL_03_007049,O[C@H](N[C@@H]1CCC[NH2+]C1)c1cc(N[C@H](O)c2cc(-c3ncccc3F)ccc2Cl)n(-c2ccccc2)n1,-8.582
MOL_03_001510,Cn1cc([C@H]2[C@H](c3cn(CCCS[C@@H](N)[NH3+])c4ccccc34)[C@H]([O-])[NH2+][C@@H]2O)c2ccccc21,-8.581
MOL_03_009228,[O-]c1cccc(C(O)O)c1[C@@H](O)c1c(O)cc([C@@H](O)N[C@@H]2C[NH2+]C[C@H]2N[C@@H](O)c2ccc(O)cc2)cc1O,-8.575
MOL_03_006950,C[C@H]([NH3+])CN[C@H](O)c1cc(N[C@H](O)c2cc(-c3ncccc3F)ccc2Cl)n(-c2ccccc2)n1,-8.562
MOL_03_007695,COc1ccccc1N[C@H](O)c1cc(N(O)O)ccc1N[C@@H]1CN(C)CC[N@H+]1C,-8.562
MOL_03_000444,COc1ccc(N(C[C@H](O)[NH2+]Cc2ccccc2)[C@H](O)CC[C@H](O)Nc2cc(C)cc[nH+]2)c(OC)c1,-8.541
MOL_03_009638,COc1cc(OC)cc([C@H](C[C@H]([NH3+])O)N2[C@H](O)c3ccccc3[C@@H]2O)c1,-8.535
MOL_03_004960,COc1cc(C[NH2+][C@H]([O-])c2cc(N[C@H](O)c3cc(-c4ccccn4)c(F)cc3Cl)n(-c3ccccc3)n2)ccn1,-8.532
MOL_03_004590,OC(O)c1cc(-c2ccccc2Cl)nc2c1cnn2Cc1ccncc1,-8.524
MOL_03_007994,[NH3+][C@@H]1[C@@H](Cc2ccc(-c3cccc(C(O)O)c3)o2)[C@@H](O)N[C@@H]2S[C@@H](C[C@H](O)N3CCOCC3)NN21,-8.508
MOL_03_000189,COc1cc(C[C@H](O)[NH2+]C2CCN(Cc3ccccc3)CC2)cc(OC)c1OC,-8.507
MOL_03_009235,Cc1cccc(C)c1OC[C@H](O)N[C@H](Cc1ccccc1)[C@H](O)C[N@@H+]1CC[C@@H](SCc2ccncc2)C[C@H]1[C@H](O)[NH2+]C(C)(C)C,-8.484
MOL_03_001420,[O-][C@@H]1[NH2+][C@H](O)[C@@H](Nc2cccc(C(O)O)c2)[C@@H]1c1ccccc1N(O)O,-8.481
MOL_03_009372,CN(C)c1ccc(C[NH2+][C@H](O)Nc2cccc3cnccc23)cc1,-8.478
MOL_03_005937,Cn1ncc(N[C@H](O)c2nc(-c3ccncc3F)sc2N)c1N1CC[C@@H]([NH3+])CC(F)(F)C1,-8.471
MOL_03_005612,O[C@H](CCN1[C@H](O)c2ccccc2[C@@H]1O)[NH2+]Cc1ccc(F)cc1,-8.462
MOL_03_000716,OC(O)[C@H](Cc1ccc(N[C@@H](O)c2c(Cl)cncc2Cl)cc1)N[C@H](O)c1c(Cl)cncc1Cl,-8.447
MOL_03_000470,C[NH2+][C@H](N[C@H]([NH3+])O)N[C@@H]1CCCc2cc(C)cnc21,-8.439
MOL_03_006460,OC[C@@H]1O[C@@H](C[C@H](O)[NH2+]Cc2ccccc2)CC[C@H]1[NH2+][C@H](O)Nc1ccc2c(c1)OCO2,-8.434
MOL_03_002522,Cc1c([C@H]([NH3+])[O-])sc2nc(-c3ccncc3)nc(NCC[NH3+])c12,-8.429
MOL_03_004064,CCO[C@H](O)C[NH2+][C@H](O)[C@H](CSC[C@@H]1c2ccccc2N[C@H]1O)N[C@H](O)CC[C@H]([NH3+])[C@H](O)OCC,-8.42
MOL_03_000090,Oc1ccc(C[C@@H]2CN[C@@H](O)[C@@H](O)N2CCc2cccc(F)c2)cc1,-8.413
MOL_03_003597,[NH3+]Cc1ccc([C@H](O)Nc2ccncc2F)cc1-c1cccc(N[C@H](O)c2ccc(C(O)O)cc2)c1,-8.41
MOL_03_009748,CC[C@H]([NH2+][C@H]([O-])[C@H](CC(C)C)N[C@H](O)OCc1ccccc1)[C@H](O)[C@H](O)NCCCn1cnc2c(N)ncnc21,-8.41
MOL_03_004218,N[C@@H]([NH3+])NNCc1c(-c2cc(N(O)O)c(Cl)cc2Cl)nc2sccn12,-8.409
MOL_03_005405,CC1(C)[NH2+][C@@H]([O-])[C@@H](Cc2ccc(O)cc2)[NH2+]1,-8.403
MOL_03_009691,Cc1cnc([C@H](O)N2CC[N@H+]3C[C@@H](OCc4cccnc4)C[C@H]3C2)cn1,-8.401
MOL_03_006770,O=c1[nH]ccc2cc(N[C@H](O)c3ccccc3)c(Cl)cc12,-8.4
MOL_03_007649,C[C@H](CCc1c(O)ccc([C@H](O)CCc2ccc(O)cc2)c1O)CO[C@H](O)CCc1ccc(O)cc1,-8.382
MOL_03_001414,N#Cc1c(N)n(CC[NH2+][C@H](O)Nc2ccccc2)c2nc3ccccc3[nH+]c12,-8.374
MOL_03_002480,Oc1ccc(C[C@@H](O)[NH2+]CCCC[NH2+][C@@H](O)Cc2ccc(O)c(O)c2)cc1O,-8.374
MOL_03_003486,Cc1c(Cc2ccc3c(c2)OCO3)sc(N[C@H](O)C2CC2)c1[C@H]([NH3+])O,-8.37
MOL_03_007733,OC[C@@H]1O[C@@H](CC[NH2+][C@H](O)Nc2ccc(F)cc2)CC[C@H]1[NH2+][C@H](O)Nc1cc(F)ccc1F,-8.366
MOL_03_005117,O[C@H](CCc1ccccc1)[NH2+][C@H](S)Nc1ccc(N2CCOCC2)c(Cl)c1,-8.363
MOL_03_009804,COc1ccc(C[C@@H]2S[C@@H](O)N(CC[NH2+][C@H](O)C[N@H+]3[C@@H]([O-])[NH2+]C4(CCCC4)[C@H]3[O-])[C@H]2O)cc1,-8.362
MOL_03_000213,O[C@H](Nc1sc2c(c1[C@H](O)[NH2+]Cc1ccco1)CCCC2)c1ccc2c(c1)OCO2,-8.353
MOL_03_004977,[NH3+][C@H]1CC[C@H]([C@H](O)Nc2cc3cc[nH]c(=O)c3cc2Cl)CC1,-8.345
MOL_03_001859,CC(C)[C@H](CO)[NH2+]Cc1nc(-c2ccnn2C)ccc1F,-8.343
MOL_03_000065,COc1ccc(N[C@H](O)C[S@@+](O)C[C@H](O)Nc2ccc(OC)c(OC)c2)cc1,-8.341
MOL_03_008460,Cc1ccc([C@H](O)Nc2ccc(C[NH+]3CCN(C)CC3)c(C(F)(F)F)c2)cc1-n1cc(-c2cnc3cccnn23)nn1,-8.34
MOL_03_006944,N[C@H](O)c1cc(Oc2ccc(N[C@H](O)Nc3ccc(Cl)c(C(F)(F)F)c3)cc2)cc[nH+]1,-8.33
MOL_03_004961,[NH3+][C@H](NNCc1c(O)cc(O)cc1O)c1ccncc1,-8.321
MOL_03_006545,OC(O)c1ccc(N[C@@H](O)c2cccc([C@@H](O)Nc3ccc(C(O)O)cc3)[nH+]2)cc1,-8.319
MOL_03_000669,[NH3+]CCCC[C@H]([NH2+][C@H]([O-])c1cc(F)cc(F)c1)[C@H](O)c1noc(Cc2ccc([C@H](O)NCCc3cccc(Cl)c3)cc2)n1,-8.314
MOL_03_002211,CCOc1ccccc1N[C@H](O)CS[C@@H]1Nc2ccccc2[C@@H]2[NH2+][C@@H](C[C@H](O)[NH2+]Cc3ccc4c(c3)OCO4)[C@@H]([O-])[N@H+]12,-8.307
MOL_03_004532,O[C@H](Nc1ccc(Oc2cc[nH+]c([C@H](O)Nc3cccnc3)c2)cc1)Nc1ccc(Cl)c(C(F)(F)F)c1,-8.296
MOL_03_008049,CCO[P+](O)(Cc1ccc(N[C@H](O)C[NH2+][C@H]([O-])[C@@H]2O[C@@H](n3cnc4c(N)ncnc43)[C@@H](O)[C@H]2O)cc1)OCC,-8.287
MOL_03_009285,O[C@H](CCc1ccc2c(c1)OCO2)[NH2+]CCCC[N@@H+]1CCC[C@@H]2C[C@H]3C[C@H](C[N@@H+]4CCCC[C@H]34)[C@H]21,-8.275
MOL_03_008216,Cc1nc([C@H](O)NN[C@H](O)c2cccc(C(F)(F)F)c2)cs1,-8.272
MOL_03_005678,N[C@H](O)c1cccc2c(N[C@@H](C[NH2+]N[NH3+])c3ccccc3)ncnc12,-8.268
MOL_03_003906,[NH3+][C@H](Cn1cncn1)NN[C@H](O)[C@H](O)Nc1cccc(C(F)(F)F)c1,-8.265
MOL_03_005713,C[N@@H+]([C@H](CC[C@H](O)[NH2+][C@@H]1CCCC[NH2+][C@H]1[O-])Cc1ccc(Cl)cc1)[C@H]([O-])c1cc(C(F)(F)F)cc(C(F)(F)F)c1,-8.253
MOL_03_004566,C[N@H+]1[C@@H](O)CC[C@]12CC[C@@H]([NH2+][C@H](O)NCc1cccnc1)CC2,-8.249
MOL_03_001569,Cn1cc(-c2ccc3c(c2)CC[NH2+][C@H]3NO)c(-c2ccncc2)n1,-8.249
MOL_03_006675,N[C@@H]([NH3+])NCCN[C@H](O)[C@@H]1C[C@@H](OCc2ccc3ccccc3c2)C[N@H+]1[C@H]([O-])[C@H](Cc1ccccc1)N[C@H](O)C1CC[NH2+]CC1,-8.242
MOL_03_007201,N[C@@H]([NH3+])Nc1ccc([C@H]([O-])[NH2+]CC[C@H](O)[NH2+][C@H](CC(O)O)[C@H]([O-])[NH2+][C@H](Cc2cccc3ccccc23)C(O)O)cc1,-8.234
MOL_03_007829,N[C@@H]([NH3+])NCCC[C@H]([NH2+][C@H](O)C1CC1)[C@@H](O)N[C@@H](CCCC[NH3+])[C@H](O)N[C@H](c1ccc(OCc2ccccc2)cc1)[C@H]([NH3+])[O-],-8.229
MOL_03_004828,N[C@@H]([NH3+])NCCC[C@H]([NH3+])[C@H](O)Nc1ccc(N(O)O)cc1,-8.218
MOL_03_009316,COc1ccc2cccc([C@H](O)[C@H](O)[C@@H]3CC[C@@H]([NH2+]Cc4ccc5c(n4)N[C@@H](O)CS5)CO3)c2n1,-8.2
MOL_03_008306,O[C@@H](Nc1cc(F)ccc1F)[NH2+]CC1CC[NH+](Cc2ccc(F)cc2)CC1,-8.192
MOL_03_006230,[NH3+][C@H](NO)NNCc1ccccc1F,-8.192
MOL_03_009863,[O-][C@@H]([NH2+][C@@H](CO)C(O)O)[C@H](Cc1ccccc1)N[C@H](O)OCc1ccccc1,-8.181
MOL_03_006411,C[NH+](C)CCCOc1ccc([C@H]([NH2+][C@H](O)c2ccc(-c3cccc(N[C@H](O)c4ccccc4)c3)o2)[C@H](O)N2CC[NH2+]CC2)cc1,-8.173
MOL_03_000635,CC(C)[C@@H]([NH2+][C@@H](O)[C@@H](C)C[C@@H](O)[C@@H](Cc1ccccc1)[NH2+][C@@H]([O-])[C@@H](C)N[C@@H](O)[C@@H]([NH3+])C(C)C)[C@H](O)NCc1ccncc1,-8.17
MOL_03_003191,C[C@@](O)(COc1ccc(F)cc1)[C@H](O)Nc1ccc(F)c(C(F)(F)F)c1,-8.168
MOL_03_000113,OC(CCCCc1ncc2ccccc2n1)([P+](O)(O)O)[P+](O)(O)O,-8.166
MOL_03_007555,Nc1ncnc2c1ncn2OCCOC[P+](O)(OCc1ccccc1)OCc1ccccc1,-8.165
MOL_03_006106,O[C@@H]1N[C@@H](O)N(Cc2ccc(F)cc2)[C@@H](O)[C@H]1C[NH2+]C[C@@H]1CCCO1,-8.163
MOL_03_003588,COc1cc(CC[C@H](O)OC[C@@H]2O[C@@H](O[C@@H]3OC[C@@H](C(O)O)[C@@H]4CC[C@@H](C(O)O)[C@H]34)[C@@H](O)[C@@H](O)[C@H]2O)ccc1O,-8.163
MOL_03_004159,ON[C@H](O)C[N@@H+](Cc1ccc(N(O)O)cc1)[C@H](O)Nc1cccc(Cl)c1,-8.16
MOL_03_008741,ON[C@@H](Cc1ccc2ccccc2c1)[C@@H](O)NCCSSCC[NH2+][C@@H](O)[C@@H](Cc1ccc2ccccc2c1)NO,-8.159
MOL_03_005228,Cn1cc([C@H]2[C@H](c3cn(CCC[NH+](C)C)c4ccccc34)[C@@H](O)[NH2+][C@H]2[O-])c2ccccc21,-8.158
MOL_03_009318,[NH3+][C@H](O)Cc1ccc([C@H](O)c2ccccc2F)s1,-8.148
MOL_03_008238,O[C@H](CC[NH2+][C@H](O)c1ccco1)Nc1ccc(OC(F)F)cc1,-8.145
MOL_03_008644,CCC[C@@H]1C[C@@H]([N@H+](C)C(C)C)CC[C@H]1[NH2+][C@H](O)C[NH2+][C@H]([O-])c1cccc(C(F)(F)F)c1,-8.13
MOL_03_005847,O[C@H](N[C@@H]1CNCC(F)(F)C1)c1cc(N[C@H](O)c2cc(-c3ncccc3F)c(F)cc2Cl)n(-c2ccccc2)n1,-8.125
MOL_03_009990,CC(C)(C)[C@H](O)CN1c2ccccc2N(C2CCCCC2)[C@@H](O)N(C[C@H](O)Nc2cccc(CCC(O)O)c2)[C@H]1O,-8.125
MOL_03_009491,CC[C@H](O)Nc1ccc([C@H](O)Nc2cc(Oc3ccc4c([C@H](O)[NH2+]C)cccc4c3)cc[nH+]2)cc1,-8.123
MOL_03_006677,CN[C@H](O)[C@H]([NH2+][C@H](C)O)c1ccc([C@H](O)Nc2cc(-c3cccs3)ccc2N)cc1,-8.122
MOL_03_007364,N[NH2+]NC[C@@H]1C[C@@H](c2ccc(N3CCOCC3)cc2)ON1,-8.119
MOL_03_008101,Cc1ccc(CNC[C@H]([NH2+][C@H](O)CN[C@H](O)c2cccc(C(F)(F)F)c2)[C@H](O)NCc2ccccc2)c(C)c1,-8.118
MOL_03_004985,CO[C@@H](O)[C@H]([C@H](O)[C@H](O)Nc1cccc(C(F)(F)F)c1)[C@@H](NN[C@H](S)NN)[C@@H](O)OC,-8.114
MOL_03_006091,CC1(C)[NH2+][C@@H]([O-])N(c2ccc(N(O)O)c(C(F)(F)F)c2)[C@H]1O,-8.112
MOL_03_004861,O[C@H](CNc1c2c([nH+]c3ccccc13)CCCC2)C[NH2+][C@H](O)CCCC[C@@H]1CCSS1,-8.11
MOL_03_005874,[NH3+][C@H](O)NNCc1c(O)ccc2ccccc12,-8.108
MOL_03_000643,Oc1cc(CCC[C@H](O)Nc2ccccc2-c2ccc(CC(O)O)s2)cc(O)c1O,-8.108
MOL_03_004517,O[C@H](CCCCc1ccc2c(c1)OCO2)[NH2+]C1CCCC1,-8.107
MOL_03_009666,N#CCCc1cccc(C(F)(F)[P+](O)(O)O)c1,-8.102
MOL_03_009036,Cn1ncc(N[C@H](O)c2nc(-c3c(F)cccc3F)sc2N)c1N1CC[NH2+]C[C@@]2(CCO2)C1,-8.097
MOL_03_007475,N[C@@H]([NH3+])Nc1nc([C@H](O)Nc2nc3ccc(-c4ccccc4)cc3s2)cs1,-8.094
MOL_03_009023,O[C@H](Nc1ccccc1)Nc1ccc2cnccc2c1Cl,-8.094
MOL_03_004402,CC[N@@H+](CCO)[C@@H]1C[C@@H](O)N(c2ccccc2C)[C@H]1O,-8.089
MOL_03_004912,CCc1ccc2nc(N(CC[NH+](C)C)[C@H](O)c3ccc4ncsc4c3)sc2c1,-8.081
MOL_03_007722,O[P+](O)(O)C(Nc1c(F)c(F)c(F)c(F)c1F)[P+](O)(O)O,-8.077
MOL_03_003924,C[C@H](O)N1CCC[C@@H]([C@H](O)[NH2+]CCc2csc(-c3ccncc3)n2)C1,-8.075
MOL_03_005982,O[C@@H]1N[C@@H](O)N(Cc2ccc(F)cc2)[C@@H](O)[C@H]1C[NH2+]CCCN1CCOCC1,-8.073
MOL_03_009725,COc1ccc(OC)c([C@H](O)N[C@H](C[C@H]([NH3+])O)c2ccc(NCc3ccc(F)c(F)c3)c(N(O)O)c2)c1,-8.072
MOL_03_007301,ON(O)c1cc(Oc2cccnc2)cc(N(O)O)c1,-8.067
MOL_03_000536,CN(C)c1cccc(C[NH2+]C[C@H](O)[C@H](Cc2cc(F)cc(F)c2)[NH2+][C@H]([O-])[C@@H]2C[N@H+](Cc3ccccc3)[C@@H]([O-])[NH2+]2)c1,-8.067
MOL_03_000922,CCc1cc(C)c(Oc2c(I)c(C)c(C[C@H]([NH3+])C(O)O)c(C)c2I)c(C)c1[C@H](O)c1ccccc1,-8.065
MOL_03_003464,[NH3+][C@H](NCCC[C@H]([NH2+][C@H]([O-])c1ccc(Cl)c(Cl)c1)[C@H](O)NO)NN(O)O,-8.064
MOL_03_002901,O[C@H](N[C@@H]1CC[NH2+]C1)c1cc(N[C@H](O)c2cc(-c3ccccn3)c(Cl)cc2Cl)n(-c2ccccc2)n1,-8.064
MOL_03_007674,CN1c2ccc(Cl)cc2[C@@H](c2ccccc2)N([C@H]([NH3+])O)C[C@H]1O,-8.059
MOL_03_005822,CCO[P+](O)(OCC)[C@H](Nc1ccc(Cl)c(N(O)O)c1)c1ccc(-c2ccncc2)cc1,-8.058
MOL_03_006720,O=c1[nH]cnc2c1ncn2[C@@H]1O[C@@H](CO[P+](O)(O)O[P+](O)(O)[C@@H]2O[C@@H](CO)[C@H](O)[C@H](O)[C@@H]2O)[C@H](O)[C@@H]1O,-8.056
MOL_03_001086,C[C@H](O)[NH2+][C@H](c1ccco1)[C@H](O)NCc1ccccc1,-8.047
MOL_03_005046,C[C@H]([NH2+][C@H](O)c1cccc(N2CCC[C@H]2O)c1)c1ccc2c(c1)OCCO2,-8.042
MOL_03_002156,O[C@@H]1N[C@@H](O)[C@@](CCc2ccncc2)(C2CCCCC2)[C@@H](O)N1,-8.04
MOL_03_001983,CO[C@H](O)[C@@H]1C[C@]2(C[C@@H](O)N(c3cc(C)cc(C)c3)[C@H]2O)N([NH2+][O-])[NH2+]1,-8.039
MOL_03_001964,[O-][C@H](COCc1ccccc1)[NH2+][C@@H](Cc1ccc(O)cc1)C(O)O,-8.031
MOL_03_001148,OCc1cc([C@H](O)C[NH2+]CCc2ccc(NC[C@H](O)c3ccccc3)cc2)ccc1O,-8.028
MOL_03_001406,N[C@@H]([NH3+])N[C@H](O)Cn1c(-c2ccc(F)cc2)ccc1-c1ccc2ccccc2c1,-8.023
MOL_03_003151,OC(O)C[C@H](N[C@H](O)c1cccc(-c2ccccc2F)n1)c1cccc(Cl)c1,-8.023
MOL_03_004511,CC(C)[C@H](O)OC[C@H](CCn1cnc2c(=O)[nH]c(N)nc21)CO[C@H](O)[C@H]([NH3+])C(C)C,-8.022
MOL_03_005029,O[C@H](Cc1cccc(-n2cccn2)c1)Nc1nnc(CCCCc2nnc(N[C@H](O)Cc3cccc(-n4cccn4)c3)s2)s1,-8.019
MOL_03_006279,CC[C@H](C)[C@H]([NH2+][C@H](O)[C@H](CC1CCCCC1)N[C@H](O)c1ccno1)[C@H](O)NCc1ccccc1C(F)(F)F,-8.012
MOL_03_000727,CNc1ncnc(-c2cccnc2Oc2ccc(F)c([C@H](O)Nc3cc(C(C)C)ccc3N(C)CCC[NH+](C)C)c2)n1,-8.011
MOL_03_000602,C[C@H](O)N1[C@@H](Cc2ccccc2)CC[C@]1(C)[C@H](O)[NH2+]Cc1cc(F)cc(C(F)(F)F)c1,-8.005
MOL_03_001460,COc1ccc([C@H](O)Nc2c(Cl)cncc2Cl)cc1OC1CCCCC1,-7.998
MOL_03_002793,O=c1[nH]c2cc(N(O)O)ccc2nc1[C@H](NN[C@H](O)c1ccncc1)[C@H](O)Nc1cccc(N(O)O)c1,-7.997
MOL_03_003348,CC[C@H](C)C[C@H](O)O[C@@H]1OC[C@@H](CO)[C@@H]2C[C@@H](O[C@H](O)CCc3ccc(O)cc3)[C@@](O)(CO)[C@H]12,-7.997
MOL_03_002728,COc1ccc(N[C@H](O)CO[C@H](O)C[N@@H+]2[C@H](O)[C@@H]3CCCC[C@@H]3[C@@H]2[O-])cc1OC,-7.997
MOL_03_005956,C[C@]1(CC[C@H](O)[N-]C2=C(O)CC=C(C(O)O)C2=[OH+])[C@@H](O)C[C@@H](S[C@H](O)c2cccc(F)c2)[C@@]23C[C@@H]4C[C@@H](O[C@]4(C)C2)[C@@H]13,-7.997
MOL_03_000448,CC(C)[C@H](N[C@H](O)[C@H](O)Nc1ccc(F)cc1)[C@H](O)[NH2+][C@H](CC(O)O)[C@H](O)COc1c(F)c(F)cc(F)c1F,-7.992
MOL_03_005885,C[C@]12CC[C@H]3c4ccc(O)cc4CC[C@H]3[C@@H]1C[C@@H]([C@H](O)[NH2+]Cc1ccncc1)[C@H]2O,-7.989
MOL_03_009429,[NH3+][C@H](O)[C@H](C[NH2+][C@H](O)[C@H](CN[C@H](O)[C@@H]1CCC[N@H+]1[C@H]([O-])[C@H]([NH3+])Cc1ccc(O)cc1)Cc1ccccc1)Cc1ccccc1,-7.988
MOL_03_009463,CC(C)(C)O[C@H](O)c1cc(O[C@H]2CC[C@H]([NH2+][C@H](O)Nc3ccc(Cl)c(C(F)(F)F)c3)CC2)cc[nH+]1,-7.985
MOL_03_003008,Oc1ccc(C[C@@H]2S[C@@H](Nc3nccs3)N[C@H]2O)cc1,-7.978
MOL_03_004312,O[C@H](NNCc1cccc(F)c1)[NH2+]C1CCCCC1,-7.975
MOL_03_002965,Cc1ccccc1N[C@H](O)C[N@@H+]1[C@@H]([O-])[NH2+][C@@](C)(CCc2ccccc2)[C@H]1[O-],-7.973
MOL_03_009671,CCO[P+](O)(OCC)Oc1ccc(Cl)cc1[C@H](O)Nc1cccc(C(F)(F)F)c1,-7.963
MOL_03_007874,CN(C)Cc1cc(Nc2cc(C(F)(F)F)nc(N[C@H]([NH3+])Nc3ccc(Oc4ccccc4)cc3)n2)ccc1O,-7.96
MOL_03_009622,Nc1ncnc2c1ncn2COCOC[P+](O)(O)O,-7.959
MOL_03_000486,CO[C@H](O)[C@H](c1cnc2ccccc2n1)[C@H](NO)[C@H](O)Nc1cccc(Cl)c1C,-7.954
MOL_03_002616,O[C@H](NCc1ccccc1)[NH2+]C[C@H](O)c1cccc(F)c1,-7.947
MOL_03_000050,[NH3+]CCCC[C@H](O[P+](O)(O)CCCCc1ccccc1)[C@H](O)N1CSC[C@H]1C(O)O,-7.941
MOL_03_001280,Cc1ccc2ncc(C[C@@](F)(C(O)O)[P+](O)(O)O)n2c1,-7.936
MOL_03_006736,C[C@H](N[C@H](O)CCc1cccc(O)c1)[P+](O)(O)C[C@H](CCC(O)O)C(O)O,-7.935
MOL_03_008514,Oc1ccc(C[C@@H]2S[C@@H](O)N(Cc3cccc(N(O)O)c3)[C@H]2O)cc1N(O)O,-7.934
MOL_03_007308,[O-][N@H+](O)N[C@@H]1N(CCOCC[N@@H+]2CCN(Cc3ccc(Cl)nc3)[C@H]2NN(O)O)CC[N@H+]1Cc1ccc(Cl)nc1,-7.933
MOL_03_002152,Cc1cc(-c2cccc([C@H](O)c3cc(O)cc(F)c3)n2)ccc1O,-7.933
MOL_03_003624,Nc1ncnc2c1[n-]c(=O)n2[C@@H]1O[C@@H](CO)[C@@H](O)[C@H]1O,-7.932
MOL_03_000584,CC1(C)N[C@@H]([NH3+])N[C@@H]([NH3+])N1OCCCOc1cc(Cl)c(Cl)cc1Cl,-7.931
MOL_03_006108,Cc1ccc(CC[NH2+][C@H](O)[C@H](O)Nc2ccc(Cl)cc2)cc1,-7.93
MOL_03_007454,C[NH+]1CCN(c2cccc3c2CN(c2csc(-c4ccncc4)n2)[C@@H](O)N3)CC1,-7.924
MOL_03_001761,[NH3+]C[C@H](O)c1ccc2c(c1)Cc1ccccc1-2,-7.922
MOL_03_004735,CO[C@H](O)N[C@H]1[C@H]([NH3+])C[C@H](c2cc[nH+]cc2N[C@H](O)c2ccc(F)c(-c3c(F)cccc3F)n2)C[C@@H]1C,-7.918
MOL_03_002547,C[NH2+][C@H](c1ccccc1)[C@H](O)N1CCC[C@H]1[C@H]([O-])[NH2+][C@H](CCCN[C@@H](N)[NH3+])[C@H](O)c1nc2ccccc2s1,-7.917
MOL_03_008138,Cc1cc([C@H]([NH3+])NO[C@H](O)Nc2cccc(C(F)(F)F)c2)no1,-7.915
MOL_03_000539,CN([C@H](O)C[C@H]([NH3+])CC1CCN([C@@H](N)[NH3+])CC1)[C@@H]1C[NH2+][C@@H](N[C@H]([NH3+])O)N[C@H]1O,-7.915
MOL_03_001231,Cc1cc(N)[nH+]c(C[C@@H]2C[NH2+]C[C@H]2NCC[NH2+]CCc2ccc(Cl)cc2)c1,-7.915
MOL_03_002180,ON[C@H](O)C[N@H+](Cc1ccc(N(O)O)cc1)[C@H](O)Nc1ccc(F)cc1F,-7.913
MOL_03_002099,Cc1c(N[C@H](O)[NH2+][C@H]([O-])c2c(F)cccc2F)ccc([S@@+](O)C(F)(F)C(F)F)c1C,-7.912
MOL_03_004553,C[C@H](C[NH3+])N[C@H](O)c1cc(N[C@H](O)c2cc(-c3ncccc3F)ccc2Cl)n(-c2ccccc2)n1,-7.91
MOL_03_001342,OC(O)C[N@@H+](Cc1ccccc1)Cc1ccc(C(O)O)c(C(O)O)c1,-7.909
MOL_03_004262,CCO[C@H](O)[C@H](C)N[P@@+](O)(Oc1ccccc1)O[C@H](C)[C@@H]1O[C@@H](n2ccc3c(N)ncnc32)[C@@](C)(O)[C@H]1O,-7.909
MOL_03_001417,O[C@H](Nc1ccc(Cl)c(Cl)c1)Nc1ncc(-c2ccncc2)s1,-7.907
MOL_03_001101,CC(C)(C[C@H](O)N[C@@H]1C[C@H]1c1cccc(Cl)c1)[NH2+]C[C@H](O)N1C[C@@H](F)C[C@H]1C#N,-7.906
MOL_03_007767,CN1c2ccccc2[C@@H](c2ccc([C@H]([NH3+])O)cc2)N[C@@H]([NH2+][C@H](O)CCCc2ccccc2)[C@H]1O,-7.906
MOL_03_009987,O[C@H](NCc1ccccc1F)c1ccc2ccccc2[nH+]1,-7.906
MOL_03_007186,CC(C)C[C@H](C[P+](O)(O)[C@H]([NH3+])CCc1ccccc1)[C@H](O)[NH2+][C@H](CCC(O)O)[C@H](N)O,-7.9
MOL_03_002642,OC(O)CCCC[C@H](O)[NH2+][C@H](CCS)[C@H](O)N[C@H](Cc1ccccc1)C(O)O,-7.9
MOL_03_008754,CN(C)CC[NH2+][C@H](O)C1Nc2cccc3cccc(c23)N1,-7.899
MOL_03_002664,CC(C)[C@H]([NH2+][C@H]([O-])c1ccc2ccccc2c1)[C@H](O)[NH2+][C@H](C)[C@H](O)N[C@H](CC(O)O)[C@H](O)COc1ccccc1,-7.898
MOL_03_000397,C[C@H]([NH2+][C@H](O)[C@H](O)Cc1ccc(O)c(O)c1)c1ccccc1,-7.898
MOL_03_008661,Cc1c(Cc2ccccc2)sc(C[C@H](O)CCC(O)O)c1[C@H]([NH3+])O,-7.897
MOL_03_002277,[O-][C@@H]([NH2+]C1(CCO)COC1)c1cc(N[C@H](O)c2cc(-c3ncccc3F)ccc2Cl)n(-c2ccccc2)n1,-7.897
MOL_03_009217,Cc1[nH+]c2ccc([C@H]([O-])[NH+]3CC[NH+]([C@H](C)[O-])CC3)cn2c1N(C)Cc1ccc(N[C@H](C)O)cc1,-7.896
MOL_03_002963,COc1ccc([C@H](O)Nc2nc(-c3ccccc3O)cc(-c3cccc([C@H](O)NC(C)(C)C[NH3+])c3)c2C#N)cc1,-7.893
MOL_03_002913,ON(O)c1ccc2nccnc2c1,-7.891
MOL_03_003859,N#Cc1cc(-c2cncc([C@H](CC(O)O)[NH2+][C@H](O)[C@@H]3CCCN([C@H](O)CCC4CC[NH2+]CC4)C3)c2)ccc1F,-7.89
MOL_03_001169,O=c1cc(-c2ccccc2)c2cc([C@H](c3ccc(Cl)cc3)n3cc[nH+]c3)ccc2[nH]1,-7.887
MOL_03_002570,Cc1c(F)ccc([C@H](O)Nc2cc(N(O)O)ccc2NCC[NH3+])c1Cl,-7.886
MOL_03_007140,CC[C@H](O)[NH2+][C@H](C)c1ccc(N[C@H](O)[C@@H]2C[C@H]2c2cccnc2)cc1,-7.886
MOL_03_003100,OC(O)Cc1ccc(N[C@H](O)[C@H](Cc2ccccc2)[NH2+][C@H](O)CCc2cc(Cl)ccc2-n2cnnn2)cc1,-7.885
MOL_03_004752,C[NH+](C)CC#Cc1cccc(-c2nc([C@H](O)N3CC[NH+](Cc4ccccc4)CC3)cc3c2[C@@H](CCO)[N@H+]([S@@+](O)C(C)(C)C)C3)c1,-7.884
MOL_03_006861,CC[NH2+][C@H]([O-])[C@@H]1O[C@@H](n2cnc3c(N)ncnc32)[C@@H](O)[C@H]1O,-7.884
MOL_03_008373,[NH3+][C@H](O)CC[C@H](N[C@H](O)[C@H](Cc1ccccc1)[NH2+][C@H]([O-])C[NH2+][C@H]([O-])CN[C@H](O)[C@H]([NH3+])Cc1ccccc1)[C@H](O)NCCC(O)O,-7.884
MOL_03_000267,[NH3+][C@H](O)NN[C@H](O)c1cc(=O)c2cc(F)ccc2[nH]1,-7.882
MOL_03_000283,O[C@H]1[C@H](C[NH2+][C@@H](O)Nc2ccccc2)OC[C@H]1[NH2+]C1CCOCC1,-7.881
MOL_03_002537,CCCc1nc([C@H]([O-])[NH2+]C[C@H](O)C[NH+]2CCN(c3cccc(Cl)c3Cl)CC2)cn1-c1ccc(Cl)cc1,-7.87
MOL_03_007124,CC[C@H](C)[C@H](C[N@H+]1CC[C@@](C)(c2cccc(O)c2)[C@@H](C)C1)N[C@H](O)[C@@]1(C)Cc2ccc(O)cc2C[NH2+]1,-7.868
MOL_03_009692,CC(C)C[C@@]1(C)[NH2+][C@@H]([O-])[N@H+](C[C@H](O)N[C@H](O)Nc2ccc3c(c2)OCCO3)[C@H]1[O-],-7.867
MOL_03_008504,[NH3+][C@H](NCCCn1ccnc1)N[C@H](O)Cn1c(-c2ccccc2)ccc1C12C[C@H]3C[C@@H](C1)C[C@@H](C2)C3,-7.867
MOL_03_003838,CC(C)C[C@H]([NH2+][C@H](O)NCc1ccc(F)cc1)[C@H](O)NO,-7.866
MOL_03_005741,OC(O)C[C@H](N[C@H](O)[C@@H]1CCCN([C@H](O)CCC2CC[NH2+]CC2)C1)c1cncc(-c2ccsc2)c1,-7.862
MOL_03_006256,[NH3+][C@H](NCCC[C@H]([NH2+][C@H](O)Cc1ccccc1)[C@H](O)NO)NN(O)O,-7.862
MOL_03_006584,N[C@H](O)c1nccc([C@@H]2O[C@@H](CO)[C@@H](O)[C@@H]2F)c1F,-7.86
MOL_03_006065,Cc1cc(N)c2cc(N[C@H](O)c3ccc(N4CCOCC4)cc3)ccc2[nH+]1,-7.856
MOL_03_005017,CC(C)[NH2+][C@H](O)C1CC[NH+](C2CCN(Cc3csc([C@H](C)O)c3)CC2)CC1,-7.852
MOL_03_001459,O[C@H](NN[C@H](O)c1csc(-c2cnccc2C(F)(F)F)n1)c1ccc(C(F)(F)F)cc1,-7.847
MOL_03_009234,N[C@@H]([NH3+])NC[C@@H]1Cc2ccccc2[C@H]1[NH2+][C@H](O)[C@H](O)Nc1ccc(Cl)c(F)c1,-7.846
MOL_03_009355,CC[C@H](N[C@H](O)N1C[C@@H](NOc2ccccc2)[NH2+]C[C@@H](Cc2cc(Cl)ccc2OC)[C@H]1O)c1nc(C(O)O)cs1,-7.841
MOL_03_001685,[O-][C@@H]1[C@H](CCc2ccccc2)[NH2+][C@H]([O-])[N@H+]1C[C@@H](O)Nc1ccc(F)c(F)c1F,-7.839
MOL_03_000035,O[C@@H]1N[C@@H](O)[C@@](CCc2ccncc2)(c2ccccc2)[C@@H](O)N1,-7.838
MOL_03_000199,N[C@@H]1[NH2+]C[C@@H](CCCC[N@H+]2CC[N@H+](CCc3ccccc3)[C@H]2N)[NH2+]1,-7.838
MOL_03_004746,FC(F)(F)c1ccc(-c2cn(Cc3ccccc3)c3c2C[NH2+]CC3)cc1,-7.836
MOL_03_008527,O[C@H](C[NH2+][C@H](O)c1ccccc1F)OC[C@H](O)N1CCCc2ccccc21,-7.835
MOL_03_009310,CC(C)C[N@@H+](C[C@H](O)C(O)O)[C@H](O)N[C@H](Cc1ccc(O)cc1)C(O)O,-7.835
MOL_03_001437,Cc1cccc(C)c1C[NH2+][C@H]([O-])[C@@H]1CSCN1[C@H](O)[C@H](O)[C@H](Cc1ccccc1)[NH2+][C@H]([O-])c1cccc(O)c1C,-7.831
MOL_03_004948,CCNc1cc([C@H](O)[NH2+][C@H](Cc2ccccc2)[C@H](O)C[NH2+]CC(C)C)cc(N2CCC[C@H]2O)c1,-7.83
MOL_03_000508,O[C@H](CN1CSC[C@H]1O)[NH2+]C[C@@H]1CCN(c2ccccc2)C1,-7.826
MOL_03_002779,[O-][C@@H]1[N@@H+](Cc2ccccc2Cl)CC[N@@H+]1C[C@@H](O)NCc1cccnc1,-7.823
MOL_03_001172,C[C@H](O)c1ccc(Cl)c(F)c1[C@@H]1CC[N@@H+]([C@@H]2CCC[C@@H](C)[C@@H](O)Nc3cc([C@H]([NH3+])[O-])ccc3-c3ccnc2c3)[C@@H](O)C1,-7.822
MOL_03_005063,ON[C@@H]1c2cc(Cl)ccc2N[C@H]1[C@@H]1c2cc(OC(F)(F)F)ccc2N[C@H]1O,-7.822
MOL_03_008050,CC(C)[C@H]([NH2+][C@H](O)c1ccc(Nc2cnc3ccccc3n2)cc1)[C@H](O)N[C@H](C)[C@H](O)[NH2+][C@H](CO)CC(O)O,-7.821
MOL_03_007427,CCCCN1[C@H](O)[C@H](C[NH2+]CCN2CCOCC2)[C@H](O)N[C@@H]1S,-7.819
MOL_03_008295,O[C@H](COc1ccc(C(F)(F)F)cc1)C[NH+]1CCN(c2ccccc2F)CC1,-7.817
MOL_03_001240,CC(C)C(CO)(CO)[NH2+]Cc1ccc2ccc3cccc4ccc1c2c34,-7.816
MOL_03_008745,OC[C@H](CC(O)O)[NH2+][C@H](O)[C@@H]1CCC[N@H+]2[C@@H](O)CC[C@@H](N[C@H](O)c3ccccc3)[C@@H](O)N12,-7.816
MOL_03_008997,[O-][C@@H]1[NH2+][C@@H](O)C(CSCc2ccncc2)(CSCc2ccncc2)[NH2+]1,-7.815
MOL_03_001223,Cc1ncoc1-c1nnc(SCCC[N@@H+]2CC[C@@]3(C[C@H]3c3ccc(F)cc3)C2)n1C,-7.815
MOL_03_008513,COc1ccc(N[C@H](O)c2ccc(Cl)c(Nc3ncnc4cnc(NCCC[NH+]5CCOCC5)nc34)c2)cc1C(F)(F)F,-7.812
MOL_03_005243,[NH3+]CC[C@H](O)[C@H](O)[NH2+][C@@H]1C[C@@H]([NH3+])[C@@H](O[C@@H]2O[C@@H](CN[C@H](O)OCc3ccccc3)[C@@H](O)C[C@H]2[NH3+])[C@@H](O)[C@H]1O,-7.812
MOL_03_002910,CCO[C@H](O)CC[NH2+]C[C@H](O)COc1cccc2ccccc12,-7.811
MOL_03_007828,ON(O)c1ccc(Oc2cc(NC3CCCCCCC3)c(N(O)O)cc2N(O)O)cc1,-7.808
MOL_03_006151,C[C@H](NN[C@H]([NH3+])S[C@@H]1C[C@@H](O)N(c2cccc(Cl)c2)[C@H]1O)c1cccs1,-7.808
MOL_03_005409,COc1cc(Nc2nccc(N3CC[C@@H]([NH2+][C@H](O)Nc4cc(C)ccc4C)C3)n2)cc(OC)c1OC,-7.808
MOL_03_007882,OC(O)[C@@H](Cc1ccc2c(c1)OCO2)[C@@H](Cc1ccc2c(c1)OCO2)C(O)O,-7.803
MOL_03_001140,[NH3+][C@@H]1S[C@@H](Cc2ccc(O)c(Cl)c2)[C@@H](O)N1c1ccccc1,-7.795
MOL_03_001175,O[C@H](c1ccccc1Cl)[C@@H]1[C@@H](O)N(c2ccc(Cl)cc2)N(c2ccc(Cl)cc2)[C@H]1O,-7.79
MOL_03_007334,CO[C@H](O)[C@H](Cc1ccc(O)cc1)N[C@H](O)[C@H](CC(O)O)[NH2+][C@H](O)CCCCOc1ccc([C@@H](N)[NH3+])cc1,-7.789
MOL_03_008363,CC[N@H+]1[C@@H](NCc2cccc(Cl)c2)N[C@@H](c2cccc(C(F)(F)F)c2)[C@@H]([C@H](O)OC)[C@H]1C,-7.788
MOL_03_009379,CO[C@H](O)c1sc(C(C)(C)C)cc1N[C@H](O)Nc1ccc(C(O)O)cc1,-7.785
MOL_03_007147,O[C@H](CCN1[C@H](O)[C@H](Cc2ccccc2F)S[C@@H]1S)[NH2+]CCCN1CCOCC1,-7.782
MOL_03_007993,O[C@@H]1N[C@@H](O)[C@@H](Cc2ccc(Oc3ccc(N(O)O)cc3)cc2)[C@@H](O)N1,-7.781
MOL_03_007208,[NH3+][C@@H]1N[C@@H]([NH3+])N(c2ccccc2)[C@@]2(CCC[N@H+](Cc3ccccc3)C2)N1,-7.781
MOL_03_005035,O[C@H](NN[C@H](O)c1cccc2ccccc12)c1ccco1,-7.78
MOL_03_008676,OC(O)c1cccc(C[NH2+][C@H](O)Cc2csc(-c3ccccc3F)n2)c1,-7.778
MOL_03_006402,C[C@H](CCc1ccccc1)[C@H](O)CC[C@@H]1CC(F)(F)[C@@H]([O-])[N@H+]1CCCc1ccc(C(O)O)s1,-7.778
MOL_03_009667,Nc1ccccc1N[C@H](O)CCc1cn([C@@H]2C[C@@H](CO)[N@H+](CCc3ccccc3)C2)nn1,-7.776
MOL_03_008026,Oc1cccc([C@H](O)C[C@H](O)C(O)O)c1,-7.77
MOL_03_000992,C[NH+]1CCN(CCC[C@H](O)Nc2sc(Nc3ccc4ccccc4c3)nc2[C@H]([NH3+])[O-])CC1,-7.768
MOL_03_009345,CC1(C)C[C@@H](O)[C@@H](C[NH2+]CCc2ccc(O)cc2)[C@@H](O)C1,-7.768
MOL_03_006141,CCN[C@H](O)Oc1cccc(C[C@H](O)[NH2+]C2CCN(Cc3ccccc3)CC2)c1,-7.762
MOL_03_001740,Cc1cc(NNc2cc(N(O)O)cc(N(O)O)c2O)c(O)c(N[C@H](C)O)c1,-7.762
MOL_03_009828,C[C@H](O)[NH2+][C@H](COCC[C@@H]1CO1)[C@H](O)NCc1ccccc1,-7.759
MOL_03_009651,COc1cc(N2CCOCC2)ccc1Nc1ncc(Cl)c(Nc2ccccc2[C@H]([NH3+])[O-])n1,-7.759
MOL_03_009960,N[C@@H]([NH3+])Nc1ccc(C(O)O)cc1,-7.755
MOL_03_009314,Oc1cccc([C@H](O)c2cc3cc(O)ccc3s2)c1,-7.753
MOL_03_003867,C[N@@H+](CCN1[C@H](O)CC2(CCCC2)C[C@@H]1O)C[C@H](O)Nc1cc(Cl)ccc1Cl,-7.752
MOL_03_000274,[O-][C@H]1[C@H](CNN[C@@H](O)c2ccccc2)[C@@H](O)N[C@@H](O)[N@H+]1Cc1ccco1,-7.749
MOL_03_008359,CC[NH2+][C@H]([O-])c1cn2ncnc(Nc3cc(N[C@H](O)c4cccc(N5CCOCC5)c4)ccc3C)c2c1C,-7.749
MOL_03_007766,C[C@@H]1C[N@@H+]([C@H](C)CO)[C@@H]([O-])c2cccc(N[C@H](O)Nc3ccc(C(F)(F)F)cc3)c2O[C@H]1C[N@@H+](C)[C@H](O)Nc1ccc(F)cc1,-7.742
MOL_03_006841,OCN1CCOc2ccc(NC3[NH2+]CC[NH2+]3)cc21,-7.74
MOL_03_004165,C[NH+](C)C[C@@H]1CN([C@H](O)[NH2+]Cc2ccccc2)Cc2[nH+]ccn2C1,-7.74
MOL_03_000463,[NH3+][C@@]1(C(O)O)[C@@H](OCc2cccc(Cl)c2Cl)C[C@@H]2[C@H]1[C@@]2(F)C(O)O,-7.74
MOL_03_009093,N[C@@H]([NH3+])NNCc1cc2ccccc2c2ccccc12,-7.74
MOL_03_000572,N[C@@H]([NH3+])Nc1nnc(-c2cccc(F)c2)s1,-7.74
MOL_03_000150,COc1cc(N[C@H](C)CCC[NH2+][C@H](O)CCc2cccc(N(O)O)c2)c2ncccc2c1,-7.731
MOL_03_008212,CC(C)CC[NH2+][C@H](O)C[C@H](O)[C@H](CC(C)C)[NH2+][C@H]([O-])[C@H](C)[NH2+][C@H](O)[C@H](CCCN[C@@H](N)[NH3+])N[C@H](O)OCc1ccccc1,-7.731
MOL_03_002733,[NH3+]CCO[P+](O)(O)Oc1ccccc1,-7.729
MOL_03_000284,C[C@H](NNC1[NH2+]CC[NH2+]1)c1cccc([C@H](C)NNC2[NH2+]CC[NH2+]2)c1,-7.727
MOL_03_000275,N[C@H](O)c1cccc2c(N[C@@H](C[NH3+])c3cccc(Cl)c3)ncnc12,-7.726
MOL_03_007917,[NH3+]Cc1cccc(N[C@H](O)CN2CCCC[C@@H]([NH2+][C@H](O)c3ccc(C4CCCCC4)cc3)[C@H]2O)c1,-7.725
MOL_03_008475,N#Cc1ccc(CCN2CC[NH+](CCc3ccc4c(c3)CO[C@H]4O)CC2)cc1OC(F)(F)F,-7.725
MOL_03_008292,OCCc1cc(O)cc(O[C@@H]2O[C@@H](CO)[C@@H](O)[C@@H](O)[C@H]2O)c1,-7.722
MOL_03_009902,CCO[C@H](O)c1c(N[C@H](O)COc2ncnc3sccc23)sc2c1CCC2,-7.721
MOL_03_004596,C[C@H](NNc1cccc([C@H](O)NN[C@H](C)c2cc(O)ccc2O)c1)c1cc(O)ccc1O,-7.72
MOL_03_008251,Cc1[nH+]ccn1[C@H](NO)c1ccnc(Oc2cccc3cnccc23)c1,-7.719
MOL_03_008694,C[NH+](C)CCC[N@@H+](C)Cc1csc([C@H](O)Nc2ccc(Cl)cc2[C@H](O)Nc2ccc(Cl)cc2)c1Cl,-7.714
MOL_03_005865,N#Cc1cc(Nc2nc(N[C@@H]3CCC(F)(F)C3)nc(-n3ccc(C(F)(F)F)n3)n2)ccn1,-7.712
MOL_03_008092,Oc1ccc(CC[NH+]2CCC(Nc3[nH+]c4ccccc4n3Cc3ccc(F)cc3)CC2)cc1,-7.712
MOL_03_007390,Cc1ccc(N[C@H](O)Nc2ccnc(-c3cccnc3)n2)cc1,-7.71
MOL_03_002546,Cc1cc(C)cc(N2CC[N@@H+](Cc3cccc(CC[NH3+])c3)C[C@H]2O)c1,-7.706
MOL_03_000520,Oc1ccc(CC[C@@H](O)O[C@@H]2CCC[C@@H](O[C@@H](O)CCc3ccc(O)c(O)c3)C2)cc1O,-7.706
MOL_03_004636,Cn1nccc1[C@H](O)Nc1sc(-c2ccccc2)cc1[C@H]([NH3+])O,-7.701
MOL_03_001871,CCOc1cc(C[C@@H]2C[NH+](C)C[C@@H](Cc3ccc(O)c(OCC)c3)C2O)ccc1O,-7.696
MOL_03_000818,CO[C@H](O)[C@@H]1[C@@H](C)[NH2+][C@@H](C)N(CCCCC[NH+]2CCC(c3ccccc3C(F)(F)F)CC2)[C@H]1c1ccc(F)c(F)c1,-7.696
MOL_03_005361,CCOc1ccc(N[C@H](O)[C@H](O)NNCc2ccccc2F)cc1,-7.694
MOL_03_003461,N[C@@H]([NH3+])N[C@H](O)c1cnn(-c2c(O)ccc3[nH]c(=O)ccc23)c1C1CC1,-7.693
MOL_03_000264,C[C@@](O)(c1ccc(Nc2nn([C@@H]3COCC[C@H]3C#N)cc2[C@H]([NH3+])[O-])cc1)C(F)F,-7.691
MOL_03_007812,Oc1ccc(CC[C@@H](O)OC[C@@H](N[C@@H](O)CCc2ccc(O)c(O)c2)C(O)O)cc1O,-7.687
MOL_03_002190,COc1cc(CC[C@H](O)[NH2+]Cc2ccc(Cl)cc2)cc(OC)c1OC,-7.685
MOL_03_006338,CC(C)n1nc(-c2ccc3cnccc3c2)c2c(N)ncnc21,-7.685
MOL_03_003834,COc1ccccc1-c1ccc([C@H]([O-])[NH2+][C@H](CCc2ccccc2)[C@H](Cc2cccc([C@@H](N)[NH3+])c2)[C@H](O)OC)cc1,-7.684
MOL_03_003271,N#Cc1cccc(C[C@@H]2[NH2+][C@@H]([O-])[NH2+][C@H]2O)c1,-7.683
MOL_03_001709,C[C@]12C[NH2+]C[C@](C)(O1)[C@H]1[C@@H]2[C@H](O)N(c2ccc(C#N)c(C(F)(F)F)c2)[C@@H]1O,-7.681
MOL_03_000646,Oc1ccc(-c2cccc([C@H](O)c3ccc(F)c(O)c3)n2)cc1O,-7.681
MOL_03_004649,O[C@H]1N(c2c[nH+]ccc2C2CC2)[C@@H]2C[C@@H]2N1c1ccnc(C(F)(F)F)c1,-7.681
MOL_03_003185,C[NH2+]C[C@H](O)Nc1cccc2c1C[NH2+][C@H]2[O-],-7.676
MOL_03_001160,O[C@@H]1C[N@H+](CCOC(c2ccccc2)c2ccccc2)CCN1CCCc1ccccc1,-7.676
MOL_03_008474,CCc1nc2ccccc2n1CC1[NH2+]CC[NH2+]1,-7.675
MOL_03_002282,CCOc1ccccc1N[C@H](O)Nc1nc2ccncc2cc1C,-7.674
MOL_03_003693,Nc1ccccc1-c1nnc(N[C@@H](N)[NH3+])s1,-7.669
MOL_03_003042,Cc1ccc(N[C@H](O)C[NH+]2CCN(CC[NH2+]C[C@H]3[C@H](O)C[C@H](c4ccccc4)C[C@@H]3O)CC2)cc1,-7.666
MOL_03_001426,COc1cc(O[C@@H]2O[C@@H](CO[C@H](O)c3cc(O)c(O)c(O)c3)[C@@H](O)[C@@H](O)[C@H]2O)ccc1O,-7.666
MOL_03_002631,Oc1c(C[C@H](O)C(O)O)cc(N(O)O)cc1N(O)O,-7.665
MOL_03_000295,[NH3+]C[C@H](Cc1ccccc1)[P+](O)(O)O,-7.665
MOL_03_002939,CCCn1cc([C@H]2[C@H](c3nnc4ccccn34)[C@H]([O-])[NH2+][C@@H]2O)c2ccccc21,-7.665
MOL_03_008213,Cc1nccc(N2CCC3(CC[NH+](C[C@H](O)c4ccc5c(c4C)CO[C@H]5O)CC3)[C@H]2O)n1,-7.663
MOL_03_009680,Cc1cc(-c2nc3sc(C)cn3c2CNN[C@@H](N)[NH3+])c(C)s1,-7.663
MOL_03_000670,C[NH2+][C@H]([O-])c1ccc(CC[C@H](O)[NH2+]C[C@H](O)N(C)c2ccc(Cl)c(COc3cccc4ncc(C)nc34)c2Cl)cc1,-7.663
MOL_03_006056,[NH3+][C@H](O)Nc1sc(-c2ccc(O)cc2)cc1[C@H](O)N[C@@H]1CCC[NH2+]C1,-7.657
MOL_03_007002,CCCCN[C@H](O)[N@@H+]1Cc2c(N[C@H](O)c3ccccc3)nn([C@H](O)C3CC3)c2C1,-7.654
MOL_03_008622,OC(O)c1ccccc1N[C@H](O)CCc1ccc(-c2ccccc2Cl)cc1,-7.653
MOL_03_001850,O[C@H]([NH2+]Cc1ccccc1)N1CCc2c(c(-c3ccccc3)nn2[C@H](O)C2CCCCC2)C1,-7.651
MOL_03_005326,[NH3+][C@H](CC[C@H](O)N[C@H](CSCCc1ccccc1)[C@H]([O-])[NH2+]CC(O)O)C(O)O,-7.65
MOL_03_008248,CC(C)C[C@H]([NH2+][C@H](O)N[C@H](Cc1cccc(C(O)O)c1)C(O)O)C(O)O,-7.649
MOL_03_005066,O[C@H](CN1[C@H](O)[C@H](Cc2sc(Cl)nc2Cl)S[C@@H]1O)c1ccc(F)cc1,-7.646
MOL_03_003537,COc1ccc(C[C@@H]2S[C@@H]([N@@H+]3CCC[C@H]3[C@H](O)Nc3ccc4ncnc(Nc5cccc(Cl)c5)c4c3)N[C@H]2O)cc1,-7.646
MOL_03_004761,CCC1(CC)C[C@@H]([NH2+][C@H](O)Nc2ccc3c(c2)N[C@@H](O)CO3)c2cc(F)ccc2O1,-7.645
MOL_03_002054,Nn1c(NN[C@@H]2c3ccccc3N[C@H]2O)n[nH]c1=S,-7.644
MOL_03_009012,O[C@@H]1CC[C@@H]([C@H](O)Nc2cnn3ccc(N4CCC[C@H]4c4cc(F)ccc4F)nc23)C1,-7.643
MOL_03_001084,O[C@@H]1c2ccccc2[C@@H](O)[C@@H]([NH2+]CCNc2c3c([nH+]c4ccccc24)CCCC3)[C@@H]1Cl,-7.64
MOL_03_009168,O[C@H](Cc1ccccc1)[NH2+]CCN[C@H](O)c1scnc1Cl,-7.638
MOL_03_003866,CO[C@H](O)C1=C(Cc2ccccc2)N(O)c2cc(Cl)c(Cl)cc2N1O,-7.638
MOL_03_007968,CCC1(CC)[C@H](Oc2cccc(CC(O)O)c2)[N@H+]([C@H](O)NCc2ccccc2)[C@@H]1[O-],-7.638
MOL_03_005838,Nc1ncnc2c1c([C@H](N)O)c(N)n2[C@@H]1O[C@@H](CO)[C@@H](O)[C@H]1O,-7.637
MOL_03_001802,Oc1ccc(C[C@H](C(O)O)N2[C@H](O)[C@H](Cc3ccc(OC[C@H](O)c4ccccc4F)cc3)S[C@@H]2S)cc1,-7.637
MOL_03_006640,Nc1nc2c(ncn2C[C@@H](CNN[NH3+])OC[P+](O)(O)O)c(=O)[nH]1,-7.635
MOL_03_008561,N[C@@H]([NH3+])c1cccc([C@@H]([O-])[NH2+][C@H](C2CCCCC2)[C@@H](O)[NH2+]C[C@H]2CC[C@H](C[NH3+])CC2)c1,-7.634
MOL_03_003573,N[NH2+]NCc1ccc(C[C@H](N[C@H](O)[C@@H]2CC[C@@H]([O-])[N@H+]2Cc2ccccc2)C(O)O)cc1,-7.633
MOL_03_000003,O[C@H](CCc1ccc2c(c1)OCO2)[NH2+]CCc1ccco1,-7.632
MOL_03_007237,COc1cc([C@H](N)O)ccc1N[C@H](O)[C@@H]1[NH2+][C@@H](CC(C)(C)C)[C@@]2(c3cnc(Cl)cc3N[C@H]2O)[C@H]1c1cccc(Cl)c1F,-7.631
MOL_03_002159,O[C@H](CCC[NH2+]Cc1ccccc1)N1CCCn2cncc2C1,-7.63
MOL_03_008744,CO[C@H](O)[C@H](Cc1ccccc1)[NH2+][C@H](O)CCNN[C@H](O)[C@H]([NH3+])CCCCN[C@H](O)OCc1ccccc1,-7.629
MOL_03_000660,Oc1cccc(O)c1[C@H](O)N[C@H](O)[NH2+]Cc1ccccc1,-7.628
MOL_03_001588,COc1cccc(C[NH2+][C@H](NO)c2ccc(C)nc2Oc2ccc3oc4ccccc4c3c2)c1,-7.624
MOL_03_005163,CC(C)C[NH2+][C@H](O)[C@@]1(Cc2ccccc2-c2cccs2)CC[NH2+]C1,-7.622
MOL_03_005240,Cn1cnnc1-c1cc(Oc2ccc(N[C@H](O)Nc3cccc(C(F)(F)F)c3)cc2F)ccn1,-7.621
MOL_03_004589,C[C@@]1(c2ccccc2)[NH2+][C@@H]([O-])[N@H+](C[C@H](O)N[C@H](O)[NH2+]C2CCCC2)[C@H]1[O-],-7.618
MOL_03_002600,Nc1ncnc2c1ncn2[C@@H]1CC[C@@H]([C@H](O)NO)C1,-7.615
MOL_03_000425,N#CCC1(n2cc([C@H]([NH3+])[O-])c(Nc3ccccc3)n2)CC[NH+](Cc2c(F)ccc(F)c2F)CC1,-7.614
MOL_03_009309,[NH3+][C@H]([O-])c1ccccc1Nc1ccc(C(O)O)cc1,-7.614
MOL_03_004672,CO[C@H](O)COc1ccc2c(N[C@H](O)N3[C@H]4C[C@H]4C[C@H]3[C@H](O)Nc3cccc(OC(F)(F)F)c3)cn([C@H]([NH3+])[O-])c2c1,-7.613
MOL_03_002983,Cc1c(C)c2c(c(C)c1O)CC[C@@](C)([C@H]([O-])[NH2+]CCC[C@H](O)O[C@@H]1N[C@@H](c3ccccc3Cl)c3cc(Cl)ccc3N[C@H]1O)O2,-7.613
MOL_03_001625,COc1cc([C@H](O)[NH2+][C@H](Cc2cn(C)c3ccccc23)[C@H]([O-])[NH2+]CCN2CCOCC2)cc(OC)c1OC,-7.612
MOL_03_006933,COCCC[NH2+][C@H](O)CCN1c2cc(C)ccc2OC[C@H]1O,-7.607
MOL_03_009338,O[C@H](NCc1cccc(F)c1)[C@@H]1CC[C@@H](O)[N@H+](CC2CCCCC2)C1,-7.604
MOL_03_002705,Cc1cc(NNCc2cc[nH+]cc2)c(N(O)O)cc1N(O)O,-7.597
MOL_03_000017,O[C@H](CCCN1[C@H](O)[C@H](Cc2ccccc2Cl)S[C@@H]1S)NN[C@H](O)c1ccccc1Cl,-7.592
MOL_03_001348,O[C@H](C[NH2+]CC[C@H](O)Oc1ccc(F)cc1)COc1ccccc1,-7.59
MOL_03_008592,O[C@H](C[C@H](O)NN[C@H](S)c1ccccc1)NN[C@H](S)c1ccccc1,-7.589
MOL_03_009584,COc1ncc(F)cc1[C@@H]1CCCN1c1ccn2ncc([C@H](O)Nc3ccc(=O)[nH]c3)c2n1,-7.588
MOL_03_009037,OCc1cc([C@H](O)C[NH2+]CCc2ccc(OC[C@H](O)c3ccccc3)cc2)ccc1O,-7.587
MOL_03_009435,CCN[C@H](O)[C@H]([NH2+][C@H](O)Cc1ccccc1)[C@@H]1N[C@@H]([C@H]([O-])[NH2+]CC[NH2+][C@H]([O-])[C@@H]2NCSC2(C)C)C(C)(C)S1,-7.587
MOL_03_004616,CC[C@H](C)[C@H]1[C@H]([C@H](O)N[C@@H]2C[C@H]2[C@H](C)[C@H](CCc2ccccc2)[NH2+][C@H](O)[C@H](C)N[C@H](O)c2ccc3ccccc3c2)O[C@@H]1O,-7.586
MOL_03_001264,Cc1ccc(-c2nn(-c3ccc(N(O)O)cc3N(O)O)cc2CNN[C@H](O)c2ccco2)cc1,-7.583
MOL_03_000320,Cc1cc([C@H](O)c2cc3cc(O)ccc3s2)ccc1O,-7.581
MOL_03_002685,N[C@H](O)[C@@H](Cc1ccccc1)[NH2+][C@@H]([O-])[C@H](CCCN[C@@H](N)[NH3+])[NH2+][C@H](O)C12C[C@H]3C[C@@H](C1)C[C@@H](C2)C3,-7.578
MOL_03_003417,CC(C)C[C@H](N[C@H](O)OC(C)(C)C)[C@H](O)[NH2+][C@H](C[C@H](O)OCc1ccccc1)[C@H]([NH3+])[O-],-7.575
MOL_03_009637,[NH3+][C@@H]1CCCC[C@H]1Nc1nc(NC2CC2)n2ncc(C[C@@H]3[NH2+][C@@H]([O-])[NH2+][C@H]3O)c2n1,-7.575
MOL_03_004278,Oc1cccc(Nc2nc3ccc(C(F)(F)F)cc3nc2Nc2cccc(O)c2)c1,-7.573
MOL_03_008990,CCc1nnc(N[C@H](O)C[NH+]2CCN(c3cccc(OC)c3)CC2)s1,-7.573
MOL_03_004426,COc1ccc([C@H](O)CCc2ccc(OCc3cn(C[C@H](O)CN4c5ccc(Cl)cc5[C@@H](O)[C@H]4O)nn3)cc2)cc1,-7.573
MOL_03_004534,COc1cccc(N[C@H](O)[NH2+]C2CCN(Cc3nnnn3Cc3ccc4c(c3)OCO4)CC2)c1,-7.573
MOL_03_002743,C[C@H](NN[C@H](O)c1ccccc1)[C@@H]1[C@@H](O)N[C@@H](O)[N@@H+](Cc2ccccc2)[C@H]1[O-],-7.571
MOL_03_000706,Oc1ccc(CC[C@H](O)[NH2+]CCCCCCNc2c3c([nH+]c4cc(Cl)ccc24)CCCC3)cc1O,-7.57
MOL_03_007330,CN(C)c1nc(C[NH2+][C@H](O)N[C@H](CO)c2ccccc2)cs1,-7.567
MOL_03_004884,O=c1cc(N2CCO[C@@H]3CCC[C@H]32)nc(C[C@H](O)N2CCc3c(F)cccc32)[nH]1,-7.567
MOL_03_009111,CC[C@H]([NH2+][C@H](O)CCNC[C@H](O)N1CCC[C@H]1C#N)c1ccccc1,-7.566
MOL_03_005596,CCO[C@H](O)[C@@H]1C[C@@H](C[NH2+][C@H]([O-])c2c(-c3ccccc3Cl)noc2C)ON1,-7.564
MOL_03_001700,Cc1ncc(C[NH2+][C@H](O)NCOc2ccc(Cl)cc2)c(N)n1,-7.564
MOL_03_003636,N[C@@H]([NH3+])NCCC[C@H]([NH2+][C@H](O)c1ccc(Cl)cc1)[C@H](O)N[C@H](Cc1ccccc1)[C@H]([NH3+])[O-],-7.563
MOL_03_007358,CO[C@H](O)c1cccc(N[C@H](O)c2cc(-n3cc(CCNc4ncccn4)nn3)ccc2O)c1,-7.561
MOL_03_001221,COc1ccc([C@H](O)CO[C@H](O)C[NH2+][C@H]([O-])c2ccccc2)cc1F,-7.561
MOL_03_004345,C[C@H](O)c1ccc(Nc2ccc(N(O)O)cc2)c(C(O)O)c1,-7.554
MOL_03_009051,COc1ccc(C2[NH2+]CC[NH2+]2)cc1-c1cn(-c2ccc(C3[NH2+]CC[NH2+]3)cc2)nn1,-7.548
MOL_03_001501,CC(C)(C)c1cc(N[C@H](O)Nc2ccccc2)n(-c2cccc(C[NH2+][C@H]([O-])CN[C@H](O)c3cccnc3)c2)n1,-7.547
MOL_03_000013,C[C@H](CCC(O)O)CCn1cnc2c(=O)[nH]cnc21,-7.543
MOL_03_004816,CC[C@H](O)[N@@H+]1c2ccccc2CC[C@H]1[C@H](O)Nc1cc(C(F)(F)F)cc(C(F)(F)F)c1,-7.54
MOL_03_005692,C[C@H](N1CC[NH+]([C@H](O)NCc2cccc(C#N)c2)CC1)C(F)(F)F,-7.538
MOL_03_002049,COc1cccc(N[C@H](O)N[C@@H]2C[C@@H](C(O)O)O[C@@H]([C@H](O)[C@H](O)CO)[C@H]2N[C@H](C)O)c1,-7.538
MOL_03_003654,CN(c1cccc(O)c1)[C@H]([NH3+])Nc1cccc2ccccc12,-7.537
MOL_03_004009,CO[C@H](O)c1ccc(O[C@H](O)CCc2ccc(O)c(O)c2)c(O[C@H](O)CCc2ccc(O)c(O)c2)c1,-7.537
MOL_03_000117,Nc1nc2c(ncn2[C@@H]2CC[N@H+]([C@H]([O-])C[P+](O)(O)O)C2)c(=O)[nH]1,-7.535
MOL_03_000203,C[N@@H+](C[C@H](CC1CCCCC1)N(C[C@H](Cc1ccccc1)[N@@H+](CCc1ccccc1)NO)[NH2+][O-])NO,-7.533
MOL_03_005958,Oc1ccc2c(c1)O[C@@H](c1ccc(O)c(O)c1)[C@@H](O)C2,-7.532
MOL_03_001454,COc1nc([C@@H]2NOC[C@@H](COc3ccc(F)cc3C)N2)ccc1-c1ccnc(C)c1,-7.532
MOL_03_002752,CCCCCCNC1=C(NC[C@@H]2O[C@@H](n3cnc4c(N)ncnc43)[C@@H](O)[C@H]2O)C(O)=C1O,-7.529
MOL_03_003147,CC[C@H](O)Nc1cccc([C@@H]2C[C@]3(C[C@@H]([C@H]([NH3+])[O-])N([C@H](O)c4cc(N(O)O)cc(N(O)O)c4)C3)ON2)c1,-7.521
MOL_03_008690,Cc1ncc(N2C[C@@H]3C[NH2+][C@H]3C2)cc1C#N,-7.518
MOL_03_001536,CC[C@H](O)N[NH2+][C@H](C)C[C@H](O)Nc1ccc2ccccc2c1,-7.516
MOL_03_002460,CC1(c2ccc(Nc3nn([C@@H]4CC[C@@H](O)C[C@H]4C#N)cc3[C@H]([NH3+])O)cc2)COC1,-7.516
MOL_03_001098,C[NH+](C)[C@H](O)c1ccccc1N[C@H](O)Cc1cccc2ccccc12,-7.515
MOL_03_002925,CCOc1cc(N2CCOCC2)c(OCC)cc1N[C@H](O)C[N@@H+]1[C@@H]([O-])[NH2+]C2(CCCCC2)[C@H]1[O-],-7.515
MOL_03_008274,COc1ccc(N[C@H](O)c2cccc3c2[C@@H](O)c2ccccc2-3)cc1,-7.515
MOL_03_005619,COc1cccc(C[C@H](O)Nc2csc(-c3ccncc3)c2)c1,-7.514
MOL_03_009591,ON[C@@H]1c2cc(F)ccc2N[C@H]1[C@@H]1c2cc(OC(F)(F)F)ccc2N[C@H]1O,-7.513
MOL_03_002641,N#C[C@H](Cc1ccc(-c2ccc3c(c2)C[C@@H](O)N3)cc1F)N[C@H](O)[C@@H]1[NH2+][C@@H]2CC[C@H]1C2,-7.513
MOL_03_009289,[O-][C@@H]([NH2+]CCOCCOCCNc1nc(NCCc2ccc(O)c(O)c2)nc(Nc2ccccc2)n1)c1ccccc1,-7.509
MOL_03_004496,COc1ccc(C[C@@H]2CO[C@@H](O)[C@H]2Cc2cccc(O)c2)cc1OC,-7.508
MOL_03_005312,COc1ccc(OC)c2c1C[C@@H](O)[C@@H]([NH2+]CCCCc1ccccc1)C2,-7.506
MOL_03_006800,OC(O)c1ccccc1Nc1c(N(O)O)cc(N(O)O)c2ccc[nH+]c12,-7.503
MOL_03_006893,Cn1cc(N(O)O)cc1[C@H](O)NN[C@H](O)Nc1ccc(N(O)O)cc1,-7.502
MOL_03_007086,N#Cc1c(-c2cccnc2)cc(-c2cccc(Nc3ccc(=O)[nH]n3)c2)[nH]c1=O,-7.499
MOL_03_002771,C[C@H](CO)[NH2+][C@H](O)c1cc(N[C@H](O)c2cc(-c3ncccc3F)c(F)cc2Cl)n(-c2ccccc2)n1,-7.498
MOL_03_003289,OC(O)c1ccc(Cl)cc1N[C@H](O)c1cccc(Oc2ccccc2)c1,-7.498
MOL_03_006600,Cc1ccc(N[C@H](O)[NH2+]CCCC[C@H](C)[NH2+]C[C@H](O)c2ccc(O)c(O)c2)cc1,-7.498
MOL_03_002817,COc1cc(CNN[C@H](O)c2ccc(O)c(Cl)c2)ccc1OCc1ccc(C(F)(F)F)cc1,-7.497
MOL_03_007648,Cc1cnccc1-c1cnc(N)c(-c2ccc([C@H]([O-])[NH2+][C@H](CO)c3ccccc3)c(F)c2)c1,-7.496
MOL_03_002893,CC(C)n1c([C@@H]2CCC[N@H+](C[C@H](O)N[C@H]([NH3+])O)C2)nc2ccccc21,-7.496
MOL_03_003673,Cc1ccc([C@H](O)Nc2cccc(C(F)(F)F)c2)cc1[C@H](O)Nc1ccc(N)[nH+]c1,-7.496
MOL_03_006670,O[C@@H](Nc1cccc(N[C@H](O)[NH2+]Cc2ccccc2)c1)[NH2+]Cc1ccccc1,-7.493
MOL_03_005265,O[C@H]([NH2+]CCN1CCC(n2nnc3ccccc32)CC1)c1ccc2ccccc2c1,-7.491
MOL_03_003450,O[C@H](NN[C@H](O)c1cccc(-n2cnnn2)c1)c1ccccc1,-7.489
MOL_03_007804,Cc1ccc(CC[C@H](O)[NH2+]C[C@H](O)N(C)c2ccc(Cl)c(COc3cccc4sc(C)nc34)c2Cl)cc1,-7.488
MOL_03_008677,O=c1[nH]c(NCc2ccc(Cl)c(Cl)c2)nc2ncn(CCCCCO)c12,-7.486
MOL_03_000453,O[C@@H]1[NH2+]CCc2nc(OCc3cccnc3)ccc21,-7.486
MOL_03_000657,CC(C)(C)c1ccc([C@H](O)[NH2+]C[C@H](O)NCC(C)(C)N2CCOCC2)cc1,-7.484
MOL_03_008085,CCO[P+](O)(COCCOn1cnc2c(N)ncnc21)OCC,-7.477
MOL_03_009239,Nc1ncnc2c1nc(SCc1ccccc1)n2[C@@H]1O[C@@H](CO[P+](O)(O)O)[C@@H](O)[C@H]1O,-7.476
MOL_03_001068,OC(O)c1cccc(N[C@H]2N[C@H](O)CS2)c1,-7.476
MOL_03_005393,C[C@H](O)[NH2+][C@@H]1CCCN([C@H](O)CCc2cccnc2)C1,-7.474
MOL_03_007351,O[C@H](c1ccc(Cl)c(Cl)c1)N(Cc1cccnc1)C(S)N(Cc1cccnc1)[C@H](O)c1ccc(Cl)c(Cl)c1,-7.473
MOL_03_004830,COc1cc(O)c([C@H](C[C@H](O)[NH2+]C2CCCC2)c2ccc3c(c2)OCO3)c(OC)c1,-7.468
MOL_03_003291,O[C@H](Cc1cccc(F)c1)NCC[NH2+]Cc1ccc2c(c1)CCO2,-7.466
MOL_03_005259,Nc1ncnc2c1sc1ccccc12,-7.46
MOL_03_006137,OC(O)C[C@H]([NH2+][C@H](O)NN[C@H](O)CCCCNc1cccc[nH+]1)c1ccc(OC(F)(F)F)cc1,-7.46
MOL_03_000932,COc1ccc(CC[C@H](O)[NH2+]CCNc2c3c([nH+]c4ccccc24)CCCC3)cc1OC,-7.459
MOL_03_002111,COc1cc(CCCC[C@H](O)[NH+]2CCCCC2)ccc1O,-7.457
MOL_03_008925,Cc1ccc([C@@H]2NN([C@H](C)O)[C@@H](c3ccc(N(O)O)s3)O2)cc1,-7.456
MOL_03_007406,O[C@H](NN[C@H](O)c1cccs1)c1cccc(F)c1,-7.455
MOL_03_007135,COc1ccc([C@H](O)Nc2c(Cl)cncc2Cl)c2c1nc(C(F)(F)F)n2C,-7.452
MOL_03_007314,CC(C)(C)c1ccc(OCC[C@H](O)NN[C@H](O)c2ccncc2)cc1,-7.45
MOL_03_004330,Cc1ccccc1-c1nnc(N[C@H](C)[NH3+])s1,-7.448
MOL_03_007044,[O-][C@H]1[C@@H](O)[C@H]([C@H](O)[NH2+]CCCc2ccc(Cl)c(Cl)c2)C[N@@H+]1Cc1ccccc1,-7.441
MOL_03_000134,Cc1cc(N[C@H](O)[NH2+]C(C)(C)C)nc(-c2ccncc2)n1,-7.438
MOL_03_004857,O[C@H]1[C@@H](c2ccc(Cl)cc2)[C@H](O)O[C@H]1Cc1cccc(C(F)(F)F)c1,-7.437
MOL_03_007575,N#Cc1ccc(N2C[C@@H]3[C@H](C2)[C@@H]3[NH2+]C[C@H](O)N2C[C@@H](F)C[C@H]2C#N)cc1C(F)(F)F,-7.434
MOL_03_001216,N#Cc1ccccc1[C@]12CC[C@@H](N(CC[N@H+]3CC[C@@H](O)C3)[C@H](O)Nc3ccc(F)c(C(F)(F)F)c3)[C@H]1C2,-7.433
MOL_03_009400,CCC[C@H](O)c1ccccc1N1CC[NH+]([C@H]([O-])[C@H](Cc2ccc(Cl)cc2Cl)N[C@H](O)CC[NH3+])CC1,-7.432
MOL_03_002334,COc1ccc(CN[C@H](O)c2sc3nc[nH]c(=O)c3c2C)cc1,-7.432
MOL_03_005818,O[C@H]([NH2+]Cc1cccc(-c2cccc(C[NH+]3CCCCC3)c2)c1)c1ccc2c(c1)OCO2,-7.43
MOL_03_000431,CC(C)c1cccc(C(C)(C)[NH2+][C@H](O)Nc2ccc3ccccc3n2)c1,-7.429
MOL_03_007823,Clc1cc(Cl)c(Cl)c(-c2nnc3sc(-c4cccc5cnccc45)nn23)c1,-7.423
MOL_03_006369,N[C@@H]([NH3+])N[C@H](O)[N@@H+]1CCc2cccc(-c3cc(F)c(F)cc3F)c2C1,-7.422
MOL_03_002818,O[C@H](Cn1ccc2ccccc21)Nc1nc2ccc(Cl)cc2s1,-7.42
MOL_03_008356,CN(CC[N@H+](C)[C@H](O)NCc1ccccc1)[C@H](O)[NH2+]Cc1ccccc1,-7.42
MOL_03_008796,CC[NH+](CC)[C@H]([O-])Cn1ccc2c(CNN[C@H](O)c3ccc(O)c(Cl)c3)cccc21,-7.42
MOL_03_005047,Cc1ccc(CN2CC[N@@H+](Cc3ccc4ncccc4c3)C[C@H]2CCO)cc1,-7.418
MOL_03_009332,CC(C)(C)c1ccc(N[C@H](O)[NH2+]C[C@H](c2ccc(C(C)(C)C)cc2)N2CC[NH+](C3CCCCC3)CC2)cc1,-7.417
MOL_03_009223,Oc1cc(Cl)c(Nc2ccc(O)cc2CC(O)O)c(Cl)c1,-7.416
MOL_03_008818,COc1ccc(C[NH+](CCC[NH3+])Cc2ccc(OC)cc2OC)c(OC)c1,-7.414
MOL_03_002563,CC(C)(C)[NH2+][C@H]([O-])[C@@H]1C[C@H]2CCCC[C@@H]2C[N@H+]1C[C@H](O)[C@H](Cc1ccccc1)N[C@H](O)c1ccc2ccccc2n1,-7.41
MOL_03_000797,CC(C)[NH2+][C@H](Nc1ccc(Cl)c(Cl)c1)N[C@@H]1[NH2+][C@@H]([O-])C[N@@H+]1C,-7.409
MOL_03_000650,N#C[C@@H]1CCOC[C@H]1n1cc([C@H]([NH3+])[O-])c(Nc2ccc(Cl)cc2)n1,-7.408
MOL_03_008582,CCC(CC)Cn1cc(N)c([C@H](O)N[C@H](CCCN[C@@H](N)[NH3+])[C@H]([NH3+])O)n1,-7.408
MOL_03_003109,N[C@@H]([NH3+])NCCC[C@H](CO)[NH2+][C@H]([O-])[C@H](CCCN[C@@H](N)[NH3+])N[C@H](O)c1ccccc1,-7.406
MOL_03_005605,COc1ccc([C@H](O)[NH2+]C[C@H](O)N2CC[NH+]([C@H]([O-])c3ccco3)CC2)cc1,-7.405
MOL_03_008315,C[C@H](CO)CCC[P@@+](O)(C[P+](O)(OCO[C@H](O)C(C)(C)C)OCO[C@H](O)C(C)(C)C)OCO[C@H](O)C(C)(C)C,-7.403
MOL_03_006082,COc1ccccc1N1CC[NH+]([C@H](O)NCc2cccc(C(F)(F)F)c2)CC1,-7.403
MOL_03_004736,OC[C@H](Cc1ccccc1)[NH2+][C@H](O)C[C@@H]1CCCC[C@@H](Cc2ccc(F)cc2)[C@@H](O)OC[C@@H]2CCC[N@H+]2[C@H]1O,-7.402
MOL_03_004189,Cc1c2cc[nH+]c([C@H](O)NCC[NH+](C)C)c2cc2c3cc(O[C@H](O)NCCC[C@H](O)OCc4ccccc4)ccc3n(C)c12,-7.4
MOL_03_009563,O[C@H](Nc1ccccc1)Nc1nc2c(ccc3ccccc32)s1,-7.399
MOL_03_008673,[NH3+][C@@H]1C[C@@H]([NH3+])CN(c2nc(NO)nc(N3C[C@H]([NH3+])C[C@H]([NH3+])C3)n2)C1,-7.398
MOL_03_009279,[NH3+][C@H](Cc1ccc(O)c(CCF)c1)C(O)O,-7.397
MOL_03_008510,O[C@@H]1Nc2ccccc2[C@@](O)([C@H](O)[NH2+]Cc2ccco2)N1c1ccc(Cl)c(Cl)c1,-7.396
MOL_03_002327,CNc1cc(Nc2cc(F)cc(F)c2OC)nn2c([C@H]([O-])[NH2+]C[C@@](C)(O)CO)cnc12,-7.395
MOL_03_000121,Nc1cc2c(nn1)CC[N@H+]([C@H]([O-])c1ccccc1Oc1cccnc1)C2,-7.391
MOL_03_002899,[O-][C@@H]1[NH2+]C[C@@H](C[C@@H](O)[NH2+][C@H](CO)Cc2ccccc2)n2cc(-c3cccc(F)c3)cc21,-7.391
MOL_03_003422,O[C@H](Nc1cc(F)ccc1F)c1cc[nH+]c([C@H](O)Nc2cc(F)ccc2F)c1,-7.388
MOL_03_003028,C[NH+](C)CCn1ccc2c(O)cccc21,-7.387
MOL_03_004814,Cc1cccc(C(C)C)c1N[C@H](O)CO[C@H](O)Cc1ccsc1,-7.387
MOL_03_005745,ON[C@H](S)NN[C@@H]1c2cc(Cl)ccc2N(C[NH+]2CCN(c3ccccc3)CC2)[C@H]1O,-7.386
MOL_03_007936,O[C@H](C[NH+]1CCN(c2ccc(C(F)(F)F)cc2)CC1)Nc1ncc(N(O)O)s1,-7.385
MOL_03_008794,CC(C)(C)N[C@H](O)[C@H](c1ccncc1)[N@@H+](c1ccc2c(c1)OCO2)[C@H]([O-])C[NH2+][C@H](O)c1ccco1,-7.384
MOL_03_009615,CO[C@H](O)[C@@]1(C)[NH2+][C@@H](c2ccccc2C)[C@H]2[C@@H]1[C@H](O)N(c1ccccc1)[C@@H]2O,-7.384
MOL_03_009860,O[C@H](Nc1ccc(Cl)cc1)c1cccnc1SCc1ccncc1,-7.383
MOL_03_006415,Cc1ccc([C@H](O)Nc2cc(C[NH+]3CCN(C)CC3)cc(C(F)(F)F)c2)cc1C#Cc1cnc2cnccn12,-7.382
MOL_03_002512,COc1ccc([C@H](O)Nc2nccs2)cc1Nc1nccc(-c2cccnc2)n1,-7.382
MOL_03_007997,CSC[C@H](O)[NH2+][C@@H]1CC[C@@H](Nc2nccc(-c3ccncc3)n2)C1,-7.381
MOL_03_001713,C[C@H](Cc1ccc2ccccc2c1)[C@H](O)NO,-7.377
MOL_03_004158,CCCc1cc(F)cc(CNN[C@H](O)C[NH+]2CCN([C@H](O)c3ccc(F)cc3)CC2)c1O,-7.376
MOL_03_002477,O=c1[nH]cnc2c1ncn2CC[N@@H+](CCOCc1ccccc1)CC[P+](O)(O)O,-7.375
MOL_03_008043,Nc1ncnc2c1ncn2CCO,-7.375
MOL_03_006890,CO[C@H]1C[C@H](C[N@@H+]2CC[C@@H](C#N)[C@@H](n3cc([C@H]([NH3+])[O-])c(Nc4ccc(F)cc4)n3)C2)C1,-7.373
MOL_03_009512,C[C@H](O)c1ccc(N[C@H](O)c2sc3[nH+]c4ccccc4cc3c2N)cc1,-7.373
MOL_03_002596,COc1cc(CC[C@H](O)[NH2+][C@H](O)C(C)C)cc(OC)c1OC,-7.372
MOL_03_003038,[NH3+][C@@H]1C[C@@H]([NH3+])N2N[C@@H](c3ccc(Cl)cc3)S[C@H]2N1,-7.371
MOL_03_003635,N[C@H]([O-])n1cc(N[C@@H](O)N2C[C@H]([NH3+])C[C@H]2[C@H](O)Nc2cccc(OC(F)(F)F)c2)c2ccccc21,-7.369
MOL_03_002719,C#Cc1cccc(N[C@H](O)[C@H](CC2CCCCC2)Nc2ccc(C#N)c3ccccc23)c1,-7.369
MOL_03_009965,OC(O)CCC[NH2+][C@@H]1c2cccc3cccc(c23)[C@H]1O,-7.369
MOL_03_002660,CCCC[C@H](O)[C@@H]1C[C@@H](Cc2ccccc2)CCN1CCC[NH2+][C@H](O)Nc1cccc(-c2nnnn2C)c1,-7.368
MOL_03_000408,[O-][C@H](C[NH2+][C@H](O)Cc1ccc(Cl)cc1)[NH2+]C[C@H](O)N1CCCCC1,-7.367
MOL_03_006365,CO[C@H](O)C[C@H](N[C@H](O)[C@@H]1CCC[N@H+]([C@H](O)CCC2CC[NH2+]CC2)C1)c1cccnc1,-7.366
MOL_03_000396,Cc1cc(CC[C@H](O)[NH2+]CCn2c(C)cc3ccccc32)cc(C)c1F,-7.363
MOL_03_009800,N#CCC1(n2cc([C@H]([NH3+])O)c(Nc3ccccc3)n2)CC[NH+]([C@H]([O-])c2ccc(N3CCOCC3)cc2)CC1,-7.362
MOL_03_004011,[NH3+]C[C@H](O)c1ccc(O)c(C2CCCCC2)c1,-7.36
MOL_03_002876,CC1(C)C[C@@H]([NH2+][C@H](S)Nc2ccc(Cl)cc2)c2cc(NCO)ccc2O1,-7.357
MOL_03_003939,C[C@H](Cc1ccc(COc2ccc(C[C@H](CO)[NH2+]CCc3cccc(Cl)c3)cc2)cc1)[NH2+]CCc1cccc(Cl)c1,-7.355
MOL_03_004730,C[NH+](C)CCN[C@H](O)c1cnn2c(-c3cccc(N[C@H](O)c4cccc(C(F)(F)F)c4)c3)ccnc12,-7.355
MOL_03_005580,[NH3+]CC[C@H](N[C@H](O)c1ccc(-c2ccccc2)o1)[C@H]([O-])[NH+]1CCNCC1,-7.355
MOL_03_004039,COc1cc([C@H](O)[NH2+]C[C@H](O)NN[C@H](C)c2cccs2)cc(OC)c1OC,-7.354
MOL_03_004473,O[C@@H]1[C@H]2CC[N@H+](CC2)[C@H]1Cc1ccncc1,-7.352
MOL_03_000926,CO[C@H](O)c1cc2oc3ccccc3c2n1C[C@H](O)Nc1cccc(SC)c1,-7.352
MOL_03_009313,OC(O)CC[NH2+][C@H](O)[C@H](Cc1ccc(-c2ccccc2)cc1)C[C@H](Cc1ccc(-c2ccccc2)cc1)C(O)O,-7.35
MOL_03_005892,Cc1ccc(NC[C@@H]2[C@@H](O)[NH2+][C@@H]([O-])N2c2ccccc2)cc1,-7.349
MOL_03_001076,CCc1ccc(C[N@H+]2CC[C@@H](C[NH2+][C@H]([O-])c3cc(-c4ccccc4Cl)cs3)C2)cc1,-7.348
MOL_03_009381,[O-][C@H]1[NH2+][C@@]2(CCc3ccccc32)[C@@H]([O-])[N@H+]1C[C@@H](O)NCc1cccc(C(F)(F)F)c1,-7.348
MOL_03_003148,O=c1[nH]cccc1[C@H](O)OC[C@H](O)[NH2+]C1CCCCCCC1,-7.348
MOL_03_006710,N#Cc1cn(Cc2ccccc2)c2ncnc(N)c12,-7.348
MOL_03_004133,Cc1nc(-c2ccccc2)sc1CC[C@H](O)c1ccc(C[C@@H]2S[C@@H](O)N[C@H]2O)cc1,-7.346
MOL_03_001115,Cc1cc(O)cc(C)c1C[C@H]([NH3+])[C@H](O)N1Cc2ccccc2C[C@H]1[C@H](O)N[C@H](C)[C@H](O)[NH2+]C12C[C@H]3C[C@@H](C1)C[C@@H](C2)C3,-7.346
MOL_03_004129,COc1cc(CNN[C@H](O)c2cccc3ccccc23)ccc1OC[C@H]([NH3+])[O-],-7.345
MOL_03_009347,CN(C)c1ncnc2c1cnn2[C@@H]1O[C@@H](CO)[C@@H](O)[C@H]1O,-7.345
MOL_03_008039,CN(Cc1ccccc1)c1ccc(N2[C@H](O)CC[C@@H]2O)cc1N(O)O,-7.345
MOL_03_000778,O[C@H](CO[C@H](O)[C@@]12C[C@@H]3C[C@@H](C[C@@](O)(C3)C1)C2)N[C@H](O)[NH2+]Cc1ccco1,-7.344
MOL_03_005486,O[C@@H]1N[C@@H](O)[C@@H]([C@H](O)[C@H](O)Nc2ccc(Cl)cc2Cl)[C@@H](O)N1,-7.343
MOL_03_000715,C#CCN(NO)[C@H]([O-])[NH2+]CCC[C@H]([NH2+][C@H](C)O)[C@H](O)NCc1ccccc1,-7.341
MOL_03_006576,OC(O)[C@@H](Cc1ccc2cc(OCc3ccccc3F)ccc2c1)[NH2+][C@H](O)CCc1ccc(F)cc1,-7.339
MOL_03_001190,Cc1nc2cnccc2n1-c1ccc([C@@H]2C[C@@H](O)Nc3c(c(-c4ccccc4)nn3C)N2)cc1,-7.338
MOL_03_007137,Cn1c(CC[NH2+][C@H](O)c2ccco2)[nH+]c2cc(N[C@H](O)COc3ccc(Cl)cc3)ccc21,-7.336
MOL_03_009356,Cc1nn(Cc2ccc(F)cc2)c(C)c1N[C@H](O)c1cc(-c2ccc3c(c2)OCO3)on1,-7.336
MOL_03_000482,Oc1ccc([C@H](O)N[C@@H]2C[NH2+]C[C@H]2O[C@H](O)c2cc(O)c([C@H](O)Nc3ccccc3C(O)O)c(O)c2)cc1,-7.336
MOL_03_009954,N[C@@H]([NH3+])Nc1ccc(CCNc2cnc3ccccn23)cc1,-7.336
MOL_03_008205,C[C@H](NNC([NH3+])NN[C@H](C)c1ccccc1)c1ccccc1,-7.333
MOL_03_001037,OC(O)c1ccc2c(c1)nc(NC1CC1)c1nc(NCc3cccc[nH+]3)ncc12,-7.33
MOL_03_001671,Cc1ccc(Cl)c(N[C@H](O)C[N@H+](C)C[C@H](O)Nc2ccc(F)c(F)c2F)c1Cl,-7.327
MOL_03_000846,Nc1c2c([nH+]c3ccccc13)CC[C@@H](Cc1cccc(N(O)O)c1)[C@H]2O,-7.326
MOL_03_009792,Oc1cc([C@H](O)O[C@@H]2C[C@@H](C(O)O)C[C@@H](O[C@H](O)c3cc(O)c(O)c(O)c3)[C@H]2O)cc(O)c1O,-7.325
MOL_03_002813,O[C@H]([C@@H]1C[C@@H](N2CCc3cc(N(O)O)ccc32)C[NH2+]1)N1CCSC1,-7.325
MOL_03_000437,CCn1cnc2c(Nc3cccc(C(F)(F)F)c3)nc(NCCO)nc21,-7.323
MOL_03_003172,[NH3+][C@H](C(O)O)[C@H](CC(O)O)c1ccc(Cl)cc1,-7.322
MOL_03_009106,COc1cc2c(cc1OC)[C@@H](O)[C@@H](Cc1cccc(O)c1)O2,-7.321
MOL_03_003801,CN1c2cc(N[C@H](O)[NH2+][C@@H]3CCc4cc(Cl)ccc43)ccc2CC[C@H]1O,-7.319
MOL_03_005215,CC(C)[NH2+][C@H](O)CCN1CCc2ccc(F)cc21,-7.318
MOL_03_004408,C[C@H](O)Nc1cccc(N[C@@H](O)c2ccc([C@@H](O)Nc3cccc(N[C@H](C)O)c3)cn2)c1,-7.317
MOL_03_005419,CCCC(CCC)[C@H](O)[NH2+]Cc1ccc2c(cnn2-c2ccc([C@H](O)OC(C)(C)C)cc2)c1,-7.316
MOL_03_002381,COc1ccc([C@@H]2C[C@@H](c3ccc(N[C@H](O)Nc4ccc(C(F)(F)F)cc4)cc3)N([C@H](C)O)N2)cc1OC,-7.316
MOL_03_007204,OCCNc1ccc([NH2+]CCO)c2c1[C@H](O)c1c(O)ccc(O)c1[C@@H]2O,-7.314
MOL_03_000574,CN(C)c1cc[nH+]c(N2C[C@@H]3CC[N@H+]([C@H]([O-])c4cccc(F)c4-n4nccn4)C[C@@H]32)c1,-7.311
MOL_03_006117,COc1ccc2c(ccn2CC[C@H](O)[NH2+][C@H](C(C)C)C(O)O)c1,-7.308
MOL_03_008110,Cc1cc([C@H](O)Nc2cc(Nc3cnccn3)[nH+]c(-c3ccnc(N4CC[NH2+]CC4)c3)c2)n(C)n1,-7.308
MOL_03_003875,Cc1cccc(-c2nc(C[S@@+](O)C[C@H](O)[NH2+]Cc3cccs3)c(C)o2)c1,-7.307
MOL_03_000863,[O-][C@@H]1[C@H](N[C@H](O)Cc2cccs2)[C@H]2SC[C@@H](CNO)[C@H]([C@H](O)OC(c3ccccc3)c3ccccc3)[N@@H+]12,-7.307
MOL_03_005348,C[NH+]1CCN([C@H](O)C[NH2+][C@H](O)Nc2ccc3c[nH+]ccc3c2)CC1,-7.305
MOL_03_003380,O[C@@H]1c2ccccc2[C@@H](O)N1NCc1ccc(Oc2ccc(N(O)O)cn2)cc1,-7.303
MOL_03_003090,[NH3+]Cc1cccc(-c2cccc(Oc3nc(OCC(O)O)c(F)cc3F)c2)c1,-7.303
MOL_03_000105,CN[C@H](O)c1cc(Oc2ccc([C@H](O)CCc3ccc(N(O)O)cc3)cc2)ccn1,-7.302
MOL_03_002038,CCO[C@H](O)CC[C@@H]1CN(Cc2ccc(Cl)cc2)[C@@H](Nc2ccc(OC(C)C)c(Cl)c2)[NH2+][C@H]1O,-7.302
MOL_03_008058,[O-][C@H]([NH2+]CCCc1ccccc1)c1cc(O)c(O)c(O)c1N[C@H](O)c1ccccc1,-7.301
MOL_03_007612,COc1ccc(C[NH2+][C@H](O)Nc2c(-c3ccccc3)noc2C)cc1,-7.301
MOL_03_006436,Oc1ccc(-c2ccc(-c3ccc(O)c(O)c3)c(O)c2O)cc1,-7.299
MOL_03_005750,C[C@@H]1[NH2+]CN(Nc2cccc(Cl)c2)[C@H]1c1cccc(Cl)c1,-7.298
MOL_03_000195,CCCc1c([C@H](O)N[C@@H]2[C@@H](O[C@@H]3C[C@@](O)(CO)C[C@@H](O)[C@H]3O)O[C@@H](CO)[C@@H](O)[C@H]2O)cnn1-c1cc(Cl)cc(Cl)c1,-7.297
MOL_03_000919,N[C@@H]([NH3+])c1ccc([C@H]([O-])[NH2+]CC[C@H](O)[NH2+][C@H](CC(O)O)[C@H]([O-])[NH2+][C@H](Cc2ccc(O)cc2)C(O)O)cc1,-7.297
MOL_03_007590,CCc1[nH+]c2ccc([C@H](O)Nc3cccc(OC)c3)cn2c1N(CCC(C)C)CC[NH+](C)C,-7.294
MOL_03_000404,[O-][C@@H](c1cccc(N[C@H](O)Cc2cccc(N(O)O)c2)c1)[NH+]1CCCCC1,-7.293
MOL_03_002321,CC(C)c1cccc(C(C)C)c1N[C@H](O)[NH2+]CC1(c2ccc(C(O)O)cc2)CCCC1,-7.293
MOL_03_002129,COc1c(C)c[nH+]c(C[S@@+](O)c2[nH+]c3ccccc3n2CCN2CCOCC2)c1C,-7.289
MOL_03_001738,ON(O)c1cccc2nsnc12,-7.289
MOL_03_004450,C[C@H]([NH3+])Cc1ccc2c(c1)OCO2,-7.289
MOL_03_005765,CC[C@H](O)[NH2+]CCc1cccc2ccc(OC)cc12,-7.288
MOL_03_008786,COc1ccc(CC[N@@H+](C)[C@@H]2C[C@@H](O)N(c3ccccc3)[C@H]2O)cc1OC,-7.287
MOL_03_002772,[O-]c1ccc2ccccc2c1CNN[C@H](S)N[C@@H]1C[N@H+]2CC[C@@H]1CC2,-7.286
MOL_03_005746,COc1ncc2cc([C@H](O)Nc3cc([C@H]([O-])[NH2+][C@H](CCCC[NH3+])c4ccccc4)ccc3Cl)c(=O)[nH]c2n1,-7.286
MOL_03_006341,C[C@H](O)c1cccc(N[C@H](O)c2sc3[nH+]c4cc5c(cc4cc3c2N)OCO5)c1,-7.286
MOL_03_003056,N#Cc1ccc(Nc2ccc3cccc4c3c2[C@@H](O)CC4)cc1,-7.286
MOL_03_002444,[NH3+]Cc1ccc(C[NH2+][C@H](O)Cc2ccc(-c3cccc(C(F)(F)F)c3)cc2)cc1,-7.285
MOL_03_001305,C[NH+](C)C[C@@H]1c2cccc(Cl)c2N[C@H]1O,-7.285
MOL_03_001732,CCOc1ccccc1N1CC[NH+](C[C@H](O)Nc2ccccc2[C@H]([O-])[NH2+]C2CC2)CC1,-7.283
MOL_03_007053,Cn1cc(-c2ccc([C@@H](O)NCC[NH+](C)C)c3occc23)cn1,-7.283
MOL_03_002881,CC[N@H+](C1CC[NH+]([C@H](C)C[C@H]([NH2+][C@H](O)C2CCC2)c2ccccc2)CC1)[C@H](O)NCc1ccccc1,-7.283
MOL_03_003897,Cc1cc2c(N[C@H](O)[NH2+][C@@H]3CC(C)(C)Oc4cc(F)ccc43)cccc2cn1,-7.281
MOL_03_009923,C[C@H](O)O[C@H](c1ccccc1)[C@H](O)Nc1cccc2c1[C@@H](O)[C@@H](O)[NH2+][C@H]2[O-],-7.278
MOL_03_002265,[NH3+]Cc1ccc(CN[C@H](O)[C@H](Cc2ccccc2)[NH2+][C@H]([O-])[C@H](Cc2ccccc2)N[C@H](O)c2ccccc2)cc1,-7.277
MOL_03_005491,CC(C)C[C@H]1[C@H]([C@H](O)NO)CCCO[C@H](O)N(C)CCCC[C@H]([C@H](O)NC[C@H]([O-])[NH+]2CCC(O)CC2)[NH2+][C@@H]1O,-7.277
MOL_03_008461,COCC[NH2+][C@H](c1ccccc1)[C@H](O)Nc1cc(Cl)cc(Cl)c1,-7.277
MOL_03_007717,CC(C)[C@H]([NH2+][C@H](O)[C@@H]1Cc2ccccc2CN1)[C@H](O)Nc1ccc2c(c1)OCO2,-7.277
MOL_03_000869,CCO[P+](O)(OCC)[C@H](O)[C@H](C[C@@H]1CC[NH2+][C@H]1[O-])[NH2+][C@H](O)[C@H](CC1CCCCC1)N[C@H](O)OCc1ccccc1,-7.275
MOL_03_005701,Cc1ccccc1Cn1nc(C)c(N[C@H](O)CCc2cnn(C)c2C)c1C,-7.274
MOL_03_000747,C[C@@]1(c2nc(N[C@H](O)c3ncc(OCCF)nc3N)ccc2F)N[C@@H]([NH3+])OCC1(F)F,-7.274
MOL_03_008296,Cc1cccc(C)c1[C@H](O)[NH2+][C@H](Cc1ccc(N[C@H](O)c2ccnc3ccccc23)cc1)C(O)O,-7.273
MOL_03_001367,Cc1csc([C@@H]2CC[C@@H]([NH2+][C@@H](O)Nc3c(F)ccc4c[nH+]c(C)cc34)C2)n1,-7.272
MOL_03_007256,Cn1c(C[C@H](O)NN[C@H](O)c2ccc3ccccc3n2)[nH+]c2ccccc21,-7.27
MOL_03_000952,CON[C@H](COCc1ccccc1)[C@H](CC[NH+]1CCC(O)(c2ccccc2)CC1)c1ccc(Cl)c(Cl)c1,-7.27
MOL_03_007809,COc1cc([C@H](O)N[C@H](S)Nc2cccc(N[C@H](O)c3ccc(-c4ccccc4)cc3)c2C)cc(OC)c1OC,-7.268
MOL_03_003650,N#Cc1ccc2c(C[NH2+]CCCCNc3cc[nH+]c4cc(Cl)ccc34)csc2c1,-7.268
MOL_03_000986,CC[C@H](c1ccc(O)cc1)[C@H](C[C@H]([NH3+])O)c1ccc(O)cc1,-7.266
MOL_03_006243,Oc1ccc2c(c1)Cc1cc(N(O)O)ccc1-2,-7.264
MOL_03_000068,COCCOc1cc(C2([C@H](O)Nc3cc([C@H](O)Nc4ccc(Cl)c(C(F)(F)F)c4)ccc3C)CC2)ncn1,-7.264
MOL_03_008703,CC(C)(C)O[C@H](O)N[C@@H]([C@H](O)[C@H](C#N)[C@H](O)c1ccccc1)[C@H](O)[C@H]([NH3+])Cc1ccccc1,-7.263
MOL_03_006862,O[C@H](C[P+](O)(O)C[C@H](O)c1ccccc1)c1ccccc1,-7.263
MOL_03_005630,COc1ccc(C[C@H](O)Nc2cccc(-c3ccc4nncn4n3)c2)cc1OC,-7.262
MOL_03_008824,C[C@@]1(c2nnc(-c3ccncc3)o2)C[C@@H](c2ccc(F)cc2)NO1,-7.262
MOL_03_000185,C[NH2+]CC[C@H](O)Nc1nsc2ccccc12,-7.262
MOL_03_009011,N[C@@H]([NH3+])c1ccc(COc2cc(Oc3ccc([C@@H](N)[NH3+])cc3)cc([C@@H](O)[NH2+][C@H]3CC[C@H]([NH3+])CC3)c2)cc1,-7.261
MOL_03_001234,Nc1nc(N)c(CCN(Cc2ccc(N[C@H](CCC(O)O)C(O)O)cc2)c2ccc(N(O)O)c(F)c2F)c(=O)[nH]1,-7.261
MOL_03_002790,C[C@H](C[NH+]1CCN(c2cc(F)c(F)cc2F)CC1)N1[C@H](O)CC2(CCCC2)C[C@@H]1O,-7.261
MOL_03_000884,Nc1n[nH+]c(N)n1N[C@H](O)[C@H](O)Nc1ccc(N(O)O)cc1,-7.259
MOL_03_004143,C[C@@H]1NN([C@H]([NH3+])[S-])[C@@H](O)[C@H]1NNc1ccc(O)cc1,-7.259
MOL_03_008019,O[C@@H]1CS[C@@H](S)N1NCc1ccc2c(c1)OCO2,-7.258
MOL_03_000819,CC(C)Oc1ccccc1N1CC[NH+](C[C@H](O)C[C@H](O)C[N@H+]2CCCC[C@H]2[O-])CC1,-7.258
MOL_03_009887,Cc1c([C@H](O)Nc2ccc(C(F)(F)F)cc2)cnn1Cc1ccccc1,-7.258
MOL_03_002519,COc1ccc(C[C@@H]2CN3[C@@H](Cc4ccc(O)cc4)CN[C@@H]3[N@H+]2C[C@H](C)[NH2+][C@H](O)CCC2CCCCC2)cc1,-7.258
MOL_03_008459,COc1ccc(-c2cc3nccc(-c4cccc(N[C@H](O)c5cccc(C(F)(F)F)c5)c4)n3n2)cc1,-7.253
MOL_03_005404,C[C@H](O)c1nccc(N2CCN(c3ccc4ccccc4[nH+]3)CC2)n1,-7.252
MOL_03_005681,OC(O)c1sc(N2CCOCC2)nc1C[C@H](O)N1CCc2c(Cl)cccc21,-7.251
MOL_03_006123,CC1(C)N[C@@H]([NH3+])N[C@@H]([NH3+])N1c1ccc(OCc2ccc(CO)cc2)cc1,-7.249
MOL_03_001600,Oc1cccc(-c2ccc(F)cc2F)c1,-7.248
MOL_03_003247,Cn1cc([C@@H]2[C@@H](O)[NH2+]C[C@H]2c2ccccc2)c2ccccc21,-7.246
MOL_03_001839,c1cc(-c2cnc3c(-c4ccnc5ccccc45)cnn3c2)cc(N2CC[NH2+]CC2)c1,-7.244
MOL_03_007508,Cc1ccc(N[C@H](O)c2ccnc(C(F)(F)F)c2)cc1-c1cc(OCCO[P+](O)(O)O)nc(N2CCOCC2)c1,-7.243
MOL_03_000142,CCCn1c(SC[C@H](O)Nc2ccccc2Cl)n[nH]c1=O,-7.242
MOL_03_009255,OC(O)CCCCCCCOc1ccc(N[C@H](O)[C@@H]2[C@@H](O)CN(c3ccccc3)[C@H]2O)cc1,-7.241
MOL_03_001747,CCc1cc(Oc2cc(F)cc([C@H](C)N[C@H](O)c3sc4ccc(Cl)cc4c3C)c2)ccc1CCC(O)O,-7.241
MOL_03_007410,[O-][C@H](c1csnn1)[N@H+]1CCC[C@]2(CC[N@@H+]([C@H](O)Nc3cccc(F)c3)C2)C1,-7.24
MOL_03_005754,[O-][C@@H]([NH2+]C[C@@H](O)[NH2+]C1CC1)c1ccc(C(F)(F)F)cc1,-7.239
MOL_03_005212,O[C@@H]1c2ccccc2[C@@H](O)[C@@H](N2CCCCC2)[C@H]1[NH2+]C1CCCC1,-7.235
MOL_03_005595,[NH3+]CCNc1cc(N2CCOc3ccccc3C2)[nH+]c2ccccc12,-7.234
MOL_03_006300,Cc1nc(Nc2ccc(N[C@H](C)O)cc2)nc(N(C)c2ccccc2)c1N(O)O,-7.234
MOL_03_005618,C[C@@]1(F)CC(F)(F)[C@@](C)(c2cc(N[C@H](O)c3coc(C(F)F)n3)ccc2F)N[C@H]1[NH3+],-7.234
MOL_03_001042,COC[C@H](O)N1CC[N@@H+](C)C[C@@H](Cc2cc(N(C)C)ncn2)C1,-7.233
MOL_03_005553,[O-][C@@H]([NH2+]CCCC[C@@H](N[C@@H](O)[NH2+][C@@H](CCC(O)O)C(O)O)C(O)O)c1ccc(I)cc1,-7.233
MOL_03_008961,C[C@H]([NH2+][C@H](O)N[C@H](O)c1cccc(N(O)O)c1)C1CC1,-7.232
MOL_03_003986,Oc1cccc2cc(F)cnc12,-7.232
MOL_03_009292,Cc1cccc(C)c1N[C@H](O)C[C@H]([NH2+]CCc1ccccc1)C(O)O,-7.231
MOL_03_000652,COc1c(C[C@H](C)O)ccc2c1[C@@H](O)c1ccc(CO)c(O[C@H](C)O)c1[C@H]2O,-7.231
MOL_03_004587,[NH3+][C@H](NCCc1ccccc1)[C@@H]1COc2ccccc2O1,-7.229
MOL_03_002634,N[C@@H](C[NH3+])[P+](O)(O)C[C@H](Cc1ccccc1)C(O)O,-7.229
MOL_03_006299,CC[C@@](C)(c1csc(CCc2cccc(N[C@H](O)Cc3ccccc3C(O)O)c2)n1)[C@H]([NH3+])O,-7.227
MOL_03_001702,CCc1cc2c3[nH]c4c(N(O)O)cccc4c3cc[n+]2nc1CC,-7.227
MOL_03_003426,CC(C)c1cccc(-c2ccc(N[C@H](O)[C@@](C)([NH3+])CO)cc2)c1,-7.225
MOL_03_000381,CC(C)([C@H]1[C@H](O)Nc2c(cccc2[C@H](O)[NH2+]Cc2c(F)ccc(F)c2F)N[C@@H]1O)[C@H](O)[NH2+]Cc1ccccc1,-7.223
MOL_03_002001,COc1cccc(N[C@H](O)CC[C@H](O)Nc2ccc3c(c2)[C@@H](O)[C@@H](O)[NH2+][C@H]3[O-])c1,-7.223
MOL_03_001309,Cc1ncnn1-c1cnc([C@H](O)Nc2ccc(F)c([C@@]3(C)CCS[C@@H]([NH3+])N3)c2)cn1,-7.222
MOL_03_004123,Cn1c(N2CCCC2)[nH+]c2ccc(N[C@H](O)COc3ccc(C(F)(F)F)cc3)cc21,-7.221
MOL_03_009096,COc1ccc([C@H](O)NN[C@H](S)N[C@H](O)c2ccc(OC)cc2)cc1,-7.218
MOL_03_009431,O[C@H](Nc1ccccc1F)[NH2+][C@@H]1CCN(c2ccnc(Nc3ccc(F)cc3)n2)C1,-7.218
MOL_03_002735,COc1cc(C[NH2+][C@H](O)CO)ccc1O,-7.218
MOL_03_008605,CCc1ccccc1N[C@H](O)C[NH+]1CC[NH+]([C@H]([O-])CC[C@H](O)N2CC[C@@H](c3ccccc3)N2)CC1,-7.217
MOL_03_002643,COCCCn1cc(N[C@H](O)c2csc(-c3nncn3C(C)C)n2)cn1,-7.216
MOL_03_000547,C[C@H](Nc1cc([C@H]([NH3+])[O-])nc(-c2ccc(Oc3ncccc3C(F)(F)F)cc2)n1)[C@H]([NH3+])O,-7.216
MOL_03_008845,Cc1cc(N2CCSCC2)ccc1N[C@H](O)[N@@H+](CCO)C1CC1,-7.213
MOL_03_007267,O[C@H](COc1ccccc1-c1ccccc1)NN[C@H](O)[NH2+]C1CCCCC1,-7.213
MOL_03_002711,CC[C@H](O)C[NH+]1CCN([C@H](O)c2cnn(-c3ccccc3F)c2)CC1,-7.211
MOL_03_006217,[NH3+][C@@H]1NN(c2ccccc2)[C@@H](O)[C@H]1[C@H](O)[C@H](O)Nc1ccc(Cl)cc1,-7.211
MOL_03_003758,Oc1ccc(CCc2ccnc3ccccc23)cc1,-7.21
MOL_03_000810,CCO[C@H](O)[C@@H](NNc1cc(Cl)ccc1Cl)[NH2+]C[C@@H]1CCCO1,-7.21
MOL_03_000147,COc1ccc(Cl)cc1[C@H](O)N[C@H](O)[NH2+][C@@H]1C[C@H]2CC[C@@H](C1)[N@H+]2C,-7.209
MOL_03_002495,C[C@H](O)c1cnc2ccc(-c3ccc(-c4ccc(O)cc4)cc3)cc2c1Nc1cccc(CC[NH+]2CCCC2)c1,-7.208
MOL_03_005225,Nc1oc2c(-c3cccnc3)nccc2c1Nc1ccc(F)c(Cl)c1,-7.207
MOL_03_003663,N#C[C@@H]1CN([C@H](O)OCc2ccccc2)CC[C@H]1n1cc([C@H]([NH3+])[O-])c(Nc2ccc(F)cc2)n1,-7.206
MOL_03_001699,OC[C@@H]1OC[C@@H](O[C@H](O)c2cc(O)c(O)c(O)c2)[C@@H](O)[C@H]1O,-7.201
MOL_03_009516,CCCSC[C@H](O)Nc1ncc2c(n1)-c1ccccc1CC2,-7.2
MOL_03_006304,Cn1nc(NC[C@H](O)[NH2+]C2CN([C@H]3CC[C@H](C4CCCCC4)CC3)C2)c2cc(C(F)(F)F)ccc21,-7.198
MOL_03_002777,CO[C@H](O)[C@@H]1[C@@H](c2ccccc2C(F)(F)F)N[C@@H](NCc2cccc(C(F)(F)F)c2)[N@@H+](Cc2cccc(C(F)(F)F)c2)[C@H]1C,-7.195
MOL_03_008532,[O-][C@H]([NH2+]Cc1ccc(F)cc1)[C@H]1Cn2c(cc3ccccc32)[C@H](O)N1,-7.195
MOL_03_003062,COc1cc2c(cc1OC)C[N@H+]([C@@H]1C[C@@H](O)N(c3c(C)cccc3C)[C@H]1O)CC2,-7.195
MOL_03_001771,[NH3+][C@H](NO[C@H](O)COc1ccc(Cl)cc1)c1ccc(Cl)cc1,-7.194
MOL_03_001967,[O-][C@H](c1ccc2nc(N3CCCC3)oc2c1)[N@H+](CC1CCCCC1)C[C@@H](O)[C@@H](Cc1ccccc1)N[C@@H](O)OCc1cncs1,-7.193
MOL_03_003162,COc1cc(CNN[C@H](O)c2cccc(N[C@H](O)c3ccccc3Cl)c2)ccc1O,-7.191
MOL_03_003697,CC(C)(C)[C@H](O)Nc1ccccc1[C@H](O)[NH2+]CCCn1ccnc1,-7.19
MOL_03_005821,CC[C@H]([C@H](O)[NH2+]C1CCCC1)N(Cc1cccs1)[C@H](O)Cn1nnc(-c2ccc(OC)c(OC)c2)n1,-7.189
MOL_03_001756,Oc1cccc2c1[C@@H](O)c1c(O)cc(Cn3ccnc3)cc1[C@H]2O,-7.186
MOL_03_007218,[O-][C@@H]1CCC[N@@H+]1C[C@@H](O)N1CCC[C@@H]([C@H](O)c2cccc(C(F)(F)F)c2)C1,-7.186
MOL_03_004674,Cc1ccc(-c2cn(CC[C@@]3(O)[NH2+][C@@H]([O-])[C@@H](OCc4ccccc4)[C@H]3OCc3ccccc3)nn2)cc1,-7.185
MOL_03_004432,Cc1ccc(N[C@H](O)CN2[C@H](O)[C@H](Cc3ccc(-c4ccc(Cl)c(C(O)O)c4)o3)S[C@@H]2O)cc1,-7.184
MOL_03_004038,Cc1cc(N[C@H](O)c2ccc(C(C)(C)C)cc2)ccc1CC(O)O,-7.183
MOL_03_008915,COc1ccc(CN[C@H](O)[N@@H+]2CCN(c3ccc([C@H](O)Nc4ccccc4N)c[nH+]3)C[C@H]2C)cc1,-7.182
MOL_03_002083,O[C@H](CO[C@H](O)CCc1ccccc1)Nc1nnc(-c2ccccc2)o1,-7.181
MOL_03_003916,CCO[C@H](O)c1cc(O)cc2nc(-c3ccc(O)cc3)oc12,-7.18
MOL_03_008587,O[C@H](C[C@@H]1[C@@H](O)NCC[N@H+]1CC1CCCCC1)[NH2+]Cc1ccccc1Cl,-7.179
MOL_03_004360,[O-][NH2+][C@H](O)CCCCCC[C@H](O)N(Cc1ccccc1)[C@H](Cc1ccc(-c2ccccc2)cc1)[C@H](O)[NH2+]CCc1ccccc1,-7.179
MOL_03_000019,OC(O)[C@@H](CC1CC1)[N@@H+]1C[C@@H](C[NH+]2CCC(CC[C@@H](O)c3ccc(F)cc3)CC2)[C@H](c2cccc(F)c2)C1,-7.178
MOL_03_001818,Oc1ccc(N[C@H](O)[C@@H]2Cc3ccccc3O2)cc1,-7.177
MOL_03_006122,Nc1cccc(Nc2nc(NCCO)nc(NCCNc3nc(NCCO)nc(Nc4cccc(N)c4)n3)n2)c1,-7.176
MOL_03_007055,O[C@H](NN[C@H](O)c1csc(-c2ccc(Cl)cc2Cl)n1)c1ccccn1,-7.176
MOL_03_007224,COc1cccc(CC[C@H](O)[NH2+][C@H](CO[C@H](O)c2ccccc2)[C@H]([O-])[NH2+]C2CCCCC2)c1,-7.175
MOL_03_006177,[NH3+][C@H](CC[C@H](O)N[C@H](CS[C@H](O)OCc1ccccc1N(O)O)[C@H]([O-])[NH2+]CC(O)O)C(O)O,-7.175
MOL_03_007715,CC[NH+](CC)CCN[C@H](O)c1cccc(-c2cnn3ccc(-c4cccs4)nc23)c1,-7.175
MOL_03_007246,C[NH2+][C@H](O)C[C@@H]1CC[C@@H]2[C@@H](COC[C@@H](O)C[N@@H+]2[C@H](O)Nc2ccc(Cl)c(Cl)c2)O1,-7.174
MOL_03_005399,Cc1cccc(N[C@H](O)[NH2+][C@@H]2C[C@@H]([NH+]3CCCCCC3)c3ccccc3N(C)[C@H]2O)c1,-7.174
MOL_03_009124,COc1ccc(N2[C@H](O)[C@H](Cc3cn(C[C@H](O)OC)c4ccccc34)[C@H](O)N[C@@H]2O)cc1,-7.174
MOL_03_004503,COc1ccc(N2[C@H](c3ccccc3N(O)O)[C@H](OC)[C@@H]2O)cc1,-7.172
MOL_03_006645,CCCc1cc([C@H](O)Nc2cccc3ccccc23)n(C)n1,-7.172
MOL_03_001259,[NH3+][C@H]([O-])c1ccc2c(c1)[C@@H](O)[C@@H](O)N2Cc1ccc2ccccc2c1,-7.172
MOL_03_004295,Oc1ccc(C(O)O)cc1CNN[C@H](S)[NH2+]C1CCCCC1,-7.17
MOL_03_000667,[NH3+][C@H]([C@H]([O-])[NH2+]CCCC(O)O)[C@H](O)c1ccc(N(O)O)cc1,-7.167
MOL_03_003626,CC[C@H](O)[C@H](C[NH2+]Cc1ccc(C)cc1C)N[C@H](O)C[NH2+][C@H](O)c1cccc(C(F)(F)F)c1,-7.166
MOL_03_008859,C[C@H](C[C@H](O)Nc1ccc(Cl)c(C(F)(F)F)c1)NN[C@H](O)c1cnccn1,-7.166
MOL_03_008338,CCc1ccc(CCOc2ccc(C[C@H](C[C@H](O)[N@H+]3C[C@H]4CCCC[C@H]4C3)C(O)O)cc2)nc1,-7.165
MOL_03_001276,C[C@H]([C@H](O)[NH2+]C1CCCCC1)C1(O)CC[NH+](CCc2ccccc2Cl)CC1,-7.164
MOL_03_009870,O[C@H](NCc1cccc(Cl)c1)[NH2+]Cc1cccc(N(O)O)c1,-7.164
MOL_03_001940,[NH3+]Cc1cccc(C2CC[NH+]([C@H](O)c3ccc(C#Cc4ccccc4Cl)o3)CC2)c1,-7.163
MOL_03_002736,COc1ccc(Nc2c3c([nH+]c4ccc(N[C@H](O)CCc5cccc(OC)c5OC)cc24)CCCC3)cc1OC,-7.163
MOL_03_003541,Cc1ccc(CSC[C@H]([NH2+][C@H](O)[C@H](CS)Cc2ccccc2)[C@H](N)O)cc1,-7.163
MOL_03_008645,O[C@H](N[C@@H]1CCC[N@H+](Cc2ccccc2)C1)c1cc(Cl)cc(Cl)c1,-7.163
MOL_03_009079,Cc1cc(N)[nH+]c(C[C@@H]2C[NH2+]C[C@H]2OCCN(CCc2cccc(F)c2)[C@H](O)OCc2ccccc2)c1,-7.163
MOL_03_002220,Nc1nc2c(ncn2[C@@H]2O[C@@H](CO[P+](O)(O)O[P+](O)(O)O)[C@@H](O)[C@H]2O)c(=O)[nH]1,-7.162
MOL_03_008996,Nc1nc2c(ncn2[C@@H]2O[C@@H](CO[P+](O)(O)O[P+](O)(O)O)[C@@H](O)[C@H]2O)c(=O)[nH]1,-7.162
MOL_03_006287,[NH3+][C@H]([O-])COc1ccc(OCC[NH2+]C[C@H](O)COc2ccccc2F)cc1,-7.162
MOL_03_004969,CN[C@H](O)c1cc(N[C@H](O)[NH2+]C2CC2)ccc1F,-7.161
MOL_03_007509,O[C@H](CCc1cccc2ncccc12)c1ccncc1,-7.16
MOL_03_000695,C[C@@]1(c2cccc(Nc3cc(F)cc4cc(Cl)cnc34)c2)COC[C@@H]([NH3+])N1,-7.159
MOL_03_000666,O[C@H](CCl)Nc1cc([C@H](O)Nc2cccnc2Cl)cc([C@H](O)[NH2+]CCc2ccc(Cl)c(Cl)c2)c1,-7.159
MOL_03_009139,CC[NH+](CC)Cc1cc(Nc2cc(C(F)(F)F)nc(N[C@H]([NH3+])Nc3ccc(C(F)(F)F)cc3)n2)ccc1OCc1ccccc1,-7.159
MOL_03_005209,C[C@H](NN[C@@H]1SC[C@@H](O)N1Cc1cccc2ccccc12)C1CCCCC1,-7.158
MOL_03_002383,CC[N@@H+](C[C@H](O)NCc1ccc(Cl)cc1)C[C@H](O)NC1(C#N)CCCC1,-7.158
MOL_03_000393,C[C@H](O)c1cccc(N[C@H]([S-])[NH2+][C@H](O)c2cccc(Cl)c2)c1,-7.157
MOL_03_001197,COc1ccc(N[C@H](O)CC[C@H](O)Nc2nnc(C(C)C)s2)cc1Cl,-7.156
MOL_03_002857,CC[NH2+]Cc1ccc([C@@H]2C[C@@H](S[C@@H]3[C@@H](C)[C@@H]4[C@@H]([C@H](C)O)[C@@H]([O-])[N@H+]4[C@H]3C(O)O)C[NH2+]2)cc1,-7.156
MOL_03_006895,COc1ccc([C@H](C)[C@H](CS)[C@H](O)[NH2+][C@H](Cc2ccc(O)cc2)C(O)O)cc1,-7.153
MOL_03_007082,Cc1cc(Nc2ccc([C@H](C)O)cc2)nc(-c2ccncc2)n1,-7.152
MOL_03_002399,Cc1nc2cc(N[C@H](O)[NH2+]Cc3ccco3)ccc2o1,-7.151
MOL_03_002964,O[C@H](Nc1ccc(Cl)cc1)c1cc(Cl)ccc1N[C@H](O)c1scc(Cn2cnnn2)c1Cl,-7.151
MOL_03_002589,COc1cc(CC[C@H](O)CO[C@H](O)CCc2ccc(O[C@H](C)O)cc2)ccc1O,-7.149
MOL_03_005569,Cc1cccc(C[C@@H]2[NH2+][C@@H](C)N(c3ccc([C@H](C)O)cc3)[C@H]2O)c1,-7.149
MOL_03_008683,CNc1ccccc1[C@H](O)C[C@H]([NH3+])C(O)O,-7.149
MOL_03_005197,CC(C)C[C@H](N[C@H](O)[C@H](C)[NH2+][C@H]([O-])[C@H](CCCCN[C@@H](N)[NH3+])N[C@H](O)OCc1ccccc1)[C@H](O)C[C@H](O)[NH2+]C1CCCCC1,-7.146
MOL_03_000310,Cc1cc(C)cc(N2[C@H](O)[C@H](CCCc3ccco3)[C@H](O)N[C@@H]2O)c1,-7.145
MOL_03_002413,N#Cc1c(-c2cccc(CN3CC[NH2+]CC3)c2)cc(-c2ccc(F)cc2O)nc1N[C@H](O)c1ccco1,-7.144
MOL_03_004080,CC[C@H](CO)[NH2+]Cc1ccc(-c2ccccc2F)o1,-7.144
MOL_03_004982,CO[C@H](O)c1c(O)cc(O)c(Cl)c1CC[C@H](O)N(O)c1ccccc1,-7.143
MOL_03_000988,OC(O)CCCCC[NH2+][C@H](O)OCC1c2ccccc2-c2ccccc21,-7.143
MOL_03_006556,O[C@@H](NCCc1ccc(Cl)cc1Cl)[NH2+]CCCc1ccccc1,-7.142
MOL_03_001210,COc1ccc(CO[C@H](O)C[N@@H+]2[C@@H]([O-])[NH2+][C@@]3(C[C@@H](C)CC(C)(C)C3)[C@H]2[O-])cc1F,-7.141
MOL_03_009626,Cc1ccccc1CSCC[NH2+][C@H](O)Nc1ccccc1,-7.141
MOL_03_007921,CO[C@H](O)NNCCCc1ccc2c(c1)OCO2,-7.141
MOL_03_000460,ON[C@H]([NH2+]Cc1cccs1)c1cccnc1Oc1cccc(C(F)(F)F)c1,-7.14
MOL_03_006168,CC[NH2+][C@H](O)Nc1sc2ccccc2c1[C@H](O)[NH+]1CCC(N2CCC[C@]3(C2)[C@@H]([O-])[N@H+](CC)[C@@H]([O-])[N@@H+]3C)CC1,-7.139
MOL_03_008290,COCC[C@H](Nc1ncnc2c([C@H](N)O)cccc12)c1cccc(N[C@H](O)c2ccc(F)c(F)c2)c1,-7.139
MOL_03_002074,CO[C@H](O)c1ccc(C[C@H](O)c2ccc(-c3ccncc3)cc2)c(N(O)O)c1,-7.139
MOL_03_006124,OCC1(Cc2ccccc2Cl)CC[NH+](CCCc2ccccc2)CC1,-7.138
MOL_03_005293,Cc1ccc(-c2cc(CC[C@H](O)Nc3ccc(N4CCOCC4)nc3)nn2-c2ccc(Cl)nn2)cc1,-7.137
MOL_03_008024,N[C@@H]([NH3+])c1ccc(C[NH2+][C@H](O)[C@@H]2CCCN2[C@H](O)[C@H]([NH3+])C(c2ccccc2)c2ccccc2)cc1,-7.137
MOL_03_000858,C[C@H](C[C@H](CO)[NH2+][C@H](O)c1ccc(Oc2ccccc2)cc1)[C@H](O)NO,-7.137
MOL_03_004833,COc1ccc(CNOC[C@H](O)N(Cc2ccccc2)c2ccccc2C(O)O)cc1,-7.135
MOL_03_000951,O[C@@H]1C[C@@H]([NH2+]C[C@@H]2CCCO2)[C@@H](O)N1c1ccc(Cl)cc1,-7.134
MOL_03_007042,C#CCO[C@H](O)N1CC[NH+](N(O)NOc2ccc(N(O)O)cc2N(O)O)CC1,-7.133
MOL_03_006779,Cc1ccc(SC[C@H](O)OC[C@H](O)[NH2+][C@H](C)c2ccc(F)cc2)cc1,-7.133
MOL_03_005245,COc1ccc2c(C)cc(N[C@@H]3CCC[C@@H]([NH2+]Cc4cn([C@H](O)N(C)C)c5ccc(Cl)cc45)C3)[nH+]c2c1,-7.133
MOL_03_003828,N#Cc1cccc(N[C@H](O)Nc2ccc3ncnc(Nc4cccc(Cl)c4)c3c2)c1,-7.132
MOL_03_002647,CN(c1cccc(Cl)c1)[C@H](O)c1cc(N2CCC([NH+]3CCCC3)CC2)cc(C(F)(F)F)c1,-7.132
MOL_03_002132,COc1cccc(-c2ccc(O)c(C[NH2+]CC3CCCCC3)c2)n1,-7.13
MOL_03_000532,CCCCCCCCCC[C@@H]1C[N@H+]([C@H]([O-])c2cc(OC)c(OC)c(OC)c2)CC[N@H+]1[C@H]([O-])c1cc(OC)c(OC)c(OC)c1,-7.129
MOL_03_000746,O=c1[n-]c2nccc(Oc3ccc(N[C@H](O)Nc4cc(C(F)(F)F)ccc4F)c(F)c3)c2[nH]c1=O,-7.128
MOL_03_000766,COc1cc([C@@H]2Oc3cc([C@@H]4Oc5cc(O)cc(O)c5[C@@H](O)[C@H]4O)ccc3O[C@H]2CO[C@H](O)c2ccc(N)cc2)ccc1O,-7.125
MOL_03_004046,O[C@H](Nc1ccc2c(c1)OCCO2)[C@H](O)[NH2+]CCc1ccccc1,-7.125
MOL_03_004679,CC(C)[C@H]([NH2+][C@H](O)COc1cccc2ccccc12)[C@H](O)N[C@H](CC(O)O)[C@H](O)COc1ccccc1F,-7.123
MOL_03_001358,COCCn1c(-c2nc(-c3ccc(F)cc3)cnc2N)nc2ccccc21,-7.123
MOL_03_005378,[O-][C@H](c1ccsc1)[NH+]1CCN([C@@H](O)[NH2+]C2CCN(c3ccc([C@H](O)[NH2+]CCN4CCOCC4)cc3)CC2)CC1,-7.121
MOL_03_002311,O[C@H](CC[C@H](O)OC[C@H](O)c1ccc(N(O)O)cc1)Nc1ccccc1Cl,-7.121
MOL_03_006459,COc1ccc(CC[NH+]2CNC(SCc3cccc(Cl)c3)NC2)cc1OC,-7.121
MOL_03_005656,C[C@H](O)[NH2+][C@H](Cc1cc(F)cc(F)c1)[C@H](O)C[NH2+][C@@H]1CC(C)(C)Oc2ccc(OC(F)(F)F)cc21,-7.121
MOL_03_001141,[NH3+][C@@H]1N[C@@H](c2cc(F)cc(F)c2)CO1,-7.12
MOL_03_000312,CCOc1ccccc1[C@H](O)N[C@@]1(C(F)(F)F)[NH2+][C@@H]([O-])[N@H+](CCc2ccc(OC)c(OC)c2)[C@H]1[O-],-7.119
MOL_03_009443,Cc1cccc(N[C@H](O)C[NH+]2CC[NH+]([C@H]([O-])C3CC[NH+]([C@H](O)CCc4ccccc4)CC3)CC2)c1C,-7.117
MOL_03_008152,COc1ccc(C[C@@H]2S[C@@H](Nc3ccc(O)cc3)N[C@H]2O)cc1OC,-7.117
MOL_03_005862,C[C@H](O)[NH2+]Cc1cc(-c2ccc(CCC(O)O)cc2)cc(C23C[C@H]4C[C@@H](C2)C[C@@H](C3)C4)c1O,-7.117
MOL_03_002476,COc1cc2c(cc1N[C@H](O)[C@H](C)O[C@H](O)[C@@H]1C[C@@H]([O-])[N@@H+](Cc3ccco3)C1)oc1ccccc12,-7.117
MOL_03_008828,CC(C)c1cc(-c2n[nH]c(=O)n2-c2ccc(N3CCOCC3)nc2)c(O)cc1O[P+](O)(O)O,-7.117
MOL_03_009375,CC1(C)C[C@@H]2C[C@@](C)(C[N@@H+]2[C@H]([O-])CO[C@H](O)C[NH2+][C@H](O)c2ccc(Cl)c(Cl)c2)C1,-7.115
MOL_03_005191,CCc1ccccc1N[C@H](O)C[NH2+][C@H](O)c1ccccc1OCc1c(C)noc1C,-7.115
MOL_03_004331,O[C@H](NCCC(c1ccccc1)c1ccccc1)c1ccnc2ccccc12,-7.114
MOL_03_000457,C[C@H](O)c1ccc(N[C@H](O)Cn2nc(-c3ccccc3)nc2N)cc1,-7.114
MOL_03_005999,CC(C)(C)O[C@H](O)N1CC[NH+]([C@H](c2ccccc2)[C@H](O)Nc2ccc(Cl)cc2[C@H](O)c2ccccc2)CC1,-7.114
MOL_03_008967,COc1ccc2c(c1)OC[C@@H]1c3cc(O)c(OCc4ccc5ccccc5c4)cc3O[C@H]21,-7.114
MOL_03_002686,[O-][C@@H]([NH2+]C[C@@H](O)c1ccccc1)c1ccc(N2CCC([C@H](O)c3ccccc3OC(F)(F)F)CC2)nn1,-7.112
MOL_03_000124,CC(C)C[C@H]([NH2+]CCN(C)C)c1cc(F)ccc1N1CC[NH+]([C@H]([O-])[C@H](Cc2ccc(Cl)cc2Cl)[N@H+]2CCC[C@H]2O)CC1,-7.112
MOL_03_000990,[O-][C@H]([NH2+]C[C@@H]1CCOC1)c1ccc(N[C@H]([O-])[N@@H+]2Cc3ccncc3C2)nn1,-7.111
MOL_03_003710,Cc1cccc([C@H](O)[NH2+]CCC[NH2+][C@H](O)c2cccc(C)c2)c1,-7.11
MOL_03_001120,Cc1ccc([C@@]2(C)CC[C@@H](C(C)(C)O)O2)cc1O,-7.11
MOL_03_006188,[NH3+]C[C@@H]1C[NH2+]Cc2ccccc21,-7.109
MOL_03_008885,OC(O)c1c(I)cc(I)c(N[C@H](O)COCCOCCOCCOC[C@H](O)Nc2c(I)cc(I)c(C(O)O)c2I)c1I,-7.109
MOL_03_005578,OC(O)c1cc2cc(-c3cncc(NC4C[NH2+]C4)n3)ccc2o1,-7.108
MOL_03_009853,O[C@H](c1ccccc1)c1c([C@H](O)[NH2+][C@H](S)NCc2ccccc2)nn(-c2ccccc2)c1-c1ccccc1,-7.107
MOL_03_009048,COc1cccc(-c2nnc(SC[C@H](O)Nc3cc(C)ccc3OC)n2N)c1,-7.107
MOL_03_006695,Cc1ccc(-c2csc3nnc(SC[C@H](O)Nc4nsc(-c5ccccc5)n4)n23)cc1,-7.107
MOL_03_008401,O[C@H]([NH2+]CCC[NH+]1CCN(CCCNc2cc[nH+]c3cc(Cl)ccc23)CC1)[C@@H]1CCc2ccccc2C1,-7.106
MOL_03_007775,CCO[C@H](O)[C@H](Cc1ccccc1)N[C@H](O)[C@H](CO)[NH2+][C@H](O)[C@H](N[C@H](O)c1cccc(O)c1C)C(C)C,-7.106
MOL_03_009390,Nc1cc(CN2[C@@H](CCc3ccccc3)[C@@H](O)[C@@H](Cc3ccccc3)[N@@H+](Cc3ccc(F)c(N)c3)[C@H]2O)ccc1F,-7.105
MOL_03_002615,C[C@@H]1[NH2+][C@@H](Cc2ccc(Cl)cc2)[C@@H]([O-])[N@H+]1Cc1ccncc1,-7.104
MOL_03_008358,Oc1cc(-c2ccc(C[C@@H]3S[C@@H](S)N(CCc4ccc(Cl)c(Cl)c4)[C@H]3O)o2)ccc1C(O)O,-7.104
MOL_03_001360,[NH3+]N[C@H](c1nc2ccc(Cl)cc2[nH]c1=O)[C@H](O)c1ccc(Cl)c(Cl)c1,-7.102
MOL_03_009007,N[C@@H]([NH3+])c1cccc(-c2cc(-c3ccc([C@@H](N)[NH3+])cc3N(O)O)on2)c1,-7.101
MOL_03_002126,OC[C@@H]1O[C@@H](C[C@H]([C@H](O)[NH2+]CC(O)O)N(CC(O)O)[C@H](O)c2ccccc2)[C@@H](O)[C@@H](O)[C@H]1O,-7.101
MOL_03_000567,Cc1noc(C)c1CC[C@H](O)Nc1cc(Cl)ccc1C(O)O,-7.099
MOL_03_009623,Cc1ccc([C@H](O)N[C@H]([NH3+])Nc2ccc(OCc3ccccc3)cc2)cc1,-7.098
MOL_03_001944,Cc1cc(O)cc(C)c1C[C@H]([NH3+])[C@H](O)N1CCC[C@H]1[C@H](O)[NH2+][C@H](Cc1ccccc1)[C@H](O)NCc1ccccc1,-7.098
MOL_03_005564,CCOc1cc(N[C@H](O)c2ccco2)c(OCC)cc1N[C@H](O)CC[C@H](O)[NH2+]Cc1cccnc1,-7.098
MOL_03_005568,CN(C)c1ccc([C@@H](N[C@H](O)Cc2ccccc2)[NH2+][C@H](O)Cc2ccccc2)cc1,-7.098
MOL_03_007762,COc1cccc(OC[C@@H]2CCC[N@H+]([C@H](O)CCCn3cccn3)C2)c1,-7.097
MOL_03_002081,C[C@H](O)[NH2+][C@H](CCCC[NH3+])[C@H](O)N[C@H](Cc1ccccc1)[C@H]([NH3+])[O-],-7.097
MOL_03_009822,Cc1c(O)ccc([C@H](O)C[NH+]2CC[NH+](Cc3ccc4c(c3)OCO4)CC2)c1O,-7.096
MOL_03_002213,C[C@H](CO)CCn1cnc2c(N)ncnc21,-7.095
MOL_03_009264,c1ccc2c(NCCCn3ccnc3)[nH+]nc(NCCCn3cc[nH+]c3)c2c1,-7.095
MOL_03_002130,[NH3+][C@@H]1Nc2ccc(Oc3ccccc3)cc2CN1CC[C@H](O)[NH2+][C@H]1[C@@H]2C[C@H]3C[C@@H](C2)C[C@@H]1C3,-7.095
MOL_03_002745,CN[C@H](O)[NH2+]CCN1N[C@@H](C)[C@@H](Cc2ccccc2)C[C@H]1O,-7.094
MOL_03_005271,Cc1cnn(C[C@H](C)[NH2+]Cc2csc(-c3cccs3)n2)c1,-7.093
MOL_03_004128,O[C@H](NCc1cccnc1)c1nc2c(s1)CCCN2c1ncccn1,-7.092
MOL_03_008234,Cc1ccc(N[C@H](S)N2N[C@@H](c3ccc(O)cc3)C[C@H]2c2cccs2)cc1,-7.092
MOL_03_009412,COc1ccc(C[C@@H]2S[C@@H](c3ccc([C@H](C)O)cc3)N[C@H]2O)cc1,-7.091
MOL_03_007168,N#Cc1ccccc1-c1cccc(OC[C@H](O)C[N@H+]2CCc3ccccc3C2)c1,-7.09
MOL_03_001407,O=c1[n-]n(CC2CC2)nc1[C@H](O)Nc1cccc(C(F)(F)F)c1,-7.09
MOL_03_002431,Cc1cc2cc(c1)[C@@H]([O-])[NH2+][C@@H]([C@H](O)C[NH2+]Cc1cccc(C(C)C)c1)COCCCC[C@@H](c1ccccc1)[NH2+][C@H]2[O-],-7.089
MOL_03_002690,Cc1ncc2cc(-c3c(Cl)cccc3Cl)c(N[C@H](O)[NH+](C)C)nc2n1,-7.087
MOL_03_005863,CN(C)c1cccc([C@H](O)[NH2+]Cc2cccc(-c3cccc(C[NH+]4CCNCC4)c3)c2)c1,-7.087
MOL_03_004040,COc1cc2ncnc(Nc3ccc(F)c(Cl)c3)c2cc1N[C@H](O)[C@@H](F)CC[NH+]1CCCCC1,-7.083
MOL_03_000331,CO[C@@H]1CCN(c2c(N[C@H](O)c3nc(-c4c(F)cccc4F)sc3N)cnn2C2CC2)CC[C@H]1[NH3+],-7.082
MOL_03_002550,CCO[C@H](O)N1CC[NH+]([C@H]([O-])C[S@@+](O)Cc2nc(-c3cccc(C)c3)oc2C)CC1,-7.082
MOL_03_001902,C[C@H](Nc1cc([C@H]([NH3+])[O-])nc(-c2ccc(Oc3ccc(C(F)(F)F)cn3)cc2)n1)[C@H]([NH3+])O,-7.082
MOL_03_007152,CO[C@H](O)[C@H](Cc1cccc([C@@H](N)[NH3+])c1)[C@H](C)N[C@H](O)c1ccc(-c2ccccc2)cc1,-7.081
MOL_03_004105,[O-][C@H]1c2cccc(N[C@H](O)Nc3cnccn3)c2[C@@H]2CCCC[N@H+]12,-7.081
MOL_03_003419,C[C@H](O)Nc1ccc(N[C@H](O)[C@@H]2CCC[N@H+]2CC[C@H](O)C(F)(F)F)cc1,-7.081
MOL_03_002160,O[C@H]([NH2+]Cc1ccc2c(c1)OCO2)c1ccc2c(c1)OCCO2,-7.081
MOL_03_008235,COc1ccccc1N[C@H](O)CS[C@@H]1Nc2ccccc2[C@@H]2[NH2+][C@@H](Cc3ccccc3)[C@@H]([O-])[N@H+]12,-7.08
MOL_03_004983,C[N@H+]1C[C@@]2(c3cccc(O)c3)CCC[C@@H]1C2,-7.08
MOL_03_006955,[O-][NH2+]N(CC[S@@+](O)CCCl)[C@H](O)[NH2+]C1CCCCC1,-7.079
MOL_03_005367,CC(C)(C)[C@H](O)[NH2+]CCCC[NH+]1CCN(c2cccc(Cl)c2)CC1,-7.078
MOL_03_005957,Nc1ncnc2c1ncn2[C@@H]1C[C@H]1CO,-7.078
MOL_03_003893,N#Cc1cccc([C@H](O)Nc2ccc3nc(N[C@H](O)C4CCCCC4)sc3c2)c1,-7.076
MOL_03_006017,CC(C)CCc1c(O)ccc(CCCc2ccc(O)cc2)c1O,-7.076
MOL_03_003647,O[C@H](Nc1cnc2cccnn12)N1CC[NH+](Cc2cccc(Oc3ccc(Cl)cc3)c2)CC1,-7.075
MOL_03_007725,Nc1oc2c(-c3ccccc3Cl)nccc2c1Nc1ccc(F)c(F)c1,-7.073
MOL_03_000594,C[C@H](O)[NH2+]Cc1ccc(-c2csc(N[C@H]([NH3+])NCC[NH+]3CCCCC3)n2)o1,-7.071
MOL_03_006752,CC(C)c1ccc(C[C@H]([O-])[N@H+]2CC[C@]2(C)[C@H](O)Nc2cccc(C#N)c2)cc1,-7.071
MOL_03_000492,OCC[NH+]1CCN(c2ccc(C(F)(F)F)cc2N(O)O)CC1,-7.07
MOL_03_002750,Cc1ccc(-c2noc([C@H]3C[C@H]([NH2+]CCCO)C3)n2)cc1N[C@H](O)c1cnc2ccccn12,-7.07
MOL_03_001557,Oc1ccc2c(c1)OC[C@@H](Cc1cccc(F)c1)[C@H]2O,-7.07
MOL_03_000175,N#C[C@@H]1C[C@@H](NCC(F)(F)F)CC[C@H]1n1cc([C@H]([NH3+])[O-])c(Nc2ccnc(F)c2)n1,-7.07
MOL_03_009214,Cc1nc(SC[C@H](O)[NH2+]C[C@@H]2CCCO2)c(C#N)c(C)c1C,-7.07
MOL_03_003982,Cc1ccc(SC[C@H](O)OC[C@H](O)[NH2+]C2CCCCCCC2)cc1,-7.068
MOL_03_006716,Fc1cccc(Oc2ccnc3ccsc23)c1,-7.066
MOL_03_008178,O[C@H](COc1ccc(Cl)cc1Cl)NN[C@H](S)N[C@H](O)c1ccco1,-7.065
MOL_03_003512,CC(C)[C@H]1CC[C@H]([C@H](O)[NH2+][C@H](Cc2ccc(OCCn3ccc4ccccc43)cc2)C(O)O)CC1,-7.062
MOL_03_004155,O[C@@H]1c2ccc3c4c(ccc(c24)[C@@H](O)N1N[C@H](O)C(F)(F)F)CC3,-7.06
MOL_03_003913,OC(O)CC[C@@]1(c2ccccc2)C[C@@H](O)[C@@H](SCCc2ccccc2)[C@@H](O)O1,-7.057
MOL_03_001545,CO[C@H](O)c1cccc(-c2ccc(CNN3[C@H](O)[C@@H]4[C@@H]5CC[C@@H]([C@@H]6C[C@@H]65)[C@@H]4[C@@H]3O)o2)c1,-7.057
MOL_03_001864,COc1cc(CNN[C@H]([S-])[NH2+][C@@H]2C[C@H]3CC[C@@H]2C3)ccc1O,-7.055
MOL_03_009061,[O-][C@@H]1c2ccccc2[C@@H]([O-])[NH+]1CCCCCCCCCCOc1cc(Cl)c(Cl)cc1N(O)O,-7.054
MOL_03_005550,OC(O)[C@H](CC1CCC1)[N@H+]1C[C@@H](C[NH+]2CCC(CCCc3ccc(F)cc3)CC2)[C@@H](c2cccc(F)c2)C1,-7.054
MOL_03_006409,C[C@H](O)N1CCO[C@@H](c2cncc(CC[C@H]([NH3+])O)n2)C1,-7.054
MOL_03_007520,CCN(c1ccc(OC)c2nc(N[C@H](O)c3ccc([C@H]([O-])[N@H+](C)CCOC)cc3)sc12)[C@H](C)O,-7.052
MOL_03_003385,O[C@H](CO[C@H](O)CC[C@H](O)c1cccs1)Nc1ccc(F)c(F)c1F,-7.051
MOL_03_005395,N#C[C@@H]1C[C@@H](NCC(F)(F)F)CC[C@H]1n1cc([C@H]([NH3+])O)c(Nc2ccc(Cl)cc2)n1,-7.048
MOL_03_005102,[NH3+][C@H](Cc1cc(F)c(F)cc1F)C[C@H](O)N1CCS[C@H]1[C@H]([O-])[NH2+]CC(O)O,-7.046
MOL_03_006362,[NH3+][C@H](Cc1cc(O)c(O)cc1O)C(O)O,-7.044
MOL_03_008327,C[NH2+][C@H](O)[C@@H]1[C@@H](O)[C@@]2(O)c3c(OC)cc(OC)cc3O[C@@]2(c2ccc(OC)cc2)[C@H]1c1ccccc1,-7.043
MOL_03_006578,Cc1cc(N2CCC(O)CC2)nc(C)[nH+]1,-7.042
MOL_03_004768,CCn1cc([C@H](C)[NH2+][C@H](O)Nc2ccccc2[C@H](O)OC)c(C)n1,-7.041
MOL_03_006231,O[C@H](Nc1cccc(-c2cnc3c(N[C@H](O)c4ccc(F)c(C(F)(F)F)c4)nccn23)c1)Nc1ccc(Cl)c(C(F)(F)F)c1,-7.041
MOL_03_001114,COc1cc2c(cc1OC)[C@@H](O)[C@@H]([C@H](O)OC[C@@H]1CC[N@H+]1Cc1ccccc1)C2,-7.041
MOL_03_008166,O[C@H]([NH2+]C[C@@H]1CCC[N@H+](Cc2nccs2)C1)c1cccc2ccccc12,-7.04
MOL_03_007904,O=c1[nH]nc2c(NCCCc3ccncc3)cc(Cl)cn12,-7.04
MOL_03_006760,[NH3+][C@@H]1[C@@H](c2nc3ccccc3s2)[C@@H](O)CN1[C@H]1CC[C@H](O)CC1,-7.04
MOL_03_006249,C[NH2+][C@H](O)[C@H]1[C@H](c2ccccc2)c2ccccc2[C@@H]1O,-7.039
MOL_03_005429,COc1ccc(-n2nc(-c3nncn3CCC[NH+](C)C)c3c2[C@@H](O)N(c2ccc(N4CCCC[C@H]4O)cc2)CC3)cc1,-7.038
MOL_03_008333,OC(O)[C@@H](Cc1ccccc1)N[C@@H](O)OCC1c2ccccc2-c2ccccc21,-7.038
MOL_03_001548,Cc1cc(N2CCC([NH2+][C@H](O)CCc3ccco3)CC2)nc(C)[nH+]1,-7.037
MOL_03_001632,Cc1ccc([C@H](O)N(Cc2ccc([C@H](O)NO)cc2)C[C@H](O)[NH2+]C2CCCCC2)cc1C,-7.037
MOL_03_006421,CCn1ncc([C@@H]2C[C@@H]([C@H](O)[NH2+]Cc3ccc(Cl)cc3)ON2)c1C,-7.037
MOL_03_008414,CC[C@H](O)[NH2+]CCCC[C@H](N[C@H](O)OCc1ccccc1)[C@H]([O-])[NH+]1CCCC1,-7.036
MOL_03_006145,COc1ccc(N[C@H](O)CCc2nc(Cc3ccc(N[C@H](C)O)cc3)no2)cc1F,-7.036
MOL_03_009308,CC(C)C[C@H]([NH2+][C@H]([O-])[C@H](Cc1ccc(O[P+](O)(O)O)cc1)N[C@H](C)O)[C@H]([O-])[N@H+]1CCC[C@H]1[C@H](O)Nc1cccc([C@H]([NH3+])O)c1,-7.035
MOL_03_007966,CCc1cc(-n2ncc(-n3cnc(C(F)(F)F)c3)c2[O-])ncn1,-7.035
MOL_03_004229,ON[C@@H]1c2c(ccc3c2[C@@H](CC(O)O)Oc2ccccc2-3)N(Cc2ccc(C(F)(F)F)cc2)[C@H]1O,-7.031
MOL_03_006698,Oc1ccc2c3c1O[C@@H]1[C@@H](N[C@H](O)c4cnc5ccccc5c4)CC[C@]4(O)[C@H](C2)[N@H+](CC2CC2)CC[C@@]314,-7.03
MOL_03_009291,OC(O)[C@@H](Cc1ccc(OCCc2ccccc2)cc1)N[C@@H](O)c1ccccc1,-7.03
MOL_03_003222,O[C@@H]1CC[C@]2(CCCN([C@H](O)Cc3ccccn3)C2)[NH2+]1,-7.03
MOL_03_008772,COc1ccc2nccc(N(C)C[C@]3(O)CC[C@H]([NH2+]Cc4ccc5c(n4)N[C@@H](O)CS5)CC3)c2n1,-7.03
MOL_03_007405,CC1(C)C[C@]12[NH2+][C@@H](O)N(c1ccc(N(O)O)cc1)[C@H]2O,-7.029
MOL_03_001943,ON[C@H](O)CCCCC[C@H](N[C@H](O)CCc1cccc(OCCCc2ccccc2)c1)[C@H](O)Nc1cccc2cccnc12,-7.029
MOL_03_002633,CNc1ncnc2c1ncn2[C@@H]1C[C@H]2O[P+](O)(O)O[P+](O)(O)OC[C@H]2O1,-7.029
MOL_03_000008,Cc1cc(-c2ccc(F)c(C[NH2+][C@H](CO)C(C)C)n2)cnc1N1CCOCC1,-7.029
MOL_03_001961,[NH3+][C@H](O)[C@@H]1CCCN1[C@H](O)[C@H](Cc1nc(I)n(Cc2ccccc2)c1I)[NH2+][C@H]([O-])c1cnccn1,-7.027
MOL_03_000086,Cn1nnnc1SCc1cc(N(O)O)cc(N(O)O)c1,-7.026
MOL_03_005018,CC[NH+](CC)[C@H]([O-])[C@@H]1CCC[N@H+]([C@H](O)Nc2ccc3nsnc3c2)C1,-7.025
MOL_03_002376,O[C@H](COc1cccc2ccc(N3CCOCC3)nc12)C[N@H+]1CCc2ccccc2C1,-7.025
MOL_03_005843,O[C@H](c1cccc(OCc2ccc3ccccc3c2)c1)c1nccs1,-7.025
MOL_03_006457,COc1ccccc1[C@H](O)[NH2+]C[C@H](O)NN[C@H](O)[C@@H]1COc2ccccc2O1,-7.024
MOL_03_009544,[NH3+][C@H](O)[C@@H]1CC[C@@H](O)N1Cc1ccccc1Cl,-7.024
MOL_03_007519,N#Cc1ccccc1-c1ccc(O)cc1,-7.023
MOL_03_000740,COc1cc(OC)cc(-c2cc(C[NH3+])nc3ccnn23)c1,-7.023
MOL_03_005652,CCO[C@H](O)[C@H]1[C@H](CO[C@H](O)Cc2ccccc2N(O)O)[NH2+][C@H](O)N[C@@H]1C,-7.022
MOL_03_004306,[O-][C@H](c1ccc(F)c(Cl)c1)[NH+]1CCC(F)(C[NH2+]Cc2ncc(Cl)cn2)CC1,-7.019
MOL_03_000803,O[C@@H]1N[C@@H](O)[C@@H](Cc2ccc(OCCc3csc(-c4ccccc4)n3)cc2)S1,-7.019
MOL_03_003011,Nc1cc(-c2cccc3ccnn23)ccn1,-7.019
MOL_03_005861,CC(C)Oc1cc(N[C@H](O)N2CCCc3cc(C4CC[NH2+]CC4)c(CO)nc32)ncc1C#N,-7.017
MOL_03_004614,COc1cc(CC[C@@H]([O-])[NH+]2CC[NH+]([C@@H]([O-])CCc3cc(OC)c(OC)c(OC)c3)CC2)cc(OC)c1OC,-7.016
MOL_03_008448,[O-][C@@H]([C@H](N[C@@H](O)OCc1ccccc1)[C@@H]1CC[C@@H](O[C@H](O)c2ccc(N(O)O)cc2)C1)[NH+]1CCCC1,-7.015
MOL_03_006425,O[C@H](CCc1ccnc2ccccc12)c1ccc(F)c(F)c1,-7.013
MOL_03_006265,Cc1cccc([C@H](O)Nc2cccc(Oc3cccnc3)n2)[nH+]1,-7.012
MOL_03_005804,Cc1ccsc1[C@H]([O-])[N@H+]1CCC[C@@H](CC[C@H](O)[NH2+]Cc2ccccc2F)C1,-7.012
MOL_03_007462,COCCN(Cc1ccncc1)[C@H](O)CCSCc1ccc(F)cc1,-7.012
MOL_03_006169,Cc1cccc([C@@H]2[C@H]3[C@H]([C@H]([O-])[N@@H+](Cc4ccccc4)[C@@H]3[O-])[C@@]3(C)[C@@H](O)N(c4cccc(Cl)c4)[C@@H]([O-])[N@@H+]23)c1,-7.01
MOL_03_008083,[O-][C@H]1N(Cc2ccc3c(c2)OCO3)[C@H](O)[N@@H+]1Cc1ccc2c(c1)OCO2,-7.01
MOL_03_005433,CCc1c(C)sc2ncnc(N3CCC(COCC[C@@H]4CCCC[N@H+]4C)CC3)c12,-7.01
MOL_03_009218,OC(O)c1ccc(-n2cc(CNNc3ccc(Cl)cc3Cl)c(-c3ccc(F)cc3F)n2)cc1,-7.01
MOL_03_000790,COc1ccccc1N[C@H](O)Cn1nnc([C@H]([O-])[NH2+]Cc2cccs2)c1N,-7.008
MOL_03_002066,CC(C)(C)O[C@H](O)N[C@H](Cc1ccccc1)[C@H](O)C[C@H](Cc1ccccc1)[C@H](O)[NH2+][C@@H]1c2ccccc2C[C@H]1O,-7.007
MOL_03_004050,Oc1cccc(CNNC(S)NNCc2cccc(O)c2O)c1O,-7.006
MOL_03_003334,[NH3+][C@H](O)[C@@H]1CCC[N@H+]([C@H]([O-])c2ccc3cc(Oc4ccc(C(F)(F)F)cn4)ccc3n2)C1,-7.004
MOL_03_005876,CC(C)(C)[NH2+][C@H](O)[C@H](O)NNC1CCCCCCC1,-7.003
MOL_03_008843,Cc1cc(Cl)ccc1Oc1ccc(C(F)(F)F)cc1[C@H](O)Nc1ccc(C(O)O)[nH+]c1,-7.002
MOL_03_005436,C[C@H](O)SC[C@H](Cc1ccccc1)[C@H](O)[NH2+]C[C@H](O)OCc1ccccc1,-7.001
MOL_03_004487,C[C@H](NN[C@H](S)Nc1c(Cl)cccc1Cl)c1cccc[nH+]1,-7
MOL_03_005288,COc1cccc(CCc2c(C(O)O)[nH]c(=O)[nH]c2=O)c1,-6.999
MOL_03_004149,OC(O)c1ccc2ccc3ccccc3c2c1,-6.998
MOL_03_007128,CC[C@H](C)[C@H](S)[C@H](O)[NH2+]C1([C@H](O)N[C@H](Cc2ccc(-c3ccccc3)cc2)C(O)O)CCCC1,-6.998
MOL_03_006032,O[C@H](Nc1ccc2oc(-c3ccccc3)nc2c1)c1ccc(F)cc1,-6.998
MOL_03_001126,CC[NH2+][C@H](O)[C@@]1(C)CCC[N@@H+](Cc2cc3ccccc3o2)C1,-6.997
MOL_03_005103,[O-][C@H](c1cccc(COc2ccc(-c3cc(F)c(F)c4c3OCC4)cc2)c1)[N@@H+]1CCC[C@H]1C(O)O,-6.997
MOL_03_003208,Cc1cc(COc2ccc([C@H](O)NC3(C[C@H](O)NO)CC[NH+]([C@H]([O-])N(C)C)CC3)cc2)c2ccccc2n1,-6.997
MOL_03_009403,COc1cccc(-c2c[nH+]c3c(N[C@H](C)O)cc(-c4ccsc4)cn23)c1,-6.996
MOL_03_006075,CCCNc1nc(N)c2[nH]c(=O)n(Cc3ccccc3)c2[nH+]1,-6.996
MOL_03_003050,CON[C@H]([NH3+])c1ccc(CN[C@H](O)[C@@H]2CC[N@H+]2[C@H]([O-])[C@H](O)c2cc(Cl)cc(OC(F)F)c2)cc1,-6.995
MOL_03_009656,CC(C)SCc1ccc(C[C@@H](C)[NH2+]C[C@H](O)c2cccc(Cl)c2)cc1,-6.995
MOL_03_000705,CO[C@H](O)c1sccc1N[C@H](O)CCc1ccc(O)c(O)c1,-6.995
MOL_03_009798,CN([C@H](O)C[C@H]([NH3+])C[C@H](O)CC[NH3+])[C@@H]1CN[C@@H](N[C@H]([NH3+])O)N[C@H]1O,-6.995
MOL_03_009741,C[NH+](C)[C@H](O)CN1c2cccc3cccc(c23)[C@H]1O,-6.994
MOL_03_003835,C[N@@H+](CCCc1cccc(Cl)c1)Cc1ccc2c(c1)OCO2,-6.994
MOL_03_003737,O[C@@H]1[C@@H]([NH2+]Cc2nnc3n2CCCC3)CCN1c1ccccc1F,-6.994
MOL_03_004317,COCC[C@H](O)[N@H+]1CCC[C@@H](c2nc(-c3ccncc3)cc(=O)[nH]2)C1,-6.994
MOL_03_005576,CC(C)c1cccc(C(C)(C)N[C@H](O)[NH+]2CCCC2)c1,-6.993
MOL_03_009387,OCc1ccc(N[C@@H]2CC[N@H+](Cc3ccccc3OC(F)(F)F)C2)cc1N(O)O,-6.992
MOL_03_009073,COc1ccccc1[C@H](C)N[C@H](O)[NH2+]CC[C@H](O)[NH2+]C1CCCCC1,-6.992
MOL_03_004104,COc1ccccc1N[C@H](O)[NH2+]CCCNc1cc[nH+]c2cc(Cl)ccc12,-6.991
MOL_03_001552,OC(O)CCc1cccc([C@@H]2CCC[N@H+]2Cc2ccc(F)c(F)c2)n1,-6.991
MOL_03_008124,Cc1cc(O)c([C@H](O)CCc2ccccc2Cl)c(C)c1Cl,-6.991
MOL_03_003682,COc1ccc2c(c1)CCN2CCCn1cc(N[C@H](O)c2ncoc2-c2cccc(C)c2)cn1,-6.99
MOL_03_002854,C[C@H](Cc1ccc(Cl)cc1)[NH2+][C@H](S)Nc1ccc(F)c(Cl)c1,-6.99
MOL_03_009022,O=c1[nH]c(Cc2ccccc2)c([O-])[nH+]c1Cc1ccc(OCC(O)O)cc1,-6.99
MOL_03_009856,Nc1ncnn2ccc([C@H](O)Nc3cccc(C[NH2+][C@H](O)Nc4ccc(C(F)(F)F)cc4)c3)c12,-6.989
MOL_03_002920,Cc1ccc(OCCCCCCC(O)O)c([C@H](O)c2ccc(-n3ccnc3)cc2)c1,-6.988
MOL_03_003725,CCCCCCCCc1cc(N[C@H](CC(C)C)[C@H](O)[NH2+]CCCOCC)nc(-n2ccnc2)n1,-6.986
MOL_03_004653,COc1cc(CC[C@H](O)OC[C@H]([NH3+])O)cc(OC)c1OC,-6.986
MOL_03_003041,C[C@@H]1C[N@H+](C)[C@@H](C)c2c1oc1ccc(N(O)O)cc21,-6.986
MOL_03_002454,C[C@H](N[C@H](O)OCc1ccccc1)[C@H](O)[NH2+][C@H](C)[C@H](O)NN(C[C@H]([NH3+])O)[C@H](O)CCl,-6.985
MOL_03_006520,Oc1ccccc1C[NH2+]N[C@H](O)CCCN1[C@H](O)c2ccccc2[C@@H]1O,-6.984
MOL_03_009687,CC[C@@H]1N[C@@H]([NH3+])N[C@@H]([NH3+])N1c1ccc(Cl)cc1,-6.982
MOL_03_001695,Cc1cc(O)c2c(c1F)[C@@H](O)CC[C@H]2O,-6.981
MOL_03_007814,COc1cccc(C[C@H](C)[NH2+]C[C@H](O)c2cc(O)cc(O)c2)c1,-6.98
MOL_03_006479,C[C@@H]1N[C@@H](O)[NH2+][C@@H](c2ccc(N(O)O)cc2)[C@H]1[C@H](O)OC1CCCCC1,-6.98
MOL_03_001379,CC(C)C[C@H]([NH2+][C@H]([O-])CC[NH+](C)C)c1cc(Cl)ccc1N1CC[NH+]([C@H]([O-])[C@@H]2CCO[C@H]2c2ccc(Cl)cc2)CC1,-6.98
MOL_03_004336,N#Cc1ccccc1N[C@H](O)C[NH+]1CCN(Cc2ccccc2)CC1,-6.98
MOL_03_007304,N[C@@H]([NH3+])SCc1cc(Cl)cc(Cl)c1O,-6.979
MOL_03_002478,Nc1nc2c(ncn2Cc2cccc(OC[P+](O)(O)O)c2)c(=O)[nH]1,-6.979
MOL_03_006892,Nc1c([C@H](O)Nc2cccc(F)c2)sc2nc3c(cc12)[C@@H](O)CCC3,-6.978
MOL_03_009664,O=c1cc(NCC[NH2+]Cc2cccc(-c3ccccc3)c2)[nH]c2ccccc12,-6.978
MOL_03_008993,CC(C)[NH2+][C@H](O)c1cccc2c1-c1ccccc1[C@H]2O,-6.978
MOL_03_007057,O[C@H](Nc1ccc(N(O)O)cc1)c1cn(-c2ccccc2)nc1-c1cc2ccccc2o1,-6.976
MOL_03_000001,Cc1cc(N[C@H](Cc2ccccc2)[C@H](O)Nc2ccccc2)nc(Nc2ccccc2)n1,-6.975
MOL_03_005423,Cn1c(Nc2c(Cl)ccc(C[NH2+][C@H](O)C(C)(C)C)c2Cl)[nH+]c2cc([C@H](O)NCC(F)(F)F)c(N3CCC(C(F)(F)F)CC3)cc21,-6.975
MOL_03_008020,COc1ncccc1-c1cccc(-c2nc(N3CCC[C@@H](N[C@H](O)OC)C3)c3ccncc3n2)c1,-6.975
MOL_03_008079,COc1ccc([C@H]([C@H](O)[NH2+]C2CCCC2)N2CCc3ccccc32)cc1,-6.975
MOL_03_006911,CC(C)Oc1ccc(-c2nc(-c3cccc4c3CC[C@H]4[NH2+]C[C@H]([O-])[N@H+]3CC[C@@H](O)C3)no2)cc1C#N,-6.974
MOL_03_000533,Nc1ncnc2c1ncn2CCOC[P@@+]1(O)OCC[C@@H](c2cccc(Cl)c2Cl)O1,-6.973
MOL_03_005427,Nc1oc(-c2ccc(CO)o2)nc1[C@H]([NH3+])[O-],-6.972
MOL_03_000904,O[C@H](Nc1ccc(N2CCOCC2)cc1)c1ccc(Cl)nc1,-6.972
MOL_03_001820,Nc1nc2c([C@H]([NH3+])[O-])nnn2c2ccc(Cl)cc12,-6.971
MOL_03_002847,[NH3+]C[C@@H]1C[C@@H](O[C@@H]2O[C@@H](C[NH3+])[C@@H](O)[C@@H](O)[C@H]2[NH3+])[C@@H]([NH3+])CCN1,-6.969
MOL_03_004966,O[C@@H]1N[C@@H](c2ccc(F)c(F)c2)[C@@H]([C@H](O)[NH2+]CCC[NH+]2CCC(c3ccc(F)cc3)CC2)[C@@H](C(F)(F)F)N1,-6.968
MOL_03_007206,CN(C)c1ccc(-c2cc(C3CC3)c3c(N)ncnc3n2)cc1,-6.968
MOL_03_005563,C[C@H](O)Oc1ccc(CC[C@@H]2CCC[C@@H](CCc3ccc(O[C@H](C)O)cc3)[NH2+]2)cc1,-6.967
MOL_03_002403,C[NH+]1CCN(c2nc3ccccc3c(CO)c2CO)CC1,-6.967
MOL_03_007778,[O-][C@@H]([NH2+]CCN[C@H](O)[NH2+]CCCOc1cccc(C[NH+]2CCCCC2)c1)c1ccccc1,-6.967
MOL_03_008977,[NH3+]CCCCCOc1ccc(C[C@H](N[C@H](O)OCc2ccccc2)C(O)O)cc1,-6.965
MOL_03_000198,CO[C@H](O)Nc1cccc(CNc2cc(C(F)(F)F)cc3ncc(N4CC[NH+](C)CC4)cc23)c1,-6.965
MOL_03_003990,CCC[C@H](O[C@H](O)CN1c2ccccc2OC[C@H]1O)[C@H]([O-])[NH2+]C1CCCC1,-6.964
